solid OpenSCAD_Model
  facet normal 0.896435 -0.443175 0
    outer loop
      vertex 169.099 1.65 1.5
      vertex 169.186 1.82598 -3.5
      vertex 169.186 1.82598 1.5
    endloop
  endfacet
  facet normal 0.896435 -0.443175 0
    outer loop
      vertex 169.186 1.82598 -3.5
      vertex 169.099 1.65 1.5
      vertex 169.099 1.65 -3.5
    endloop
  endfacet
  facet normal 0.896455 0.443134 0
    outer loop
      vertex 169.186 73.774 1.5
      vertex 169.099 73.95 -3.5
      vertex 169.099 73.95 1.5
    endloop
  endfacet
  facet normal 0.896455 0.443134 0
    outer loop
      vertex 169.099 73.95 -3.5
      vertex 169.186 73.774 1.5
      vertex 169.186 73.774 -3.5
    endloop
  endfacet
  facet normal 0.555877 0.831265 -0
    outer loop
      vertex 168.713 74.39 -3.5
      vertex 168.55 74.499 1.5
      vertex 168.713 74.39 1.5
    endloop
  endfacet
  facet normal 0.555877 0.831265 0
    outer loop
      vertex 168.55 74.499 1.5
      vertex 168.713 74.39 -3.5
      vertex 168.55 74.499 -3.5
    endloop
  endfacet
  facet normal 0.997803 -0.0662518 0
    outer loop
      vertex 169.287 2.20421 1.5
      vertex 169.3 2.4 -3.5
      vertex 169.3 2.4 1.5
    endloop
  endfacet
  facet normal 0.997803 -0.0662518 0
    outer loop
      vertex 169.3 2.4 -3.5
      vertex 169.287 2.20421 1.5
      vertex 169.287 2.20421 -3.5
    endloop
  endfacet
  facet normal 0 -1 0
    outer loop
      vertex 124.6 0.9 -3.5
      vertex 167.8 0.9 1.5
      vertex 124.6 0.9 1.5
    endloop
  endfacet
  facet normal 0 -1 -0
    outer loop
      vertex 167.8 0.9 1.5
      vertex 124.6 0.9 -3.5
      vertex 167.8 0.9 -3.5
    endloop
  endfacet
  facet normal 0.65813 -0.752904 0
    outer loop
      vertex 168.713 1.20997 -3.5
      vertex 168.861 1.33934 1.5
      vertex 168.713 1.20997 1.5
    endloop
  endfacet
  facet normal 0.65813 -0.752904 0
    outer loop
      vertex 168.861 1.33934 1.5
      vertex 168.713 1.20997 -3.5
      vertex 168.861 1.33934 -3.5
    endloop
  endfacet
  facet normal -0.195625 0.980679 0
    outer loop
      vertex 124.404 74.6872 -3.5
      vertex 124.212 74.6489 1.5
      vertex 124.404 74.6872 1.5
    endloop
  endfacet
  facet normal -0.195625 0.980679 0
    outer loop
      vertex 124.212 74.6489 1.5
      vertex 124.404 74.6872 -3.5
      vertex 124.212 74.6489 -3.5
    endloop
  endfacet
  facet normal 0 1 -0
    outer loop
      vertex 167.8 74.7 -3.5
      vertex 124.6 74.7 1.5
      vertex 167.8 74.7 1.5
    endloop
  endfacet
  facet normal 0 1 0
    outer loop
      vertex 124.6 74.7 1.5
      vertex 167.8 74.7 -3.5
      vertex 124.6 74.7 -3.5
    endloop
  endfacet
  facet normal -0.321264 0.94699 0
    outer loop
      vertex 124.212 74.6489 -3.5
      vertex 124.026 74.5858 1.5
      vertex 124.212 74.6489 1.5
    endloop
  endfacet
  facet normal -0.321264 0.94699 0
    outer loop
      vertex 124.026 74.5858 1.5
      vertex 124.212 74.6489 -3.5
      vertex 124.026 74.5858 -3.5
    endloop
  endfacet
  facet normal -0.442315 0.89686 0
    outer loop
      vertex 124.026 74.5858 -3.5
      vertex 123.85 74.499 1.5
      vertex 124.026 74.5858 1.5
    endloop
  endfacet
  facet normal -0.442315 0.89686 0
    outer loop
      vertex 123.85 74.499 1.5
      vertex 124.026 74.5858 -3.5
      vertex 123.85 74.499 -3.5
    endloop
  endfacet
  facet normal 0.981056 -0.193723 0
    outer loop
      vertex 169.249 2.01177 1.5
      vertex 169.287 2.20421 -3.5
      vertex 169.287 2.20421 1.5
    endloop
  endfacet
  facet normal 0.981056 -0.193723 0
    outer loop
      vertex 169.287 2.20421 -3.5
      vertex 169.249 2.01177 1.5
      vertex 169.249 2.01177 -3.5
    endloop
  endfacet
  facet normal -1 0 0
    outer loop
      vertex 123.1 2.4 -3.5
      vertex 123.1 73.2 1.5
      vertex 123.1 73.2 -3.5
    endloop
  endfacet
  facet normal -1 -0 0
    outer loop
      vertex 123.1 73.2 1.5
      vertex 123.1 2.4 -3.5
      vertex 123.1 2.4 1.5
    endloop
  endfacet
  facet normal -0.195522 -0.980699 0
    outer loop
      vertex 124.212 0.951112 -3.5
      vertex 124.404 0.912833 1.5
      vertex 124.212 0.951112 1.5
    endloop
  endfacet
  facet normal -0.195522 -0.980699 -0
    outer loop
      vertex 124.404 0.912833 1.5
      vertex 124.212 0.951112 -3.5
      vertex 124.404 0.912833 -3.5
    endloop
  endfacet
  facet normal 0 0 -1
    outer loop
      vertex 167.8 0.9 -3.5
      vertex 169.3 2.4 -3.5
      vertex 169.287 2.20421 -3.5
    endloop
  endfacet
  facet normal 0 0 -1
    outer loop
      vertex 169.3 2.4 -3.5
      vertex 123.1 2.4 -3.5
      vertex 169.3 73.2 -3.5
    endloop
  endfacet
  facet normal 0 0 -1
    outer loop
      vertex 167.8 0.9 -3.5
      vertex 169.287 2.20421 -3.5
      vertex 169.249 2.01177 -3.5
    endloop
  endfacet
  facet normal 0 0 -1
    outer loop
      vertex 123.1 73.2 -3.5
      vertex 169.3 73.2 -3.5
      vertex 123.1 2.4 -3.5
    endloop
  endfacet
  facet normal 0 0 -1
    outer loop
      vertex 167.8 0.9 -3.5
      vertex 169.249 2.01177 -3.5
      vertex 169.186 1.82598 -3.5
    endloop
  endfacet
  facet normal 0 -0 -1
    outer loop
      vertex 167.8 74.7 -3.5
      vertex 169.3 73.2 -3.5
      vertex 123.1 73.2 -3.5
    endloop
  endfacet
  facet normal 0 0 -1
    outer loop
      vertex 167.8 0.9 -3.5
      vertex 169.186 1.82598 -3.5
      vertex 169.099 1.65 -3.5
    endloop
  endfacet
  facet normal -0 0 -1
    outer loop
      vertex 169.3 2.4 -3.5
      vertex 167.8 0.9 -3.5
      vertex 123.1 2.4 -3.5
    endloop
  endfacet
  facet normal 0 0 -1
    outer loop
      vertex 167.8 0.9 -3.5
      vertex 169.099 1.65 -3.5
      vertex 168.99 1.48686 -3.5
    endloop
  endfacet
  facet normal 0 0 -1
    outer loop
      vertex 169.3 73.2 -3.5
      vertex 167.8 74.7 -3.5
      vertex 169.287 73.3958 -3.5
    endloop
  endfacet
  facet normal 0 0 -1
    outer loop
      vertex 167.8 0.9 -3.5
      vertex 168.99 1.48686 -3.5
      vertex 168.861 1.33934 -3.5
    endloop
  endfacet
  facet normal 0 0 -1
    outer loop
      vertex 169.186 73.774 -3.5
      vertex 167.8 74.7 -3.5
      vertex 169.099 73.95 -3.5
    endloop
  endfacet
  facet normal 0 0 -1
    outer loop
      vertex 167.8 0.9 -3.5
      vertex 168.861 1.33934 -3.5
      vertex 168.713 1.20997 -3.5
    endloop
  endfacet
  facet normal 0 0 -1
    outer loop
      vertex 169.099 73.95 -3.5
      vertex 167.8 74.7 -3.5
      vertex 168.99 74.1131 -3.5
    endloop
  endfacet
  facet normal 0 0 -1
    outer loop
      vertex 167.8 0.9 -3.5
      vertex 168.713 1.20997 -3.5
      vertex 168.55 1.10096 -3.5
    endloop
  endfacet
  facet normal 0 0 -1
    outer loop
      vertex 168.99 74.1131 -3.5
      vertex 167.8 74.7 -3.5
      vertex 168.861 74.2607 -3.5
    endloop
  endfacet
  facet normal 0 0 -1
    outer loop
      vertex 167.8 0.9 -3.5
      vertex 168.55 1.10096 -3.5
      vertex 168.374 1.01418 -3.5
    endloop
  endfacet
  facet normal 0 0 -1
    outer loop
      vertex 168.861 74.2607 -3.5
      vertex 167.8 74.7 -3.5
      vertex 168.713 74.39 -3.5
    endloop
  endfacet
  facet normal 0 0 -1
    outer loop
      vertex 167.8 0.9 -3.5
      vertex 168.374 1.01418 -3.5
      vertex 168.188 0.951112 -3.5
    endloop
  endfacet
  facet normal 0 0 -1
    outer loop
      vertex 168.713 74.39 -3.5
      vertex 167.8 74.7 -3.5
      vertex 168.55 74.499 -3.5
    endloop
  endfacet
  facet normal 0 0 -1
    outer loop
      vertex 167.8 0.9 -3.5
      vertex 168.188 0.951112 -3.5
      vertex 167.996 0.912833 -3.5
    endloop
  endfacet
  facet normal 0 0 -1
    outer loop
      vertex 168.55 74.499 -3.5
      vertex 167.8 74.7 -3.5
      vertex 168.374 74.5858 -3.5
    endloop
  endfacet
  facet normal 0 0 -1
    outer loop
      vertex 168.374 74.5858 -3.5
      vertex 167.8 74.7 -3.5
      vertex 168.188 74.6489 -3.5
    endloop
  endfacet
  facet normal 0 0 -1
    outer loop
      vertex 168.188 74.6489 -3.5
      vertex 167.8 74.7 -3.5
      vertex 167.996 74.6872 -3.5
    endloop
  endfacet
  facet normal 0 0 -1
    outer loop
      vertex 123.1 2.4 -3.5
      vertex 167.8 0.9 -3.5
      vertex 124.6 0.9 -3.5
    endloop
  endfacet
  facet normal 0 0 -1
    outer loop
      vertex 169.287 73.3958 -3.5
      vertex 167.8 74.7 -3.5
      vertex 169.249 73.5882 -3.5
    endloop
  endfacet
  facet normal 0 0 -1
    outer loop
      vertex 123.1 2.4 -3.5
      vertex 124.6 0.9 -3.5
      vertex 124.404 0.912833 -3.5
    endloop
  endfacet
  facet normal 0 0 -1
    outer loop
      vertex 169.249 73.5882 -3.5
      vertex 167.8 74.7 -3.5
      vertex 169.186 73.774 -3.5
    endloop
  endfacet
  facet normal 0 0 -1
    outer loop
      vertex 123.1 2.4 -3.5
      vertex 124.404 0.912833 -3.5
      vertex 124.212 0.951112 -3.5
    endloop
  endfacet
  facet normal -0 0 -1
    outer loop
      vertex 167.8 74.7 -3.5
      vertex 123.1 73.2 -3.5
      vertex 124.6 74.7 -3.5
    endloop
  endfacet
  facet normal 0 0 -1
    outer loop
      vertex 123.1 2.4 -3.5
      vertex 124.212 0.951112 -3.5
      vertex 124.026 1.01418 -3.5
    endloop
  endfacet
  facet normal 0 0 -1
    outer loop
      vertex 124.6 74.7 -3.5
      vertex 123.1 73.2 -3.5
      vertex 124.404 74.6872 -3.5
    endloop
  endfacet
  facet normal 0 0 -1
    outer loop
      vertex 123.1 2.4 -3.5
      vertex 124.026 1.01418 -3.5
      vertex 123.85 1.10096 -3.5
    endloop
  endfacet
  facet normal 0 0 -1
    outer loop
      vertex 124.404 74.6872 -3.5
      vertex 123.1 73.2 -3.5
      vertex 124.212 74.6489 -3.5
    endloop
  endfacet
  facet normal 0 0 -1
    outer loop
      vertex 123.1 2.4 -3.5
      vertex 123.85 1.10096 -3.5
      vertex 123.687 1.20997 -3.5
    endloop
  endfacet
  facet normal 0 0 -1
    outer loop
      vertex 124.212 74.6489 -3.5
      vertex 123.1 73.2 -3.5
      vertex 124.026 74.5858 -3.5
    endloop
  endfacet
  facet normal 0 0 -1
    outer loop
      vertex 123.1 2.4 -3.5
      vertex 123.687 1.20997 -3.5
      vertex 123.539 1.33934 -3.5
    endloop
  endfacet
  facet normal 0 0 -1
    outer loop
      vertex 124.026 74.5858 -3.5
      vertex 123.1 73.2 -3.5
      vertex 123.85 74.499 -3.5
    endloop
  endfacet
  facet normal 0 0 -1
    outer loop
      vertex 123.1 2.4 -3.5
      vertex 123.539 1.33934 -3.5
      vertex 123.41 1.48686 -3.5
    endloop
  endfacet
  facet normal 0 0 -1
    outer loop
      vertex 123.85 74.499 -3.5
      vertex 123.1 73.2 -3.5
      vertex 123.687 74.39 -3.5
    endloop
  endfacet
  facet normal 0 0 -1
    outer loop
      vertex 123.1 2.4 -3.5
      vertex 123.41 1.48686 -3.5
      vertex 123.301 1.65 -3.5
    endloop
  endfacet
  facet normal 0 0 -1
    outer loop
      vertex 123.687 74.39 -3.5
      vertex 123.1 73.2 -3.5
      vertex 123.539 74.2607 -3.5
    endloop
  endfacet
  facet normal 0 0 -1
    outer loop
      vertex 123.1 2.4 -3.5
      vertex 123.301 1.65 -3.5
      vertex 123.214 1.82598 -3.5
    endloop
  endfacet
  facet normal 0 0 -1
    outer loop
      vertex 123.539 74.2607 -3.5
      vertex 123.1 73.2 -3.5
      vertex 123.41 74.1131 -3.5
    endloop
  endfacet
  facet normal 0 0 -1
    outer loop
      vertex 123.1 2.4 -3.5
      vertex 123.214 1.82598 -3.5
      vertex 123.151 2.01177 -3.5
    endloop
  endfacet
  facet normal 0 0 -1
    outer loop
      vertex 123.41 74.1131 -3.5
      vertex 123.1 73.2 -3.5
      vertex 123.301 73.95 -3.5
    endloop
  endfacet
  facet normal 0 0 -1
    outer loop
      vertex 123.1 2.4 -3.5
      vertex 123.151 2.01177 -3.5
      vertex 123.113 2.20421 -3.5
    endloop
  endfacet
  facet normal 0 0 -1
    outer loop
      vertex 123.301 73.95 -3.5
      vertex 123.1 73.2 -3.5
      vertex 123.214 73.774 -3.5
    endloop
  endfacet
  facet normal 0 0 -1
    outer loop
      vertex 123.214 73.774 -3.5
      vertex 123.1 73.2 -3.5
      vertex 123.151 73.5882 -3.5
    endloop
  endfacet
  facet normal 0 0 -1
    outer loop
      vertex 123.151 73.5882 -3.5
      vertex 123.1 73.2 -3.5
      vertex 123.113 73.3958 -3.5
    endloop
  endfacet
  facet normal 1 -0 0
    outer loop
      vertex 169.3 2.4 1.5
      vertex 169.3 73.2 -3.5
      vertex 169.3 73.2 1.5
    endloop
  endfacet
  facet normal 1 0 0
    outer loop
      vertex 169.3 73.2 -3.5
      vertex 169.3 2.4 1.5
      vertex 169.3 2.4 -3.5
    endloop
  endfacet
  facet normal 0.947034 -0.321132 0
    outer loop
      vertex 169.186 1.82598 1.5
      vertex 169.249 2.01177 -3.5
      vertex 169.249 2.01177 1.5
    endloop
  endfacet
  facet normal 0.947034 -0.321132 0
    outer loop
      vertex 169.249 2.01177 -3.5
      vertex 169.186 1.82598 1.5
      vertex 169.186 1.82598 -3.5
    endloop
  endfacet
  facet normal -0.0651673 0.997874 0
    outer loop
      vertex 124.6 74.7 -3.5
      vertex 124.404 74.6872 1.5
      vertex 124.6 74.7 1.5
    endloop
  endfacet
  facet normal -0.0651673 0.997874 0
    outer loop
      vertex 124.404 74.6872 1.5
      vertex 124.6 74.7 -3.5
      vertex 124.404 74.6872 -3.5
    endloop
  endfacet
  facet normal -0.997803 0.0662484 0
    outer loop
      vertex 123.1 73.2 -3.5
      vertex 123.113 73.3958 1.5
      vertex 123.113 73.3958 -3.5
    endloop
  endfacet
  facet normal -0.997803 0.0662484 0
    outer loop
      vertex 123.113 73.3958 1.5
      vertex 123.1 73.2 -3.5
      vertex 123.1 73.2 1.5
    endloop
  endfacet
  facet normal 0.442315 0.89686 -0
    outer loop
      vertex 168.55 74.499 -3.5
      vertex 168.374 74.5858 1.5
      vertex 168.55 74.499 1.5
    endloop
  endfacet
  facet normal 0.442315 0.89686 0
    outer loop
      vertex 168.374 74.5858 1.5
      vertex 168.55 74.499 -3.5
      vertex 168.374 74.5858 -3.5
    endloop
  endfacet
  facet normal 0.321264 0.94699 -0
    outer loop
      vertex 168.374 74.5858 -3.5
      vertex 168.188 74.6489 1.5
      vertex 168.374 74.5858 1.5
    endloop
  endfacet
  facet normal 0.321264 0.94699 0
    outer loop
      vertex 168.188 74.6489 1.5
      vertex 168.374 74.5858 -3.5
      vertex 168.188 74.6489 -3.5
    endloop
  endfacet
  facet normal 0.94704 0.321117 0
    outer loop
      vertex 169.249 73.5882 1.5
      vertex 169.186 73.774 -3.5
      vertex 169.186 73.774 1.5
    endloop
  endfacet
  facet normal 0.94704 0.321117 0
    outer loop
      vertex 169.186 73.774 -3.5
      vertex 169.249 73.5882 1.5
      vertex 169.249 73.5882 -3.5
    endloop
  endfacet
  facet normal -0.947034 -0.321132 0
    outer loop
      vertex 123.214 1.82598 -3.5
      vertex 123.151 2.01177 1.5
      vertex 123.151 2.01177 -3.5
    endloop
  endfacet
  facet normal -0.947034 -0.321132 0
    outer loop
      vertex 123.151 2.01177 1.5
      vertex 123.214 1.82598 -3.5
      vertex 123.214 1.82598 1.5
    endloop
  endfacet
  facet normal -0.981049 0.193762 0
    outer loop
      vertex 123.113 73.3958 -3.5
      vertex 123.151 73.5882 1.5
      vertex 123.151 73.5882 -3.5
    endloop
  endfacet
  facet normal -0.981049 0.193762 0
    outer loop
      vertex 123.151 73.5882 1.5
      vertex 123.113 73.3958 -3.5
      vertex 123.113 73.3958 1.5
    endloop
  endfacet
  facet normal 0.0651673 0.997874 -0
    outer loop
      vertex 167.996 74.6872 -3.5
      vertex 167.8 74.7 1.5
      vertex 167.996 74.6872 1.5
    endloop
  endfacet
  facet normal 0.0651673 0.997874 0
    outer loop
      vertex 167.8 74.7 1.5
      vertex 167.996 74.6872 -3.5
      vertex 167.8 74.7 -3.5
    endloop
  endfacet
  facet normal -0.321118 -0.947039 0
    outer loop
      vertex 124.026 1.01418 -3.5
      vertex 124.212 0.951112 1.5
      vertex 124.026 1.01418 1.5
    endloop
  endfacet
  facet normal -0.321118 -0.947039 -0
    outer loop
      vertex 124.212 0.951112 1.5
      vertex 124.026 1.01418 -3.5
      vertex 124.212 0.951112 -3.5
    endloop
  endfacet
  facet normal 0.321118 -0.947039 0
    outer loop
      vertex 168.188 0.951112 -3.5
      vertex 168.374 1.01418 1.5
      vertex 168.188 0.951112 1.5
    endloop
  endfacet
  facet normal 0.321118 -0.947039 0
    outer loop
      vertex 168.374 1.01418 1.5
      vertex 168.188 0.951112 -3.5
      vertex 168.374 1.01418 -3.5
    endloop
  endfacet
  facet normal 0.442233 -0.8969 0
    outer loop
      vertex 168.374 1.01418 -3.5
      vertex 168.55 1.10096 1.5
      vertex 168.374 1.01418 1.5
    endloop
  endfacet
  facet normal 0.442233 -0.8969 0
    outer loop
      vertex 168.55 1.10096 1.5
      vertex 168.374 1.01418 -3.5
      vertex 168.55 1.10096 -3.5
    endloop
  endfacet
  facet normal -0.555877 0.831265 0
    outer loop
      vertex 123.85 74.499 -3.5
      vertex 123.687 74.39 1.5
      vertex 123.85 74.499 1.5
    endloop
  endfacet
  facet normal -0.555877 0.831265 0
    outer loop
      vertex 123.687 74.39 1.5
      vertex 123.85 74.499 -3.5
      vertex 123.687 74.39 -3.5
    endloop
  endfacet
  facet normal -0.94704 0.321117 0
    outer loop
      vertex 123.151 73.5882 -3.5
      vertex 123.214 73.774 1.5
      vertex 123.214 73.774 -3.5
    endloop
  endfacet
  facet normal -0.94704 0.321117 0
    outer loop
      vertex 123.214 73.774 1.5
      vertex 123.151 73.5882 -3.5
      vertex 123.151 73.5882 1.5
    endloop
  endfacet
  facet normal -0.831485 -0.555547 0
    outer loop
      vertex 123.41 1.48686 -3.5
      vertex 123.301 1.65 1.5
      vertex 123.301 1.65 -3.5
    endloop
  endfacet
  facet normal -0.831485 -0.555547 0
    outer loop
      vertex 123.301 1.65 1.5
      vertex 123.41 1.48686 -3.5
      vertex 123.41 1.48686 1.5
    endloop
  endfacet
  facet normal -0.752779 -0.658273 0
    outer loop
      vertex 123.539 1.33934 -3.5
      vertex 123.41 1.48686 1.5
      vertex 123.41 1.48686 -3.5
    endloop
  endfacet
  facet normal -0.752779 -0.658273 0
    outer loop
      vertex 123.41 1.48686 1.5
      vertex 123.539 1.33934 -3.5
      vertex 123.539 1.33934 1.5
    endloop
  endfacet
  facet normal -0.981056 -0.193723 0
    outer loop
      vertex 123.151 2.01177 -3.5
      vertex 123.113 2.20421 1.5
      vertex 123.113 2.20421 -3.5
    endloop
  endfacet
  facet normal -0.981056 -0.193723 0
    outer loop
      vertex 123.113 2.20421 1.5
      vertex 123.151 2.01177 -3.5
      vertex 123.151 2.01177 1.5
    endloop
  endfacet
  facet normal -0.752956 0.658071 0
    outer loop
      vertex 123.41 74.1131 -3.5
      vertex 123.539 74.2607 1.5
      vertex 123.539 74.2607 -3.5
    endloop
  endfacet
  facet normal -0.752956 0.658071 0
    outer loop
      vertex 123.539 74.2607 1.5
      vertex 123.41 74.1131 -3.5
      vertex 123.41 74.1131 1.5
    endloop
  endfacet
  facet normal -0.65813 -0.752904 0
    outer loop
      vertex 123.539 1.33934 -3.5
      vertex 123.687 1.20997 1.5
      vertex 123.539 1.33934 1.5
    endloop
  endfacet
  facet normal -0.65813 -0.752904 -0
    outer loop
      vertex 123.687 1.20997 1.5
      vertex 123.539 1.33934 -3.5
      vertex 123.687 1.20997 -3.5
    endloop
  endfacet
  facet normal 0.831422 0.555641 0
    outer loop
      vertex 169.099 73.95 1.5
      vertex 168.99 74.1131 -3.5
      vertex 168.99 74.1131 1.5
    endloop
  endfacet
  facet normal 0.831422 0.555641 0
    outer loop
      vertex 168.99 74.1131 -3.5
      vertex 169.099 73.95 1.5
      vertex 169.099 73.95 -3.5
    endloop
  endfacet
  facet normal 0.0653346 -0.997863 0
    outer loop
      vertex 167.8 0.9 -3.5
      vertex 167.996 0.912833 1.5
      vertex 167.8 0.9 1.5
    endloop
  endfacet
  facet normal 0.0653346 -0.997863 0
    outer loop
      vertex 167.996 0.912833 1.5
      vertex 167.8 0.9 -3.5
      vertex 167.996 0.912833 -3.5
    endloop
  endfacet
  facet normal 0.195522 -0.980699 0
    outer loop
      vertex 167.996 0.912833 -3.5
      vertex 168.188 0.951112 1.5
      vertex 167.996 0.912833 1.5
    endloop
  endfacet
  facet normal 0.195522 -0.980699 0
    outer loop
      vertex 168.188 0.951112 1.5
      vertex 167.996 0.912833 -3.5
      vertex 168.188 0.951112 -3.5
    endloop
  endfacet
  facet normal 0.997803 0.0662484 0
    outer loop
      vertex 169.3 73.2 1.5
      vertex 169.287 73.3958 -3.5
      vertex 169.287 73.3958 1.5
    endloop
  endfacet
  facet normal 0.997803 0.0662484 0
    outer loop
      vertex 169.287 73.3958 -3.5
      vertex 169.3 73.2 1.5
      vertex 169.3 73.2 -3.5
    endloop
  endfacet
  facet normal -0.442233 -0.8969 0
    outer loop
      vertex 123.85 1.10096 -3.5
      vertex 124.026 1.01418 1.5
      vertex 123.85 1.10096 1.5
    endloop
  endfacet
  facet normal -0.442233 -0.8969 -0
    outer loop
      vertex 124.026 1.01418 1.5
      vertex 123.85 1.10096 -3.5
      vertex 124.026 1.01418 -3.5
    endloop
  endfacet
  facet normal 0.981049 0.193762 0
    outer loop
      vertex 169.287 73.3958 1.5
      vertex 169.249 73.5882 -3.5
      vertex 169.249 73.5882 1.5
    endloop
  endfacet
  facet normal 0.981049 0.193762 0
    outer loop
      vertex 169.249 73.5882 -3.5
      vertex 169.287 73.3958 1.5
      vertex 169.287 73.3958 -3.5
    endloop
  endfacet
  facet normal 0.555912 -0.831241 0
    outer loop
      vertex 168.55 1.10096 -3.5
      vertex 168.713 1.20997 1.5
      vertex 168.55 1.10096 1.5
    endloop
  endfacet
  facet normal 0.555912 -0.831241 0
    outer loop
      vertex 168.713 1.20997 1.5
      vertex 168.55 1.10096 -3.5
      vertex 168.713 1.20997 -3.5
    endloop
  endfacet
  facet normal -0.896455 0.443134 0
    outer loop
      vertex 123.214 73.774 -3.5
      vertex 123.301 73.95 1.5
      vertex 123.301 73.95 -3.5
    endloop
  endfacet
  facet normal -0.896455 0.443134 0
    outer loop
      vertex 123.301 73.95 1.5
      vertex 123.214 73.774 -3.5
      vertex 123.214 73.774 1.5
    endloop
  endfacet
  facet normal -0.555912 -0.831241 0
    outer loop
      vertex 123.687 1.20997 -3.5
      vertex 123.85 1.10096 1.5
      vertex 123.687 1.20997 1.5
    endloop
  endfacet
  facet normal -0.555912 -0.831241 -0
    outer loop
      vertex 123.85 1.10096 1.5
      vertex 123.687 1.20997 -3.5
      vertex 123.85 1.10096 -3.5
    endloop
  endfacet
  facet normal -0.896435 -0.443175 0
    outer loop
      vertex 123.301 1.65 -3.5
      vertex 123.214 1.82598 1.5
      vertex 123.214 1.82598 -3.5
    endloop
  endfacet
  facet normal -0.896435 -0.443175 0
    outer loop
      vertex 123.214 1.82598 1.5
      vertex 123.301 1.65 -3.5
      vertex 123.301 1.65 1.5
    endloop
  endfacet
  facet normal 0.657928 0.753081 -0
    outer loop
      vertex 168.861 74.2607 -3.5
      vertex 168.713 74.39 1.5
      vertex 168.861 74.2607 1.5
    endloop
  endfacet
  facet normal 0.657928 0.753081 0
    outer loop
      vertex 168.713 74.39 1.5
      vertex 168.861 74.2607 -3.5
      vertex 168.713 74.39 -3.5
    endloop
  endfacet
  facet normal 0.752779 -0.658273 0
    outer loop
      vertex 168.861 1.33934 1.5
      vertex 168.99 1.48686 -3.5
      vertex 168.99 1.48686 1.5
    endloop
  endfacet
  facet normal 0.752779 -0.658273 0
    outer loop
      vertex 168.99 1.48686 -3.5
      vertex 168.861 1.33934 1.5
      vertex 168.861 1.33934 -3.5
    endloop
  endfacet
  facet normal 0.831485 -0.555547 0
    outer loop
      vertex 168.99 1.48686 1.5
      vertex 169.099 1.65 -3.5
      vertex 169.099 1.65 1.5
    endloop
  endfacet
  facet normal 0.831485 -0.555547 0
    outer loop
      vertex 169.099 1.65 -3.5
      vertex 168.99 1.48686 1.5
      vertex 168.99 1.48686 -3.5
    endloop
  endfacet
  facet normal -0.0653346 -0.997863 0
    outer loop
      vertex 124.404 0.912833 -3.5
      vertex 124.6 0.9 1.5
      vertex 124.404 0.912833 1.5
    endloop
  endfacet
  facet normal -0.0653346 -0.997863 -0
    outer loop
      vertex 124.6 0.9 1.5
      vertex 124.404 0.912833 -3.5
      vertex 124.6 0.9 -3.5
    endloop
  endfacet
  facet normal 0.195625 0.980679 -0
    outer loop
      vertex 168.188 74.6489 -3.5
      vertex 167.996 74.6872 1.5
      vertex 168.188 74.6489 1.5
    endloop
  endfacet
  facet normal 0.195625 0.980679 0
    outer loop
      vertex 167.996 74.6872 1.5
      vertex 168.188 74.6489 -3.5
      vertex 167.996 74.6872 -3.5
    endloop
  endfacet
  facet normal 0.752956 0.658071 0
    outer loop
      vertex 168.99 74.1131 1.5
      vertex 168.861 74.2607 -3.5
      vertex 168.861 74.2607 1.5
    endloop
  endfacet
  facet normal 0.752956 0.658071 0
    outer loop
      vertex 168.861 74.2607 -3.5
      vertex 168.99 74.1131 1.5
      vertex 168.99 74.1131 -3.5
    endloop
  endfacet
  facet normal -0.831422 0.555641 0
    outer loop
      vertex 123.301 73.95 -3.5
      vertex 123.41 74.1131 1.5
      vertex 123.41 74.1131 -3.5
    endloop
  endfacet
  facet normal -0.831422 0.555641 0
    outer loop
      vertex 123.41 74.1131 1.5
      vertex 123.301 73.95 -3.5
      vertex 123.301 73.95 1.5
    endloop
  endfacet
  facet normal -0.997803 -0.0662518 0
    outer loop
      vertex 123.113 2.20421 -3.5
      vertex 123.1 2.4 1.5
      vertex 123.1 2.4 -3.5
    endloop
  endfacet
  facet normal -0.997803 -0.0662518 0
    outer loop
      vertex 123.1 2.4 1.5
      vertex 123.113 2.20421 -3.5
      vertex 123.113 2.20421 1.5
    endloop
  endfacet
  facet normal -0.657928 0.753081 0
    outer loop
      vertex 123.687 74.39 -3.5
      vertex 123.539 74.2607 1.5
      vertex 123.687 74.39 1.5
    endloop
  endfacet
  facet normal -0.657928 0.753081 0
    outer loop
      vertex 123.539 74.2607 1.5
      vertex 123.687 74.39 -3.5
      vertex 123.539 74.2607 -3.5
    endloop
  endfacet
  facet normal 0 1 -0
    outer loop
      vertex 163.55 3.55 28.11
      vertex 6.05001 3.55 30.11
      vertex 163.55 3.55 30.11
    endloop
  endfacet
  facet normal 0 1 0
    outer loop
      vertex 6.05001 3.55 30.11
      vertex 163.55 3.55 28.11
      vertex 6.05001 3.55 28.11
    endloop
  endfacet
  facet normal 0 -1 0
    outer loop
      vertex 6.40001 -1.49999 1.5
      vertex 163.2 -1.49999 30.11
      vertex 6.40001 -1.49999 30.11
    endloop
  endfacet
  facet normal 0 -1 -0
    outer loop
      vertex 163.2 -1.49999 30.11
      vertex 6.40001 -1.49999 1.5
      vertex 163.2 -1.49999 1.5
    endloop
  endfacet
  facet normal -0.555577 -0.831465 0
    outer loop
      vertex 1.59079 0.132507 1.5
      vertex 1.75393 0.0234985 30.11
      vertex 1.59079 0.132507 30.11
    endloop
  endfacet
  facet normal -0.555577 -0.831465 -0
    outer loop
      vertex 1.75393 0.0234985 30.11
      vertex 1.59079 0.132507 1.5
      vertex 1.75393 0.0234985 1.5
    endloop
  endfacet
  facet normal 0.555906 -0.831245 0
    outer loop
      vertex 167.846 0.0234985 1.5
      vertex 168.009 0.132507 30.11
      vertex 167.846 0.0234985 30.11
    endloop
  endfacet
  facet normal 0.555906 -0.831245 0
    outer loop
      vertex 168.009 0.132507 30.11
      vertex 167.846 0.0234985 1.5
      vertex 168.009 0.132507 1.5
    endloop
  endfacet
  facet normal -0.442277 -0.896878 0
    outer loop
      vertex 3.20083 -0.811859 1.5
      vertex 3.37681 -0.89864 30.11
      vertex 3.20083 -0.811859 30.11
    endloop
  endfacet
  facet normal -0.442277 -0.896878 -0
    outer loop
      vertex 3.37681 -0.89864 30.11
      vertex 3.20083 -0.811859 1.5
      vertex 3.37681 -0.89864 1.5
    endloop
  endfacet
  facet normal 0.321346 -0.946962 0
    outer loop
      vertex 165.43 -1.16774 1.5
      vertex 166.223 -0.89864 30.11
      vertex 165.43 -1.16774 30.11
    endloop
  endfacet
  facet normal 0.321346 -0.946962 0
    outer loop
      vertex 166.223 -0.89864 30.11
      vertex 165.43 -1.16774 1.5
      vertex 166.223 -0.89864 1.5
    endloop
  endfacet
  facet normal -0.659354 -0.751832 0
    outer loop
      vertex 0.813864 0.813864 1.5
      vertex 1.44327 0.261877 30.11
      vertex 0.813864 0.813864 30.11
    endloop
  endfacet
  facet normal -0.659354 -0.751832 -0
    outer loop
      vertex 1.44327 0.261877 30.11
      vertex 0.813864 0.813864 1.5
      vertex 1.44327 0.261877 1.5
    endloop
  endfacet
  facet normal -0.555555 -0.83148 0
    outer loop
      vertex 1.75393 0.0234985 1.5
      vertex 2.45001 -0.441589 30.11
      vertex 1.75393 0.0234985 30.11
    endloop
  endfacet
  facet normal -0.555555 -0.83148 -0
    outer loop
      vertex 2.45001 -0.441589 30.11
      vertex 1.75393 0.0234985 1.5
      vertex 2.45001 -0.441589 1.5
    endloop
  endfacet
  facet normal 0.322682 -0.946507 0
    outer loop
      vertex 165.245 -1.23081 1.5
      vertex 165.43 -1.16774 30.11
      vertex 165.245 -1.23081 30.11
    endloop
  endfacet
  facet normal 0.322682 -0.946507 0
    outer loop
      vertex 165.43 -1.16774 30.11
      vertex 165.245 -1.23081 1.5
      vertex 165.43 -1.16774 1.5
    endloop
  endfacet
  facet normal -0 0 1
    outer loop
      vertex 166.05 69.55 30.11
      vertex 171.1 69.2 30.11
      vertex 171.077 69.55 30.11
    endloop
  endfacet
  facet normal 0 0 1
    outer loop
      vertex 171.1 69.2 30.11
      vertex 166.05 69.55 30.11
      vertex 171.1 6.40001 30.11
    endloop
  endfacet
  facet normal 0 0 1
    outer loop
      vertex 166.05 69.55 30.11
      vertex 171.077 69.55 30.11
      vertex 171.045 70.0354 30.11
    endloop
  endfacet
  facet normal 0 0 1
    outer loop
      vertex 166.05 6.05001 30.11
      vertex 171.1 6.40001 30.11
      vertex 166.05 69.55 30.11
    endloop
  endfacet
  facet normal 0 0 1
    outer loop
      vertex 171.02 70.2944 30.11
      vertex 171.045 70.0354 30.11
      vertex 171.032 70.2312 30.11
    endloop
  endfacet
  facet normal 0 0 1
    outer loop
      vertex 171.1 6.40001 30.11
      vertex 166.05 6.05001 30.11
      vertex 171.077 6.05 30.11
    endloop
  endfacet
  facet normal 0 0 1
    outer loop
      vertex 166.029 69.8763 30.11
      vertex 171.045 70.0354 30.11
      vertex 171.02 70.2944 30.11
    endloop
  endfacet
  facet normal 0 0 1
    outer loop
      vertex 171.077 6.05 30.11
      vertex 166.05 6.05001 30.11
      vertex 171.045 5.56463 30.11
    endloop
  endfacet
  facet normal 0 0 1
    outer loop
      vertex 166.029 69.8763 30.11
      vertex 171.02 70.2944 30.11
      vertex 170.923 70.7811 30.11
    endloop
  endfacet
  facet normal -0 0 1
    outer loop
      vertex 166.029 5.72368 30.11
      vertex 171.045 5.56463 30.11
      vertex 166.05 6.05001 30.11
    endloop
  endfacet
  facet normal 0 0 1
    outer loop
      vertex 166.029 69.8763 30.11
      vertex 170.923 70.7811 30.11
      vertex 170.869 71.0522 30.11
    endloop
  endfacet
  facet normal 0 0 1
    outer loop
      vertex 171.045 5.56463 30.11
      vertex 171.02 5.30557 30.11
      vertex 171.032 5.36884 30.11
    endloop
  endfacet
  facet normal 0 0 1
    outer loop
      vertex 170.768 71.4305 30.11
      vertex 170.869 71.0522 30.11
      vertex 170.831 71.2447 30.11
    endloop
  endfacet
  facet normal 0 0 1
    outer loop
      vertex 171.045 5.56463 30.11
      vertex 166.029 5.72368 30.11
      vertex 171.02 5.30557 30.11
    endloop
  endfacet
  facet normal 0 0 1
    outer loop
      vertex 165.965 70.197 30.11
      vertex 170.869 71.0522 30.11
      vertex 170.768 71.4305 30.11
    endloop
  endfacet
  facet normal 0 0 1
    outer loop
      vertex 171.02 5.30557 30.11
      vertex 166.029 5.72368 30.11
      vertex 170.923 4.81893 30.11
    endloop
  endfacet
  facet normal 0 0 1
    outer loop
      vertex 165.965 70.197 30.11
      vertex 170.768 71.4305 30.11
      vertex 170.692 71.6548 30.11
    endloop
  endfacet
  facet normal 0 0 1
    outer loop
      vertex 170.923 4.81893 30.11
      vertex 166.029 5.72368 30.11
      vertex 170.869 4.54777 30.11
    endloop
  endfacet
  facet normal 0 0 1
    outer loop
      vertex 165.965 70.197 30.11
      vertex 170.692 71.6548 30.11
      vertex 170.532 72.124 30.11
    endloop
  endfacet
  facet normal -0 0 1
    outer loop
      vertex 165.965 5.40296 30.11
      vertex 170.869 4.54777 30.11
      vertex 166.029 5.72368 30.11
    endloop
  endfacet
  facet normal 0 0 1
    outer loop
      vertex 170.412 72.3992 30.11
      vertex 170.532 72.124 30.11
      vertex 170.499 72.2232 30.11
    endloop
  endfacet
  facet normal 0 0 1
    outer loop
      vertex 170.869 4.54777 30.11
      vertex 170.768 4.16953 30.11
      vertex 170.831 4.35533 30.11
    endloop
  endfacet
  facet normal 0 0 1
    outer loop
      vertex 170.532 72.124 30.11
      vertex 170.412 72.3992 30.11
      vertex 165.86 70.5067 30.11
    endloop
  endfacet
  facet normal 0 0 1
    outer loop
      vertex 170.869 4.54777 30.11
      vertex 165.965 5.40296 30.11
      vertex 170.768 4.16953 30.11
    endloop
  endfacet
  facet normal 0 0 1
    outer loop
      vertex 165.86 70.5067 30.11
      vertex 170.412 72.3992 30.11
      vertex 170.246 72.735 30.11
    endloop
  endfacet
  facet normal 0 0 1
    outer loop
      vertex 170.768 4.16953 30.11
      vertex 165.965 5.40296 30.11
      vertex 170.692 3.94524 30.11
    endloop
  endfacet
  facet normal 0 0 1
    outer loop
      vertex 165.715 70.8 30.11
      vertex 170.246 72.735 30.11
      vertex 170.052 73.1284 30.11
    endloop
  endfacet
  facet normal 0 0 1
    outer loop
      vertex 170.692 3.94524 30.11
      vertex 165.965 5.40296 30.11
      vertex 170.532 3.47598 30.11
    endloop
  endfacet
  facet normal 0 0 1
    outer loop
      vertex 169.825 73.4734 30.11
      vertex 170.052 73.1284 30.11
      vertex 170.042 73.15 30.11
    endloop
  endfacet
  facet normal -0 0 1
    outer loop
      vertex 165.86 5.09329 30.11
      vertex 170.532 3.47598 30.11
      vertex 165.965 5.40296 30.11
    endloop
  endfacet
  facet normal 0 0 1
    outer loop
      vertex 170.052 73.1284 30.11
      vertex 169.825 73.4734 30.11
      vertex 165.715 70.8 30.11
    endloop
  endfacet
  facet normal 0 -0 1
    outer loop
      vertex 170.412 3.20083 30.11
      vertex 170.532 3.47598 30.11
      vertex 165.86 5.09329 30.11
    endloop
  endfacet
  facet normal 0 0 1
    outer loop
      vertex 165.715 70.8 30.11
      vertex 169.825 73.4734 30.11
      vertex 169.631 73.7641 30.11
    endloop
  endfacet
  facet normal 0 0 1
    outer loop
      vertex 170.532 3.47598 30.11
      vertex 170.412 3.20083 30.11
      vertex 170.499 3.37681 30.11
    endloop
  endfacet
  facet normal 0 0 1
    outer loop
      vertex 165.533 71.0719 30.11
      vertex 169.631 73.7641 30.11
      vertex 169.577 73.8461 30.11
    endloop
  endfacet
  facet normal 0 0 1
    outer loop
      vertex 170.412 3.20083 30.11
      vertex 165.86 5.09329 30.11
      vertex 170.246 2.86496 30.11
    endloop
  endfacet
  facet normal 0 0 1
    outer loop
      vertex 169.338 74.1567 30.11
      vertex 169.577 73.8461 30.11
      vertex 169.467 74.0092 30.11
    endloop
  endfacet
  facet normal -0 0 1
    outer loop
      vertex 165.715 4.8 30.11
      vertex 170.246 2.86496 30.11
      vertex 165.86 5.09329 30.11
    endloop
  endfacet
  facet normal 0 0 1
    outer loop
      vertex 169.577 73.8461 30.11
      vertex 169.338 74.1567 30.11
      vertex 165.533 71.0719 30.11
    endloop
  endfacet
  facet normal 0 0 1
    outer loop
      vertex 170.246 2.86496 30.11
      vertex 165.715 4.8 30.11
      vertex 170.052 2.47157 30.11
    endloop
  endfacet
  facet normal 0 0 1
    outer loop
      vertex 165.533 71.0719 30.11
      vertex 169.338 74.1567 30.11
      vertex 169.207 74.3062 30.11
    endloop
  endfacet
  facet normal 0 -0 1
    outer loop
      vertex 169.825 2.12658 30.11
      vertex 170.052 2.47157 30.11
      vertex 165.715 4.8 30.11
    endloop
  endfacet
  facet normal 0 0 1
    outer loop
      vertex 165.533 71.0719 30.11
      vertex 169.207 74.3062 30.11
      vertex 169.06 74.4744 30.11
    endloop
  endfacet
  facet normal 0 0 1
    outer loop
      vertex 170.052 2.47157 30.11
      vertex 169.825 2.12658 30.11
      vertex 170.042 2.45001 30.11
    endloop
  endfacet
  facet normal 0 0 1
    outer loop
      vertex 165.318 71.3178 30.11
      vertex 169.06 74.4744 30.11
      vertex 168.97 74.5764 30.11
    endloop
  endfacet
  facet normal 0 0 1
    outer loop
      vertex 169.825 2.12658 30.11
      vertex 165.715 4.8 30.11
      vertex 169.631 1.8359 30.11
    endloop
  endfacet
  facet normal 0 0 1
    outer loop
      vertex 165.318 71.3178 30.11
      vertex 168.97 74.5764 30.11
      vertex 168.94 74.6107 30.11
    endloop
  endfacet
  facet normal -0 0 1
    outer loop
      vertex 165.533 4.52808 30.11
      vertex 169.631 1.8359 30.11
      vertex 165.715 4.8 30.11
    endloop
  endfacet
  facet normal 0 0 1
    outer loop
      vertex 165.318 71.3178 30.11
      vertex 168.94 74.6107 30.11
      vertex 168.786 74.7861 30.11
    endloop
  endfacet
  facet normal 0 0 1
    outer loop
      vertex 169.631 1.8359 30.11
      vertex 165.533 4.52808 30.11
      vertex 169.577 1.75393 30.11
    endloop
  endfacet
  facet normal 0 0 1
    outer loop
      vertex 165.318 71.3178 30.11
      vertex 168.786 74.7861 30.11
      vertex 168.157 75.3381 30.11
    endloop
  endfacet
  facet normal 0 -0 1
    outer loop
      vertex 169.338 1.44327 30.11
      vertex 169.577 1.75393 30.11
      vertex 165.533 4.52808 30.11
    endloop
  endfacet
  facet normal 0 0 1
    outer loop
      vertex 167.846 75.5765 30.11
      vertex 168.157 75.3381 30.11
      vertex 168.009 75.4675 30.11
    endloop
  endfacet
  facet normal 0 0 1
    outer loop
      vertex 169.577 1.75393 30.11
      vertex 169.338 1.44327 30.11
      vertex 169.467 1.59079 30.11
    endloop
  endfacet
  facet normal 0 0 1
    outer loop
      vertex 168.157 75.3381 30.11
      vertex 167.846 75.5765 30.11
      vertex 165.072 71.5334 30.11
    endloop
  endfacet
  facet normal 0 0 1
    outer loop
      vertex 169.338 1.44327 30.11
      vertex 165.533 4.52808 30.11
      vertex 169.207 1.29383 30.11
    endloop
  endfacet
  facet normal 0 0 1
    outer loop
      vertex 164.8 71.7151 30.11
      vertex 167.846 75.5765 30.11
      vertex 167.15 76.0416 30.11
    endloop
  endfacet
  facet normal 0 0 1
    outer loop
      vertex 169.207 1.29383 30.11
      vertex 165.533 4.52808 30.11
      vertex 169.06 1.12563 30.11
    endloop
  endfacet
  facet normal 0 0 1
    outer loop
      vertex 164.507 71.8597 30.11
      vertex 167.15 76.0416 30.11
      vertex 166.399 76.4119 30.11
    endloop
  endfacet
  facet normal -0 0 1
    outer loop
      vertex 165.318 4.28223 30.11
      vertex 169.06 1.12563 30.11
      vertex 165.533 4.52808 30.11
    endloop
  endfacet
  facet normal 0 0 1
    outer loop
      vertex 164.507 71.8597 30.11
      vertex 166.399 76.4119 30.11
      vertex 166.223 76.4986 30.11
    endloop
  endfacet
  facet normal 0 0 1
    outer loop
      vertex 169.06 1.12563 30.11
      vertex 165.318 4.28223 30.11
      vertex 168.97 1.02357 30.11
    endloop
  endfacet
  facet normal 0 0 1
    outer loop
      vertex 168.97 1.02357 30.11
      vertex 165.318 4.28223 30.11
      vertex 168.94 0.98934 30.11
    endloop
  endfacet
  facet normal 0 0 1
    outer loop
      vertex 171.045 70.0354 30.11
      vertex 166.029 69.8763 30.11
      vertex 166.05 69.55 30.11
    endloop
  endfacet
  facet normal 0 0 1
    outer loop
      vertex 170.869 71.0522 30.11
      vertex 165.965 70.197 30.11
      vertex 166.029 69.8763 30.11
    endloop
  endfacet
  facet normal 0 0 1
    outer loop
      vertex 170.532 72.124 30.11
      vertex 165.86 70.5067 30.11
      vertex 165.965 70.197 30.11
    endloop
  endfacet
  facet normal 0 0 1
    outer loop
      vertex 170.246 72.735 30.11
      vertex 165.715 70.8 30.11
      vertex 165.86 70.5067 30.11
    endloop
  endfacet
  facet normal 0 0 1
    outer loop
      vertex 169.631 73.7641 30.11
      vertex 165.533 71.0719 30.11
      vertex 165.715 70.8 30.11
    endloop
  endfacet
  facet normal 0 0 1
    outer loop
      vertex 164.197 71.9648 30.11
      vertex 166.223 76.4986 30.11
      vertex 165.43 76.7677 30.11
    endloop
  endfacet
  facet normal 0 0 1
    outer loop
      vertex 169.06 74.4744 30.11
      vertex 165.318 71.3178 30.11
      vertex 165.533 71.0719 30.11
    endloop
  endfacet
  facet normal 0 0 1
    outer loop
      vertex 165.052 76.8691 30.11
      vertex 165.43 76.7677 30.11
      vertex 165.245 76.8308 30.11
    endloop
  endfacet
  facet normal 0 0 1
    outer loop
      vertex 168.157 75.3381 30.11
      vertex 165.072 71.5334 30.11
      vertex 165.318 71.3178 30.11
    endloop
  endfacet
  facet normal 0 0 1
    outer loop
      vertex 165.43 76.7677 30.11
      vertex 165.052 76.8691 30.11
      vertex 164.197 71.9648 30.11
    endloop
  endfacet
  facet normal 0 0 1
    outer loop
      vertex 167.846 75.5765 30.11
      vertex 164.8 71.7151 30.11
      vertex 165.072 71.5334 30.11
    endloop
  endfacet
  facet normal 0 0 1
    outer loop
      vertex 167.15 76.0416 30.11
      vertex 164.507 71.8597 30.11
      vertex 164.8 71.7151 30.11
    endloop
  endfacet
  facet normal 0 0 1
    outer loop
      vertex 163.876 72.0286 30.11
      vertex 165.052 76.8691 30.11
      vertex 164.231 77.0324 30.11
    endloop
  endfacet
  facet normal 0 0 1
    outer loop
      vertex 166.223 76.4986 30.11
      vertex 164.197 71.9648 30.11
      vertex 164.507 71.8597 30.11
    endloop
  endfacet
  facet normal 0 0 1
    outer loop
      vertex 163.876 72.0286 30.11
      vertex 164.231 77.0324 30.11
      vertex 164.035 77.0452 30.11
    endloop
  endfacet
  facet normal 0 0 1
    outer loop
      vertex 165.052 76.8691 30.11
      vertex 163.876 72.0286 30.11
      vertex 164.197 71.9648 30.11
    endloop
  endfacet
  facet normal 0 0 1
    outer loop
      vertex 164.035 77.0452 30.11
      vertex 163.55 72.05 30.11
      vertex 163.876 72.0286 30.11
    endloop
  endfacet
  facet normal 0 0 1
    outer loop
      vertex 163.2 77.1 30.11
      vertex 163.55 72.05 30.11
      vertex 164.035 77.0452 30.11
    endloop
  endfacet
  facet normal -0 0 1
    outer loop
      vertex 6.40001 77.1 30.11
      vertex 163.55 72.05 30.11
      vertex 163.2 77.1 30.11
    endloop
  endfacet
  facet normal 0 0 1
    outer loop
      vertex 6.40001 77.1 30.11
      vertex 6.05001 72.05 30.11
      vertex 163.55 72.05 30.11
    endloop
  endfacet
  facet normal -0 0 1
    outer loop
      vertex 5.56463 77.0452 30.11
      vertex 6.05001 72.05 30.11
      vertex 6.40001 77.1 30.11
    endloop
  endfacet
  facet normal 0 0 1
    outer loop
      vertex 6.05001 72.05 30.11
      vertex 5.56463 77.0452 30.11
      vertex 5.72368 72.0286 30.11
    endloop
  endfacet
  facet normal -0 0 1
    outer loop
      vertex 5.36884 77.0324 30.11
      vertex 5.72368 72.0286 30.11
      vertex 5.56463 77.0452 30.11
    endloop
  endfacet
  facet normal -0 0 1
    outer loop
      vertex 4.54777 76.8691 30.11
      vertex 5.72368 72.0286 30.11
      vertex 5.36884 77.0324 30.11
    endloop
  endfacet
  facet normal 0 0 1
    outer loop
      vertex 5.72368 72.0286 30.11
      vertex 4.54777 76.8691 30.11
      vertex 5.40296 71.9648 30.11
    endloop
  endfacet
  facet normal -0 0 1
    outer loop
      vertex 4.16953 76.7677 30.11
      vertex 5.40296 71.9648 30.11
      vertex 4.54777 76.8691 30.11
    endloop
  endfacet
  facet normal -0 0 1
    outer loop
      vertex 3.37681 76.4986 30.11
      vertex 5.40296 71.9648 30.11
      vertex 4.16953 76.7677 30.11
    endloop
  endfacet
  facet normal 0 0 1
    outer loop
      vertex 5.40296 71.9648 30.11
      vertex 3.37681 76.4986 30.11
      vertex 5.09329 71.8597 30.11
    endloop
  endfacet
  facet normal 0 0 1
    outer loop
      vertex 4.16953 76.7677 30.11
      vertex 4.54777 76.8691 30.11
      vertex 4.35533 76.8308 30.11
    endloop
  endfacet
  facet normal -0 0 1
    outer loop
      vertex 3.20083 76.4119 30.11
      vertex 5.09329 71.8597 30.11
      vertex 3.37681 76.4986 30.11
    endloop
  endfacet
  facet normal -0 0 1
    outer loop
      vertex 2.45001 76.0416 30.11
      vertex 5.09329 71.8597 30.11
      vertex 3.20083 76.4119 30.11
    endloop
  endfacet
  facet normal 0 0 1
    outer loop
      vertex 5.09329 71.8597 30.11
      vertex 2.45001 76.0416 30.11
      vertex 4.8 71.7151 30.11
    endloop
  endfacet
  facet normal -0 0 1
    outer loop
      vertex 1.75393 75.5765 30.11
      vertex 4.8 71.7151 30.11
      vertex 2.45001 76.0416 30.11
    endloop
  endfacet
  facet normal 0 0 1
    outer loop
      vertex 4.8 71.7151 30.11
      vertex 1.75393 75.5765 30.11
      vertex 4.52808 71.5334 30.11
    endloop
  endfacet
  facet normal -0 0 1
    outer loop
      vertex 1.44327 75.3381 30.11
      vertex 4.52808 71.5334 30.11
      vertex 1.75393 75.5765 30.11
    endloop
  endfacet
  facet normal 0 0 1
    outer loop
      vertex 4.52808 71.5334 30.11
      vertex 1.44327 75.3381 30.11
      vertex 4.28223 71.3178 30.11
    endloop
  endfacet
  facet normal -0 0 1
    outer loop
      vertex 0.629957 74.5764 30.11
      vertex 4.28223 71.3178 30.11
      vertex 0.659972 74.6107 30.11
    endloop
  endfacet
  facet normal -0 0 1
    outer loop
      vertex 0.659972 74.6107 30.11
      vertex 4.28223 71.3178 30.11
      vertex 0.813864 74.7861 30.11
    endloop
  endfacet
  facet normal -0 0 1
    outer loop
      vertex 0.813864 74.7861 30.11
      vertex 4.28223 71.3178 30.11
      vertex 1.44327 75.3381 30.11
    endloop
  endfacet
  facet normal 0 0 1
    outer loop
      vertex 168.94 0.98934 30.11
      vertex 165.318 4.28223 30.11
      vertex 168.786 0.813864 30.11
    endloop
  endfacet
  facet normal 0 0 1
    outer loop
      vertex 168.786 0.813864 30.11
      vertex 165.318 4.28223 30.11
      vertex 168.157 0.261877 30.11
    endloop
  endfacet
  facet normal -0 0 1
    outer loop
      vertex 165.072 4.06663 30.11
      vertex 168.157 0.261877 30.11
      vertex 165.318 4.28223 30.11
    endloop
  endfacet
  facet normal 0 -0 1
    outer loop
      vertex 167.846 0.0234985 30.11
      vertex 168.157 0.261877 30.11
      vertex 165.072 4.06663 30.11
    endloop
  endfacet
  facet normal 0 0 1
    outer loop
      vertex 168.157 0.261877 30.11
      vertex 167.846 0.0234985 30.11
      vertex 168.009 0.132507 30.11
    endloop
  endfacet
  facet normal -0 0 1
    outer loop
      vertex 164.8 3.88494 30.11
      vertex 167.846 0.0234985 30.11
      vertex 165.072 4.06663 30.11
    endloop
  endfacet
  facet normal 0 0 1
    outer loop
      vertex 167.846 0.0234985 30.11
      vertex 164.8 3.88494 30.11
      vertex 167.15 -0.441589 30.11
    endloop
  endfacet
  facet normal -0 0 1
    outer loop
      vertex 164.507 3.74031 30.11
      vertex 167.15 -0.441589 30.11
      vertex 164.8 3.88494 30.11
    endloop
  endfacet
  facet normal 0 0 1
    outer loop
      vertex 167.15 -0.441589 30.11
      vertex 164.507 3.74031 30.11
      vertex 166.399 -0.811859 30.11
    endloop
  endfacet
  facet normal 0 0 1
    outer loop
      vertex 166.399 -0.811859 30.11
      vertex 164.507 3.74031 30.11
      vertex 166.223 -0.89864 30.11
    endloop
  endfacet
  facet normal -0 0 1
    outer loop
      vertex 164.197 3.63518 30.11
      vertex 166.223 -0.89864 30.11
      vertex 164.507 3.74031 30.11
    endloop
  endfacet
  facet normal 0 0 1
    outer loop
      vertex 166.223 -0.89864 30.11
      vertex 164.197 3.63518 30.11
      vertex 165.43 -1.16774 30.11
    endloop
  endfacet
  facet normal 0 -0 1
    outer loop
      vertex 165.052 -1.26909 30.11
      vertex 165.43 -1.16774 30.11
      vertex 164.197 3.63518 30.11
    endloop
  endfacet
  facet normal 0 0 1
    outer loop
      vertex 165.43 -1.16774 30.11
      vertex 165.052 -1.26909 30.11
      vertex 165.245 -1.23081 30.11
    endloop
  endfacet
  facet normal -0 0 1
    outer loop
      vertex 163.876 3.57139 30.11
      vertex 165.052 -1.26909 30.11
      vertex 164.197 3.63518 30.11
    endloop
  endfacet
  facet normal 0 0 1
    outer loop
      vertex 165.052 -1.26909 30.11
      vertex 163.876 3.57139 30.11
      vertex 164.231 -1.43241 30.11
    endloop
  endfacet
  facet normal 0 0 1
    outer loop
      vertex 164.231 -1.43241 30.11
      vertex 163.876 3.57139 30.11
      vertex 164.035 -1.44524 30.11
    endloop
  endfacet
  facet normal -0 0 1
    outer loop
      vertex 163.55 3.55 30.11
      vertex 164.035 -1.44524 30.11
      vertex 163.876 3.57139 30.11
    endloop
  endfacet
  facet normal 0 0 1
    outer loop
      vertex 163.55 3.55 30.11
      vertex 163.2 -1.49999 30.11
      vertex 164.035 -1.44524 30.11
    endloop
  endfacet
  facet normal 0 0 1
    outer loop
      vertex 163.55 3.55 30.11
      vertex 6.40001 -1.49999 30.11
      vertex 163.2 -1.49999 30.11
    endloop
  endfacet
  facet normal -0 0 1
    outer loop
      vertex 6.05001 3.55 30.11
      vertex 6.40001 -1.49999 30.11
      vertex 163.55 3.55 30.11
    endloop
  endfacet
  facet normal 0 0 1
    outer loop
      vertex 5.56463 -1.44524 30.11
      vertex 6.05001 3.55 30.11
      vertex 5.72368 3.57139 30.11
    endloop
  endfacet
  facet normal 0 0 1
    outer loop
      vertex 6.05001 3.55 30.11
      vertex 5.56463 -1.44524 30.11
      vertex 6.40001 -1.49999 30.11
    endloop
  endfacet
  facet normal 0 0 1
    outer loop
      vertex 4.54777 -1.26909 30.11
      vertex 5.72368 3.57139 30.11
      vertex 5.40296 3.63518 30.11
    endloop
  endfacet
  facet normal 0 0 1
    outer loop
      vertex 5.72368 3.57139 30.11
      vertex 5.36884 -1.43241 30.11
      vertex 5.56463 -1.44524 30.11
    endloop
  endfacet
  facet normal 0 0 1
    outer loop
      vertex 3.37681 -0.89864 30.11
      vertex 5.40296 3.63518 30.11
      vertex 5.09329 3.74031 30.11
    endloop
  endfacet
  facet normal 0 0 1
    outer loop
      vertex 2.45001 -0.441589 30.11
      vertex 5.09329 3.74031 30.11
      vertex 4.8 3.88494 30.11
    endloop
  endfacet
  facet normal 0 0 1
    outer loop
      vertex 5.72368 3.57139 30.11
      vertex 4.54777 -1.26909 30.11
      vertex 5.36884 -1.43241 30.11
    endloop
  endfacet
  facet normal 0 0 1
    outer loop
      vertex 1.75393 0.0234985 30.11
      vertex 4.8 3.88494 30.11
      vertex 4.52808 4.06663 30.11
    endloop
  endfacet
  facet normal 0 0 1
    outer loop
      vertex 5.40296 3.63518 30.11
      vertex 4.16953 -1.16774 30.11
      vertex 4.54777 -1.26909 30.11
    endloop
  endfacet
  facet normal 0 0 1
    outer loop
      vertex 1.44327 0.261877 30.11
      vertex 4.52808 4.06663 30.11
      vertex 4.28223 4.28223 30.11
    endloop
  endfacet
  facet normal 0 0 1
    outer loop
      vertex 4.54777 -1.26909 30.11
      vertex 4.16953 -1.16774 30.11
      vertex 4.35533 -1.23081 30.11
    endloop
  endfacet
  facet normal 0 0 1
    outer loop
      vertex 0.540446 1.12563 30.11
      vertex 4.28223 4.28223 30.11
      vertex 4.06663 4.52808 30.11
    endloop
  endfacet
  facet normal 0 0 1
    outer loop
      vertex -0.03127 1.8359 30.11
      vertex 4.06663 4.52808 30.11
      vertex 3.88494 4.8 30.11
    endloop
  endfacet
  facet normal 0 0 1
    outer loop
      vertex -0.646221 2.86496 30.11
      vertex 3.88494 4.8 30.11
      vertex 3.74031 5.09329 30.11
    endloop
  endfacet
  facet normal 0 0 1
    outer loop
      vertex -0.932303 3.47598 30.11
      vertex 3.74031 5.09329 30.11
      vertex 3.63518 5.40296 30.11
    endloop
  endfacet
  facet normal 0 0 1
    outer loop
      vertex -1.26909 4.54777 30.11
      vertex 3.63518 5.40296 30.11
      vertex 3.57139 5.72368 30.11
    endloop
  endfacet
  facet normal 0 0 1
    outer loop
      vertex 5.40296 3.63518 30.11
      vertex 3.37681 -0.89864 30.11
      vertex 4.16953 -1.16774 30.11
    endloop
  endfacet
  facet normal 0 0 1
    outer loop
      vertex -1.44524 5.56463 30.11
      vertex 3.57139 5.72368 30.11
      vertex 3.55 6.05001 30.11
    endloop
  endfacet
  facet normal 0 0 1
    outer loop
      vertex 3.55 69.55 30.11
      vertex -1.49999 69.2 30.11
      vertex 3.55 6.05001 30.11
    endloop
  endfacet
  facet normal -0 0 1
    outer loop
      vertex 0.540446 74.4744 30.11
      vertex 4.28223 71.3178 30.11
      vertex 0.629957 74.5764 30.11
    endloop
  endfacet
  facet normal -0 0 1
    outer loop
      vertex -1.49999 6.40001 30.11
      vertex 3.55 6.05001 30.11
      vertex -1.49999 69.2 30.11
    endloop
  endfacet
  facet normal 0 0 1
    outer loop
      vertex 4.28223 71.3178 30.11
      vertex 0.540446 74.4744 30.11
      vertex 4.06663 71.0719 30.11
    endloop
  endfacet
  facet normal 0 -0 1
    outer loop
      vertex -1.47705 6.05 30.11
      vertex 3.55 6.05001 30.11
      vertex -1.49999 6.40001 30.11
    endloop
  endfacet
  facet normal -0 0 1
    outer loop
      vertex 0.392938 74.3062 30.11
      vertex 4.06663 71.0719 30.11
      vertex 0.540446 74.4744 30.11
    endloop
  endfacet
  facet normal 0 0 1
    outer loop
      vertex 5.09329 3.74031 30.11
      vertex 3.20083 -0.811859 30.11
      vertex 3.37681 -0.89864 30.11
    endloop
  endfacet
  facet normal 0 0 1
    outer loop
      vertex 1.44327 75.3381 30.11
      vertex 1.75393 75.5765 30.11
      vertex 1.59079 75.4675 30.11
    endloop
  endfacet
  facet normal 0 -0 1
    outer loop
      vertex -1.44524 5.56463 30.11
      vertex 3.55 6.05001 30.11
      vertex -1.47705 6.05 30.11
    endloop
  endfacet
  facet normal -0 0 1
    outer loop
      vertex 0.261877 74.1567 30.11
      vertex 4.06663 71.0719 30.11
      vertex 0.392938 74.3062 30.11
    endloop
  endfacet
  facet normal 0 0 1
    outer loop
      vertex 4.8 3.88494 30.11
      vertex 1.75393 0.0234985 30.11
      vertex 2.45001 -0.441589 30.11
    endloop
  endfacet
  facet normal -0 0 1
    outer loop
      vertex 0.0234985 73.8461 30.11
      vertex 4.06663 71.0719 30.11
      vertex 0.261877 74.1567 30.11
    endloop
  endfacet
  facet normal 0 0 1
    outer loop
      vertex 5.09329 3.74031 30.11
      vertex 2.45001 -0.441589 30.11
      vertex 3.20083 -0.811859 30.11
    endloop
  endfacet
  facet normal -0 0 1
    outer loop
      vertex -0.03127 73.7641 30.11
      vertex 4.06663 71.0719 30.11
      vertex 0.0234985 73.8461 30.11
    endloop
  endfacet
  facet normal 0 0 1
    outer loop
      vertex 1.75393 0.0234985 30.11
      vertex 1.44327 0.261877 30.11
      vertex 1.59079 0.132507 30.11
    endloop
  endfacet
  facet normal 0 0 1
    outer loop
      vertex 4.06663 71.0719 30.11
      vertex -0.03127 73.7641 30.11
      vertex 3.88494 70.8 30.11
    endloop
  endfacet
  facet normal 0 0 1
    outer loop
      vertex 4.52808 4.06663 30.11
      vertex 1.44327 0.261877 30.11
      vertex 1.75393 0.0234985 30.11
    endloop
  endfacet
  facet normal -0 0 1
    outer loop
      vertex -0.22549 73.4734 30.11
      vertex 3.88494 70.8 30.11
      vertex -0.03127 73.7641 30.11
    endloop
  endfacet
  facet normal 0 0 1
    outer loop
      vertex 4.28223 4.28223 30.11
      vertex 0.813864 0.813864 30.11
      vertex 1.44327 0.261877 30.11
    endloop
  endfacet
  facet normal -0 0 1
    outer loop
      vertex -0.452222 73.1284 30.11
      vertex 3.88494 70.8 30.11
      vertex -0.22549 73.4734 30.11
    endloop
  endfacet
  facet normal 0 0 1
    outer loop
      vertex 4.28223 4.28223 30.11
      vertex 0.659972 0.98934 30.11
      vertex 0.813864 0.813864 30.11
    endloop
  endfacet
  facet normal -0 0 1
    outer loop
      vertex -0.646221 72.735 30.11
      vertex 3.88494 70.8 30.11
      vertex -0.452222 73.1284 30.11
    endloop
  endfacet
  facet normal 0 0 1
    outer loop
      vertex 4.28223 4.28223 30.11
      vertex 0.540446 1.12563 30.11
      vertex 0.629957 1.02357 30.11
    endloop
  endfacet
  facet normal 0 0 1
    outer loop
      vertex 0.0234985 73.8461 30.11
      vertex 0.261877 74.1567 30.11
      vertex 0.132507 74.0092 30.11
    endloop
  endfacet
  facet normal 0 0 1
    outer loop
      vertex 4.28223 4.28223 30.11
      vertex 0.629957 1.02357 30.11
      vertex 0.659972 0.98934 30.11
    endloop
  endfacet
  facet normal 0 0 1
    outer loop
      vertex 3.88494 70.8 30.11
      vertex -0.646221 72.735 30.11
      vertex 3.74031 70.5067 30.11
    endloop
  endfacet
  facet normal 0 0 1
    outer loop
      vertex 4.06663 4.52808 30.11
      vertex 0.392938 1.29383 30.11
      vertex 0.540446 1.12563 30.11
    endloop
  endfacet
  facet normal -0 0 1
    outer loop
      vertex -0.811859 72.3992 30.11
      vertex 3.74031 70.5067 30.11
      vertex -0.646221 72.735 30.11
    endloop
  endfacet
  facet normal 0 0 1
    outer loop
      vertex 4.06663 4.52808 30.11
      vertex -0.03127 1.8359 30.11
      vertex 0.0234985 1.75393 30.11
    endloop
  endfacet
  facet normal -0 0 1
    outer loop
      vertex -0.932303 72.124 30.11
      vertex 3.74031 70.5067 30.11
      vertex -0.811859 72.3992 30.11
    endloop
  endfacet
  facet normal 0 0 1
    outer loop
      vertex 0.261877 1.44327 30.11
      vertex 0.0234985 1.75393 30.11
      vertex 0.132507 1.59079 30.11
    endloop
  endfacet
  facet normal 0 0 1
    outer loop
      vertex -0.452222 73.1284 30.11
      vertex -0.22549 73.4734 30.11
      vertex -0.441589 73.15 30.11
    endloop
  endfacet
  facet normal 0 0 1
    outer loop
      vertex 4.06663 4.52808 30.11
      vertex 0.0234985 1.75393 30.11
      vertex 0.261877 1.44327 30.11
    endloop
  endfacet
  facet normal 0 0 1
    outer loop
      vertex 3.74031 70.5067 30.11
      vertex -0.932303 72.124 30.11
      vertex 3.63518 70.197 30.11
    endloop
  endfacet
  facet normal 0 0 1
    outer loop
      vertex 4.06663 4.52808 30.11
      vertex 0.261877 1.44327 30.11
      vertex 0.392938 1.29383 30.11
    endloop
  endfacet
  facet normal -0 0 1
    outer loop
      vertex -1.0916 71.6548 30.11
      vertex 3.63518 70.197 30.11
      vertex -0.932303 72.124 30.11
    endloop
  endfacet
  facet normal 0 0 1
    outer loop
      vertex 3.88494 4.8 30.11
      vertex -0.22549 2.12658 30.11
      vertex -0.03127 1.8359 30.11
    endloop
  endfacet
  facet normal -0 0 1
    outer loop
      vertex -1.16774 71.4305 30.11
      vertex 3.63518 70.197 30.11
      vertex -1.0916 71.6548 30.11
    endloop
  endfacet
  facet normal 0 0 1
    outer loop
      vertex -0.22549 2.12658 30.11
      vertex -0.452222 2.47157 30.11
      vertex -0.441589 2.45001 30.11
    endloop
  endfacet
  facet normal 0 0 1
    outer loop
      vertex -0.932303 72.124 30.11
      vertex -0.811859 72.3992 30.11
      vertex -0.89864 72.2232 30.11
    endloop
  endfacet
  facet normal 0 0 1
    outer loop
      vertex 3.88494 4.8 30.11
      vertex -0.452222 2.47157 30.11
      vertex -0.22549 2.12658 30.11
    endloop
  endfacet
  facet normal -0 0 1
    outer loop
      vertex -1.26909 71.0522 30.11
      vertex 3.63518 70.197 30.11
      vertex -1.16774 71.4305 30.11
    endloop
  endfacet
  facet normal 0 0 1
    outer loop
      vertex 3.88494 4.8 30.11
      vertex -0.646221 2.86496 30.11
      vertex -0.452222 2.47157 30.11
    endloop
  endfacet
  facet normal 0 0 1
    outer loop
      vertex 3.63518 70.197 30.11
      vertex -1.26909 71.0522 30.11
      vertex 3.57139 69.8763 30.11
    endloop
  endfacet
  facet normal 0 0 1
    outer loop
      vertex 3.63518 5.40296 30.11
      vertex -1.0916 3.94524 30.11
      vertex -0.932303 3.47598 30.11
    endloop
  endfacet
  facet normal -0 0 1
    outer loop
      vertex -1.32303 70.7811 30.11
      vertex 3.57139 69.8763 30.11
      vertex -1.26909 71.0522 30.11
    endloop
  endfacet
  facet normal 0 0 1
    outer loop
      vertex -0.811859 3.20083 30.11
      vertex -0.932303 3.47598 30.11
      vertex -0.89864 3.37681 30.11
    endloop
  endfacet
  facet normal 0 0 1
    outer loop
      vertex -1.26909 71.0522 30.11
      vertex -1.16774 71.4305 30.11
      vertex -1.23081 71.2447 30.11
    endloop
  endfacet
  facet normal 0 0 1
    outer loop
      vertex 3.74031 5.09329 30.11
      vertex -0.811859 3.20083 30.11
      vertex -0.646221 2.86496 30.11
    endloop
  endfacet
  facet normal -0 0 1
    outer loop
      vertex -1.41982 70.2944 30.11
      vertex 3.57139 69.8763 30.11
      vertex -1.32303 70.7811 30.11
    endloop
  endfacet
  facet normal 0 0 1
    outer loop
      vertex 3.74031 5.09329 30.11
      vertex -0.932303 3.47598 30.11
      vertex -0.811859 3.20083 30.11
    endloop
  endfacet
  facet normal -0 0 1
    outer loop
      vertex -1.44524 70.0354 30.11
      vertex 3.57139 69.8763 30.11
      vertex -1.41982 70.2944 30.11
    endloop
  endfacet
  facet normal 0 0 1
    outer loop
      vertex 3.57139 5.72368 30.11
      vertex -1.32303 4.81893 30.11
      vertex -1.26909 4.54777 30.11
    endloop
  endfacet
  facet normal 0 0 1
    outer loop
      vertex 3.57139 69.8763 30.11
      vertex -1.44524 70.0354 30.11
      vertex 3.55 69.55 30.11
    endloop
  endfacet
  facet normal 0 0 1
    outer loop
      vertex -1.16774 4.16953 30.11
      vertex -1.26909 4.54777 30.11
      vertex -1.23081 4.35533 30.11
    endloop
  endfacet
  facet normal 0 0 1
    outer loop
      vertex -1.44524 70.0354 30.11
      vertex -1.41982 70.2944 30.11
      vertex -1.43241 70.2312 30.11
    endloop
  endfacet
  facet normal 0 0 1
    outer loop
      vertex 3.55 69.55 30.11
      vertex -1.44524 70.0354 30.11
      vertex -1.47705 69.55 30.11
    endloop
  endfacet
  facet normal 0 0 1
    outer loop
      vertex 3.55 69.55 30.11
      vertex -1.47705 69.55 30.11
      vertex -1.49999 69.2 30.11
    endloop
  endfacet
  facet normal 0 0 1
    outer loop
      vertex -1.41982 5.30557 30.11
      vertex -1.44524 5.56463 30.11
      vertex -1.43241 5.36884 30.11
    endloop
  endfacet
  facet normal 0 0 1
    outer loop
      vertex 3.63518 5.40296 30.11
      vertex -1.16774 4.16953 30.11
      vertex -1.0916 3.94524 30.11
    endloop
  endfacet
  facet normal 0 0 1
    outer loop
      vertex 3.57139 5.72368 30.11
      vertex -1.41982 5.30557 30.11
      vertex -1.32303 4.81893 30.11
    endloop
  endfacet
  facet normal 0 0 1
    outer loop
      vertex 3.63518 5.40296 30.11
      vertex -1.26909 4.54777 30.11
      vertex -1.16774 4.16953 30.11
    endloop
  endfacet
  facet normal 0 0 1
    outer loop
      vertex 3.57139 5.72368 30.11
      vertex -1.44524 5.56463 30.11
      vertex -1.41982 5.30557 30.11
    endloop
  endfacet
  facet normal 0.65813 -0.752904 0
    outer loop
      vertex 168.009 0.132507 1.5
      vertex 168.157 0.261877 30.11
      vertex 168.009 0.132507 30.11
    endloop
  endfacet
  facet normal 0.65813 -0.752904 0
    outer loop
      vertex 168.157 0.261877 30.11
      vertex 168.009 0.132507 1.5
      vertex 168.157 0.261877 1.5
    endloop
  endfacet
  facet normal 0.195105 -0.980782 0
    outer loop
      vertex 164.231 -1.43241 1.5
      vertex 165.052 -1.26909 30.11
      vertex 164.231 -1.43241 30.11
    endloop
  endfacet
  facet normal 0.195105 -0.980782 0
    outer loop
      vertex 165.052 -1.26909 30.11
      vertex 164.231 -1.43241 1.5
      vertex 165.052 -1.26909 1.5
    endloop
  endfacet
  facet normal 0.194552 -0.980892 0
    outer loop
      vertex 165.052 -1.26909 1.5
      vertex 165.245 -1.23081 30.11
      vertex 165.052 -1.26909 30.11
    endloop
  endfacet
  facet normal 0.194552 -0.980892 0
    outer loop
      vertex 165.245 -1.23081 30.11
      vertex 165.052 -1.26909 1.5
      vertex 165.245 -1.23081 1.5
    endloop
  endfacet
  facet normal 0.0654284 -0.997857 0
    outer loop
      vertex 163.2 -1.49999 1.5
      vertex 164.035 -1.44524 30.11
      vertex 163.2 -1.49999 30.11
    endloop
  endfacet
  facet normal 0.0654284 -0.997857 0
    outer loop
      vertex 164.035 -1.44524 30.11
      vertex 163.2 -1.49999 1.5
      vertex 164.035 -1.44524 1.5
    endloop
  endfacet
  facet normal -0.321437 -0.946931 0
    outer loop
      vertex 4.16953 -1.16774 1.5
      vertex 4.35533 -1.23081 30.11
      vertex 4.16953 -1.16774 30.11
    endloop
  endfacet
  facet normal -0.321437 -0.946931 -0
    outer loop
      vertex 4.35533 -1.23081 30.11
      vertex 4.16953 -1.16774 1.5
      vertex 4.35533 -1.23081 1.5
    endloop
  endfacet
  facet normal 0.555599 -0.83145 0
    outer loop
      vertex 167.15 -0.441589 1.5
      vertex 167.846 0.0234985 30.11
      vertex 167.15 -0.441589 30.11
    endloop
  endfacet
  facet normal 0.555599 -0.83145 0
    outer loop
      vertex 167.846 0.0234985 30.11
      vertex 167.15 -0.441589 1.5
      vertex 167.846 0.0234985 1.5
    endloop
  endfacet
  facet normal 0.44221 -0.896912 0
    outer loop
      vertex 166.399 -0.811859 1.5
      vertex 167.15 -0.441589 30.11
      vertex 166.399 -0.811859 30.11
    endloop
  endfacet
  facet normal 0.44221 -0.896912 0
    outer loop
      vertex 167.15 -0.441589 30.11
      vertex 166.399 -0.811859 1.5
      vertex 167.15 -0.441589 1.5
    endloop
  endfacet
  facet normal 0.659595 -0.751621 0
    outer loop
      vertex 168.157 0.261877 1.5
      vertex 168.786 0.813864 30.11
      vertex 168.157 0.261877 30.11
    endloop
  endfacet
  facet normal 0.659595 -0.751621 0
    outer loop
      vertex 168.786 0.813864 30.11
      vertex 168.157 0.261877 1.5
      vertex 168.786 0.813864 1.5
    endloop
  endfacet
  facet normal 0.0653194 -0.997864 0
    outer loop
      vertex 164.035 -1.44524 1.5
      vertex 164.231 -1.43241 30.11
      vertex 164.035 -1.44524 30.11
    endloop
  endfacet
  facet normal 0.0653194 -0.997864 0
    outer loop
      vertex 164.231 -1.43241 30.11
      vertex 164.035 -1.44524 1.5
      vertex 164.231 -1.43241 1.5
    endloop
  endfacet
  facet normal -0.195097 -0.980784 0
    outer loop
      vertex 4.35533 -1.23081 1.5
      vertex 4.54777 -1.26909 30.11
      vertex 4.35533 -1.23081 30.11
    endloop
  endfacet
  facet normal -0.195097 -0.980784 -0
    outer loop
      vertex 4.54777 -1.26909 30.11
      vertex 4.35533 -1.23081 1.5
      vertex 4.54777 -1.26909 1.5
    endloop
  endfacet
  facet normal -0.442295 -0.89687 0
    outer loop
      vertex 2.45001 -0.441589 1.5
      vertex 3.20083 -0.811859 30.11
      vertex 2.45001 -0.441589 30.11
    endloop
  endfacet
  facet normal -0.442295 -0.89687 -0
    outer loop
      vertex 3.20083 -0.811859 30.11
      vertex 2.45001 -0.441589 1.5
      vertex 3.20083 -0.811859 1.5
    endloop
  endfacet
  facet normal -0.751832 -0.659355 0
    outer loop
      vertex 0.813864 0.813864 1.5
      vertex 0.659972 0.98934 28.11
      vertex 0.659972 0.98934 1.5
    endloop
  endfacet
  facet normal -0.751832 -0.659355 -0
    outer loop
      vertex 0.813864 0.813864 30.11
      vertex 0.659972 0.98934 28.11
      vertex 0.813864 0.813864 1.5
    endloop
  endfacet
  facet normal -0.751832 -0.659355 0
    outer loop
      vertex 0.659972 0.98934 28.11
      vertex 0.813864 0.813864 30.11
      vertex 0.659972 0.98934 30.11
    endloop
  endfacet
  facet normal 0.751603 -0.659616 0
    outer loop
      vertex 168.786 0.813864 30.11
      vertex 168.94 0.98934 28.11
      vertex 168.94 0.98934 30.11
    endloop
  endfacet
  facet normal 0.751603 -0.659616 0
    outer loop
      vertex 168.786 0.813864 1.5
      vertex 168.94 0.98934 28.11
      vertex 168.786 0.813864 30.11
    endloop
  endfacet
  facet normal 0.751603 -0.659616 0
    outer loop
      vertex 168.94 0.98934 28.11
      vertex 168.786 0.813864 1.5
      vertex 168.94 0.98934 1.5
    endloop
  endfacet
  facet normal 0.442237 -0.896898 0
    outer loop
      vertex 166.223 -0.89864 1.5
      vertex 166.399 -0.811859 30.11
      vertex 166.223 -0.89864 30.11
    endloop
  endfacet
  facet normal 0.442237 -0.896898 0
    outer loop
      vertex 166.399 -0.811859 30.11
      vertex 166.223 -0.89864 1.5
      vertex 166.399 -0.811859 1.5
    endloop
  endfacet
  facet normal -0.321448 -0.946927 0
    outer loop
      vertex 3.37681 -0.89864 1.5
      vertex 4.16953 -1.16774 30.11
      vertex 3.37681 -0.89864 30.11
    endloop
  endfacet
  facet normal -0.321448 -0.946927 -0
    outer loop
      vertex 4.16953 -1.16774 30.11
      vertex 3.37681 -0.89864 1.5
      vertex 4.16953 -1.16774 1.5
    endloop
  endfacet
  facet normal -0.195089 -0.980786 0
    outer loop
      vertex 4.54777 -1.26909 1.5
      vertex 5.36884 -1.43241 30.11
      vertex 4.54777 -1.26909 30.11
    endloop
  endfacet
  facet normal -0.195089 -0.980786 -0
    outer loop
      vertex 5.36884 -1.43241 30.11
      vertex 4.54777 -1.26909 1.5
      vertex 5.36884 -1.43241 1.5
    endloop
  endfacet
  facet normal -0.0653892 -0.99786 0
    outer loop
      vertex 5.36884 -1.43241 1.5
      vertex 5.56463 -1.44524 30.11
      vertex 5.36884 -1.43241 30.11
    endloop
  endfacet
  facet normal -0.0653892 -0.99786 -0
    outer loop
      vertex 5.56463 -1.44524 30.11
      vertex 5.36884 -1.43241 1.5
      vertex 5.56463 -1.44524 1.5
    endloop
  endfacet
  facet normal -0.659341 -0.751844 0
    outer loop
      vertex 1.44327 0.261877 1.5
      vertex 1.59079 0.132507 30.11
      vertex 1.44327 0.261877 30.11
    endloop
  endfacet
  facet normal -0.659341 -0.751844 -0
    outer loop
      vertex 1.59079 0.132507 30.11
      vertex 1.44327 0.261877 1.5
      vertex 1.59079 0.132507 1.5
    endloop
  endfacet
  facet normal 0 0 -1
    outer loop
      vertex 169.3 2.4 1.5
      vertex 171.1 6.40001 1.5
      vertex 171.045 5.56463 1.5
    endloop
  endfacet
  facet normal -0 0 -1
    outer loop
      vertex 171.1 6.40001 1.5
      vertex 169.3 2.4 1.5
      vertex 171.1 69.2 1.5
    endloop
  endfacet
  facet normal 0 0 -1
    outer loop
      vertex 169.3 2.4 1.5
      vertex 171.045 5.56463 1.5
      vertex 171.032 5.36884 1.5
    endloop
  endfacet
  facet normal 0 0 -1
    outer loop
      vertex 169.3 73.2 1.5
      vertex 171.1 69.2 1.5
      vertex 169.3 2.4 1.5
    endloop
  endfacet
  facet normal 0 0 -1
    outer loop
      vertex 169.3 2.4 1.5
      vertex 171.032 5.36884 1.5
      vertex 170.869 4.54777 1.5
    endloop
  endfacet
  facet normal 0 0 -1
    outer loop
      vertex 171.1 69.2 1.5
      vertex 169.3 73.2 1.5
      vertex 171.045 70.0354 1.5
    endloop
  endfacet
  facet normal 0 0 -1
    outer loop
      vertex 170.768 4.16953 1.5
      vertex 170.869 4.54777 1.5
      vertex 170.831 4.35533 1.5
    endloop
  endfacet
  facet normal 0 0 -1
    outer loop
      vertex 171.045 70.0354 1.5
      vertex 169.3 73.2 1.5
      vertex 171.032 70.2312 1.5
    endloop
  endfacet
  facet normal 0 0 -1
    outer loop
      vertex 170.869 4.54777 1.5
      vertex 170.768 4.16953 1.5
      vertex 169.3 2.4 1.5
    endloop
  endfacet
  facet normal 0 0 -1
    outer loop
      vertex 171.032 70.2312 1.5
      vertex 169.3 73.2 1.5
      vertex 170.869 71.0522 1.5
    endloop
  endfacet
  facet normal 0 0 -1
    outer loop
      vertex 169.3 2.4 1.5
      vertex 170.768 4.16953 1.5
      vertex 170.499 3.37681 1.5
    endloop
  endfacet
  facet normal -0 -0 -1
    outer loop
      vertex 170.768 71.4305 1.5
      vertex 170.869 71.0522 1.5
      vertex 169.3 73.2 1.5
    endloop
  endfacet
  facet normal 0 0 -1
    outer loop
      vertex 169.3 2.4 1.5
      vertex 170.499 3.37681 1.5
      vertex 170.412 3.20083 1.5
    endloop
  endfacet
  facet normal 0 0 -1
    outer loop
      vertex 170.869 71.0522 1.5
      vertex 170.768 71.4305 1.5
      vertex 170.831 71.2447 1.5
    endloop
  endfacet
  facet normal 0 0 -1
    outer loop
      vertex 169.3 2.4 1.5
      vertex 170.412 3.20083 1.5
      vertex 170.042 2.45001 1.5
    endloop
  endfacet
  facet normal 0 0 -1
    outer loop
      vertex 170.768 71.4305 1.5
      vertex 169.3 73.2 1.5
      vertex 170.499 72.2232 1.5
    endloop
  endfacet
  facet normal 0 0 -1
    outer loop
      vertex 169.287 2.20421 1.5
      vertex 170.042 2.45001 1.5
      vertex 169.577 1.75393 1.5
    endloop
  endfacet
  facet normal 0 0 -1
    outer loop
      vertex 170.499 72.2232 1.5
      vertex 169.3 73.2 1.5
      vertex 170.412 72.3992 1.5
    endloop
  endfacet
  facet normal 0 0 -1
    outer loop
      vertex 169.186 1.82598 1.5
      vertex 169.577 1.75393 1.5
      vertex 169.467 1.59079 1.5
    endloop
  endfacet
  facet normal 0 0 -1
    outer loop
      vertex 170.412 72.3992 1.5
      vertex 169.3 73.2 1.5
      vertex 170.042 73.15 1.5
    endloop
  endfacet
  facet normal 0 0 -1
    outer loop
      vertex 169.099 1.65 1.5
      vertex 169.467 1.59079 1.5
      vertex 169.338 1.44327 1.5
    endloop
  endfacet
  facet normal 0 0 -1
    outer loop
      vertex 169.287 73.3958 1.5
      vertex 170.042 73.15 1.5
      vertex 169.3 73.2 1.5
    endloop
  endfacet
  facet normal 0 0 -1
    outer loop
      vertex 170.042 73.15 1.5
      vertex 169.287 73.3958 1.5
      vertex 169.577 73.8461 1.5
    endloop
  endfacet
  facet normal 0 0 -1
    outer loop
      vertex 170.042 2.45001 1.5
      vertex 169.287 2.20421 1.5
      vertex 169.3 2.4 1.5
    endloop
  endfacet
  facet normal 0 0 -1
    outer loop
      vertex 169.577 1.75393 1.5
      vertex 169.249 2.01177 1.5
      vertex 169.287 2.20421 1.5
    endloop
  endfacet
  facet normal 0 0 -1
    outer loop
      vertex 169.099 1.65 1.5
      vertex 169.338 1.44327 1.5
      vertex 169.247 1.33935 1.5
    endloop
  endfacet
  facet normal 0 0 -1
    outer loop
      vertex 169.577 1.75393 1.5
      vertex 169.186 1.82598 1.5
      vertex 169.249 2.01177 1.5
    endloop
  endfacet
  facet normal 0 0 -1
    outer loop
      vertex 169.467 1.59079 1.5
      vertex 169.099 1.65 1.5
      vertex 169.186 1.82598 1.5
    endloop
  endfacet
  facet normal 0 0 -1
    outer loop
      vertex 169.247 1.33935 1.5
      vertex 168.99 1.48686 1.5
      vertex 169.099 1.65 1.5
    endloop
  endfacet
  facet normal 0 0 -1
    outer loop
      vertex 168.861 1.33934 1.5
      vertex 169.247 1.33935 1.5
      vertex 168.94 0.98934 1.5
    endloop
  endfacet
  facet normal -0 0 -1
    outer loop
      vertex 169.247 1.33935 1.5
      vertex 168.861 1.33934 1.5
      vertex 168.99 1.48686 1.5
    endloop
  endfacet
  facet normal 0 0 -1
    outer loop
      vertex 168.713 1.20997 1.5
      vertex 168.94 0.98934 1.5
      vertex 168.786 0.813864 1.5
    endloop
  endfacet
  facet normal 0 0 -1
    outer loop
      vertex 168.94 0.98934 1.5
      vertex 168.713 1.20997 1.5
      vertex 168.861 1.33934 1.5
    endloop
  endfacet
  facet normal 0 0 -1
    outer loop
      vertex 168.786 0.813864 1.5
      vertex 168.55 1.10096 1.5
      vertex 168.713 1.20997 1.5
    endloop
  endfacet
  facet normal 0 0 -1
    outer loop
      vertex 168.786 0.813864 1.5
      vertex 168.374 1.01418 1.5
      vertex 168.55 1.10096 1.5
    endloop
  endfacet
  facet normal 0 0 -1
    outer loop
      vertex 168.157 0.261877 1.5
      vertex 168.374 1.01418 1.5
      vertex 168.786 0.813864 1.5
    endloop
  endfacet
  facet normal 0 0 -1
    outer loop
      vertex 168.374 1.01418 1.5
      vertex 168.157 0.261877 1.5
      vertex 168.188 0.951112 1.5
    endloop
  endfacet
  facet normal 0 0 -1
    outer loop
      vertex 167.8 0.9 1.5
      vertex 168.157 0.261877 1.5
      vertex 168.009 0.132507 1.5
    endloop
  endfacet
  facet normal 0 0 -1
    outer loop
      vertex 168.157 0.261877 1.5
      vertex 167.996 0.912833 1.5
      vertex 168.188 0.951112 1.5
    endloop
  endfacet
  facet normal 0 0 -1
    outer loop
      vertex 167.8 0.9 1.5
      vertex 168.009 0.132507 1.5
      vertex 167.846 0.0234985 1.5
    endloop
  endfacet
  facet normal 0 0 -1
    outer loop
      vertex 168.157 0.261877 1.5
      vertex 167.8 0.9 1.5
      vertex 167.996 0.912833 1.5
    endloop
  endfacet
  facet normal 0 0 -1
    outer loop
      vertex 167.15 -0.441589 1.5
      vertex 167.8 0.9 1.5
      vertex 167.846 0.0234985 1.5
    endloop
  endfacet
  facet normal 0 0 -1
    outer loop
      vertex 166.399 -0.811859 1.5
      vertex 167.8 0.9 1.5
      vertex 167.15 -0.441589 1.5
    endloop
  endfacet
  facet normal 0 0 -1
    outer loop
      vertex 166.223 -0.89864 1.5
      vertex 167.8 0.9 1.5
      vertex 166.399 -0.811859 1.5
    endloop
  endfacet
  facet normal 0 0 -1
    outer loop
      vertex 165.43 -1.16774 1.5
      vertex 167.8 0.9 1.5
      vertex 166.223 -0.89864 1.5
    endloop
  endfacet
  facet normal 0 0 -1
    outer loop
      vertex 165.052 -1.26909 1.5
      vertex 165.43 -1.16774 1.5
      vertex 165.245 -1.23081 1.5
    endloop
  endfacet
  facet normal -0 0 -1
    outer loop
      vertex 165.43 -1.16774 1.5
      vertex 165.052 -1.26909 1.5
      vertex 167.8 0.9 1.5
    endloop
  endfacet
  facet normal 0 0 -1
    outer loop
      vertex 164.035 -1.44524 1.5
      vertex 165.052 -1.26909 1.5
      vertex 164.231 -1.43241 1.5
    endloop
  endfacet
  facet normal -0 0 -1
    outer loop
      vertex 165.052 -1.26909 1.5
      vertex 164.035 -1.44524 1.5
      vertex 167.8 0.9 1.5
    endloop
  endfacet
  facet normal 0 0 -1
    outer loop
      vertex 163.2 -1.49999 1.5
      vertex 167.8 0.9 1.5
      vertex 164.035 -1.44524 1.5
    endloop
  endfacet
  facet normal 0 0 -1
    outer loop
      vertex 163.2 -1.49999 1.5
      vertex 124.6 0.9 1.5
      vertex 167.8 0.9 1.5
    endloop
  endfacet
  facet normal 0 0 -1
    outer loop
      vertex 123.1 2.4 1.5
      vertex 22.9 19.83 1.5
      vertex 123.1 73.2 1.5
    endloop
  endfacet
  facet normal 0 0 -1
    outer loop
      vertex 123.113 2.20421 1.5
      vertex 22.9 19.83 1.5
      vertex 123.1 2.4 1.5
    endloop
  endfacet
  facet normal 0 0 -1
    outer loop
      vertex 123.151 2.01177 1.5
      vertex 22.9 19.83 1.5
      vertex 123.113 2.20421 1.5
    endloop
  endfacet
  facet normal 0 0 -1
    outer loop
      vertex 123.214 1.82598 1.5
      vertex 22.9 19.83 1.5
      vertex 123.151 2.01177 1.5
    endloop
  endfacet
  facet normal 0 0 -1
    outer loop
      vertex 123.301 1.65 1.5
      vertex 22.9 19.83 1.5
      vertex 123.214 1.82598 1.5
    endloop
  endfacet
  facet normal 0 0 -1
    outer loop
      vertex 6.40001 -1.49999 1.5
      vertex 123.301 1.65 1.5
      vertex 123.41 1.48686 1.5
    endloop
  endfacet
  facet normal 0 0 -1
    outer loop
      vertex 6.40001 -1.49999 1.5
      vertex 123.41 1.48686 1.5
      vertex 123.539 1.33934 1.5
    endloop
  endfacet
  facet normal 0 0 -1
    outer loop
      vertex 6.40001 -1.49999 1.5
      vertex 123.539 1.33934 1.5
      vertex 123.687 1.20997 1.5
    endloop
  endfacet
  facet normal 0 0 -1
    outer loop
      vertex 6.40001 -1.49999 1.5
      vertex 123.687 1.20997 1.5
      vertex 123.85 1.10096 1.5
    endloop
  endfacet
  facet normal 0 0 -1
    outer loop
      vertex 6.40001 -1.49999 1.5
      vertex 123.85 1.10096 1.5
      vertex 124.026 1.01418 1.5
    endloop
  endfacet
  facet normal 0 0 -1
    outer loop
      vertex 6.40001 -1.49999 1.5
      vertex 124.026 1.01418 1.5
      vertex 124.212 0.951112 1.5
    endloop
  endfacet
  facet normal 0 0 -1
    outer loop
      vertex 6.40001 -1.49999 1.5
      vertex 124.212 0.951112 1.5
      vertex 124.404 0.912833 1.5
    endloop
  endfacet
  facet normal 0 0 -1
    outer loop
      vertex 6.40001 -1.49999 1.5
      vertex 124.6 0.9 1.5
      vertex 163.2 -1.49999 1.5
    endloop
  endfacet
  facet normal 0 0 -1
    outer loop
      vertex 6.40001 -1.49999 1.5
      vertex 124.404 0.912833 1.5
      vertex 124.6 0.9 1.5
    endloop
  endfacet
  facet normal -0 0 -1
    outer loop
      vertex 123.301 1.65 1.5
      vertex 6.40001 -1.49999 1.5
      vertex 22.9 19.83 1.5
    endloop
  endfacet
  facet normal 0 0 -1
    outer loop
      vertex -1.49999 6.40001 1.5
      vertex 6.40001 -1.49999 1.5
      vertex 5.56463 -1.44524 1.5
    endloop
  endfacet
  facet normal 0 0 -1
    outer loop
      vertex 4.54777 -1.26909 1.5
      vertex 5.56463 -1.44524 1.5
      vertex 5.36884 -1.43241 1.5
    endloop
  endfacet
  facet normal 0 0 -1
    outer loop
      vertex 5.56463 -1.44524 1.5
      vertex 4.54777 -1.26909 1.5
      vertex -1.49999 6.40001 1.5
    endloop
  endfacet
  facet normal 0 0 -1
    outer loop
      vertex 4.16953 -1.16774 1.5
      vertex 4.54777 -1.26909 1.5
      vertex 4.35533 -1.23081 1.5
    endloop
  endfacet
  facet normal 0 0 -1
    outer loop
      vertex 4.54777 -1.26909 1.5
      vertex 4.16953 -1.16774 1.5
      vertex -1.49999 6.40001 1.5
    endloop
  endfacet
  facet normal 0 0 -1
    outer loop
      vertex 6.40001 -1.49999 1.5
      vertex 3.9 19.83 1.5
      vertex 22.9 19.83 1.5
    endloop
  endfacet
  facet normal 0 0 -1
    outer loop
      vertex 6.40001 -1.49999 1.5
      vertex -1.49999 6.40001 1.5
      vertex 3.9 19.83 1.5
    endloop
  endfacet
  facet normal 0 0 -1
    outer loop
      vertex -1.49999 6.40001 1.5
      vertex 4.16953 -1.16774 1.5
      vertex 3.37681 -0.89864 1.5
    endloop
  endfacet
  facet normal 0 0 -1
    outer loop
      vertex 169.249 73.5882 1.5
      vertex 169.577 73.8461 1.5
      vertex 169.287 73.3958 1.5
    endloop
  endfacet
  facet normal 0 0 -1
    outer loop
      vertex 169.186 73.774 1.5
      vertex 169.577 73.8461 1.5
      vertex 169.249 73.5882 1.5
    endloop
  endfacet
  facet normal -0 0 -1
    outer loop
      vertex 169.577 73.8461 1.5
      vertex 169.186 73.774 1.5
      vertex 169.467 74.0092 1.5
    endloop
  endfacet
  facet normal 0 0 -1
    outer loop
      vertex 169.099 73.95 1.5
      vertex 169.467 74.0092 1.5
      vertex 169.186 73.774 1.5
    endloop
  endfacet
  facet normal -0 0 -1
    outer loop
      vertex 169.467 74.0092 1.5
      vertex 169.099 73.95 1.5
      vertex 169.338 74.1567 1.5
    endloop
  endfacet
  facet normal 0 0 -1
    outer loop
      vertex 168.99 74.1131 1.5
      vertex 169.338 74.1567 1.5
      vertex 169.099 73.95 1.5
    endloop
  endfacet
  facet normal 0 0 -1
    outer loop
      vertex 168.861 74.2607 1.5
      vertex 169.338 74.1567 1.5
      vertex 168.99 74.1131 1.5
    endloop
  endfacet
  facet normal 0 0 -1
    outer loop
      vertex 168.861 74.2607 1.5
      vertex 168.786 74.7861 1.5
      vertex 169.338 74.1567 1.5
    endloop
  endfacet
  facet normal 0 0 -1
    outer loop
      vertex 168.713 74.39 1.5
      vertex 168.786 74.7861 1.5
      vertex 168.861 74.2607 1.5
    endloop
  endfacet
  facet normal 0 0 -1
    outer loop
      vertex 168.55 74.499 1.5
      vertex 168.786 74.7861 1.5
      vertex 168.713 74.39 1.5
    endloop
  endfacet
  facet normal 0 0 -1
    outer loop
      vertex 168.374 74.5858 1.5
      vertex 168.786 74.7861 1.5
      vertex 168.55 74.499 1.5
    endloop
  endfacet
  facet normal 0 0 -1
    outer loop
      vertex 168.157 75.3381 1.5
      vertex 168.374 74.5858 1.5
      vertex 168.188 74.6489 1.5
    endloop
  endfacet
  facet normal 0 0 -1
    outer loop
      vertex 168.374 74.5858 1.5
      vertex 168.157 75.3381 1.5
      vertex 168.786 74.7861 1.5
    endloop
  endfacet
  facet normal 0 0 -1
    outer loop
      vertex 167.996 74.6872 1.5
      vertex 168.157 75.3381 1.5
      vertex 168.188 74.6489 1.5
    endloop
  endfacet
  facet normal 0 0 -1
    outer loop
      vertex 167.8 74.7 1.5
      vertex 168.157 75.3381 1.5
      vertex 167.996 74.6872 1.5
    endloop
  endfacet
  facet normal -0 0 -1
    outer loop
      vertex 168.157 75.3381 1.5
      vertex 167.8 74.7 1.5
      vertex 168.009 75.4675 1.5
    endloop
  endfacet
  facet normal -0 0 -1
    outer loop
      vertex 168.009 75.4675 1.5
      vertex 167.8 74.7 1.5
      vertex 167.846 75.5765 1.5
    endloop
  endfacet
  facet normal 0 0 -1
    outer loop
      vertex 167.8 74.7 1.5
      vertex 167.15 76.0416 1.5
      vertex 167.846 75.5765 1.5
    endloop
  endfacet
  facet normal 0 0 -1
    outer loop
      vertex 167.8 74.7 1.5
      vertex 166.399 76.4119 1.5
      vertex 167.15 76.0416 1.5
    endloop
  endfacet
  facet normal 0 0 -1
    outer loop
      vertex 167.8 74.7 1.5
      vertex 166.223 76.4986 1.5
      vertex 166.399 76.4119 1.5
    endloop
  endfacet
  facet normal 0 0 -1
    outer loop
      vertex 167.8 74.7 1.5
      vertex 165.43 76.7677 1.5
      vertex 166.223 76.4986 1.5
    endloop
  endfacet
  facet normal 0 0 -1
    outer loop
      vertex 165.052 76.8691 1.5
      vertex 165.43 76.7677 1.5
      vertex 167.8 74.7 1.5
    endloop
  endfacet
  facet normal 0 0 -1
    outer loop
      vertex 165.43 76.7677 1.5
      vertex 165.052 76.8691 1.5
      vertex 165.245 76.8308 1.5
    endloop
  endfacet
  facet normal 0 0 -1
    outer loop
      vertex 164.035 77.0452 1.5
      vertex 165.052 76.8691 1.5
      vertex 167.8 74.7 1.5
    endloop
  endfacet
  facet normal 0 0 -1
    outer loop
      vertex 165.052 76.8691 1.5
      vertex 164.035 77.0452 1.5
      vertex 164.231 77.0324 1.5
    endloop
  endfacet
  facet normal 0 0 -1
    outer loop
      vertex 167.8 74.7 1.5
      vertex 163.2 77.1 1.5
      vertex 164.035 77.0452 1.5
    endloop
  endfacet
  facet normal 0 0 -1
    outer loop
      vertex 124.6 74.7 1.5
      vertex 163.2 77.1 1.5
      vertex 167.8 74.7 1.5
    endloop
  endfacet
  facet normal 0 0 -1
    outer loop
      vertex 22.9 55.77 1.5
      vertex 123.1 73.2 1.5
      vertex 22.9 19.83 1.5
    endloop
  endfacet
  facet normal -0 0 -1
    outer loop
      vertex 123.1 73.2 1.5
      vertex 22.9 55.77 1.5
      vertex 123.113 73.3958 1.5
    endloop
  endfacet
  facet normal -0 0 -1
    outer loop
      vertex 123.113 73.3958 1.5
      vertex 22.9 55.77 1.5
      vertex 123.151 73.5882 1.5
    endloop
  endfacet
  facet normal -0 0 -1
    outer loop
      vertex 123.151 73.5882 1.5
      vertex 22.9 55.77 1.5
      vertex 123.214 73.774 1.5
    endloop
  endfacet
  facet normal -0 0 -1
    outer loop
      vertex 123.214 73.774 1.5
      vertex 22.9 55.77 1.5
      vertex 123.301 73.95 1.5
    endloop
  endfacet
  facet normal 0 0 -1
    outer loop
      vertex 6.40001 77.1 1.5
      vertex 123.301 73.95 1.5
      vertex 22.9 55.77 1.5
    endloop
  endfacet
  facet normal 0 0 -1
    outer loop
      vertex 123.301 73.95 1.5
      vertex 6.40001 77.1 1.5
      vertex 123.41 74.1131 1.5
    endloop
  endfacet
  facet normal 0 0 -1
    outer loop
      vertex 123.41 74.1131 1.5
      vertex 6.40001 77.1 1.5
      vertex 123.539 74.2607 1.5
    endloop
  endfacet
  facet normal 0 0 -1
    outer loop
      vertex 123.539 74.2607 1.5
      vertex 6.40001 77.1 1.5
      vertex 123.687 74.39 1.5
    endloop
  endfacet
  facet normal 0 0 -1
    outer loop
      vertex 123.687 74.39 1.5
      vertex 6.40001 77.1 1.5
      vertex 123.85 74.499 1.5
    endloop
  endfacet
  facet normal 0 0 -1
    outer loop
      vertex 123.85 74.499 1.5
      vertex 6.40001 77.1 1.5
      vertex 124.026 74.5858 1.5
    endloop
  endfacet
  facet normal 0 0 -1
    outer loop
      vertex 124.026 74.5858 1.5
      vertex 6.40001 77.1 1.5
      vertex 124.212 74.6489 1.5
    endloop
  endfacet
  facet normal 0 0 -1
    outer loop
      vertex 124.6 74.7 1.5
      vertex 6.40001 77.1 1.5
      vertex 163.2 77.1 1.5
    endloop
  endfacet
  facet normal 0 0 -1
    outer loop
      vertex 124.404 74.6872 1.5
      vertex 6.40001 77.1 1.5
      vertex 124.6 74.7 1.5
    endloop
  endfacet
  facet normal 0 0 -1
    outer loop
      vertex 124.212 74.6489 1.5
      vertex 6.40001 77.1 1.5
      vertex 124.404 74.6872 1.5
    endloop
  endfacet
  facet normal 0 0 -1
    outer loop
      vertex 3.9 55.77 1.5
      vertex 6.40001 77.1 1.5
      vertex 22.9 55.77 1.5
    endloop
  endfacet
  facet normal 0 0 -1
    outer loop
      vertex -1.49999 69.2 1.5
      vertex 6.40001 77.1 1.5
      vertex 3.9 55.77 1.5
    endloop
  endfacet
  facet normal 0 0 -1
    outer loop
      vertex 6.40001 77.1 1.5
      vertex -1.49999 69.2 1.5
      vertex 5.56463 77.0452 1.5
    endloop
  endfacet
  facet normal 0 -0 -1
    outer loop
      vertex 4.54777 76.8691 1.5
      vertex 5.56463 77.0452 1.5
      vertex -1.49999 69.2 1.5
    endloop
  endfacet
  facet normal 0 0 -1
    outer loop
      vertex 5.56463 77.0452 1.5
      vertex 4.54777 76.8691 1.5
      vertex 5.36884 77.0324 1.5
    endloop
  endfacet
  facet normal 0 -0 -1
    outer loop
      vertex 4.16953 76.7677 1.5
      vertex 4.54777 76.8691 1.5
      vertex -1.49999 69.2 1.5
    endloop
  endfacet
  facet normal 0 0 -1
    outer loop
      vertex 4.54777 76.8691 1.5
      vertex 4.16953 76.7677 1.5
      vertex 4.35533 76.8308 1.5
    endloop
  endfacet
  facet normal -0 0 -1
    outer loop
      vertex 3.9 19.83 1.5
      vertex -1.49999 6.40001 1.5
      vertex 3.9 55.77 1.5
    endloop
  endfacet
  facet normal 0 0 -1
    outer loop
      vertex -1.49999 6.40001 1.5
      vertex 3.37681 -0.89864 1.5
      vertex 3.20083 -0.811859 1.5
    endloop
  endfacet
  facet normal 0 0 -1
    outer loop
      vertex -1.49999 69.2 1.5
      vertex 3.9 55.77 1.5
      vertex -1.49999 6.40001 1.5
    endloop
  endfacet
  facet normal 0 0 -1
    outer loop
      vertex 1.75393 0.0234985 1.5
      vertex 3.20083 -0.811859 1.5
      vertex 2.45001 -0.441589 1.5
    endloop
  endfacet
  facet normal 0 -0 -1
    outer loop
      vertex 3.20083 76.4119 1.5
      vertex 4.16953 76.7677 1.5
      vertex -1.49999 69.2 1.5
    endloop
  endfacet
  facet normal 0 0 -1
    outer loop
      vertex 3.20083 -0.811859 1.5
      vertex 1.75393 0.0234985 1.5
      vertex -1.49999 6.40001 1.5
    endloop
  endfacet
  facet normal 0 0 -1
    outer loop
      vertex 4.16953 76.7677 1.5
      vertex 3.20083 76.4119 1.5
      vertex 3.37681 76.4986 1.5
    endloop
  endfacet
  facet normal 0 0 -1
    outer loop
      vertex 1.44327 0.261877 1.5
      vertex 1.75393 0.0234985 1.5
      vertex 1.59079 0.132507 1.5
    endloop
  endfacet
  facet normal 0 -0 -1
    outer loop
      vertex 1.75393 75.5765 1.5
      vertex 3.20083 76.4119 1.5
      vertex -1.49999 69.2 1.5
    endloop
  endfacet
  facet normal 0 0 -1
    outer loop
      vertex 1.75393 0.0234985 1.5
      vertex 1.44327 0.261877 1.5
      vertex -1.49999 6.40001 1.5
    endloop
  endfacet
  facet normal 0 0 -1
    outer loop
      vertex 3.20083 76.4119 1.5
      vertex 1.75393 75.5765 1.5
      vertex 2.45001 76.0416 1.5
    endloop
  endfacet
  facet normal 0 0 -1
    outer loop
      vertex 0.659972 0.98934 1.5
      vertex 1.44327 0.261877 1.5
      vertex 0.813864 0.813864 1.5
    endloop
  endfacet
  facet normal 0 -0 -1
    outer loop
      vertex 1.44327 75.3381 1.5
      vertex 1.75393 75.5765 1.5
      vertex -1.49999 69.2 1.5
    endloop
  endfacet
  facet normal 0 0 -1
    outer loop
      vertex 1.44327 0.261877 1.5
      vertex 0.659972 0.98934 1.5
      vertex -1.49999 6.40001 1.5
    endloop
  endfacet
  facet normal 0 0 -1
    outer loop
      vertex -1.49999 6.40001 1.5
      vertex 0.659972 0.98934 1.5
      vertex 0.35302 1.33935 1.5
    endloop
  endfacet
  facet normal 0 0 -1
    outer loop
      vertex 0.0234985 1.75393 1.5
      vertex 0.35302 1.33935 1.5
      vertex 0.261877 1.44327 1.5
    endloop
  endfacet
  facet normal 0 0 -1
    outer loop
      vertex 1.75393 75.5765 1.5
      vertex 1.44327 75.3381 1.5
      vertex 1.59079 75.4675 1.5
    endloop
  endfacet
  facet normal 0 0 -1
    outer loop
      vertex 0.0234985 1.75393 1.5
      vertex 0.261877 1.44327 1.5
      vertex 0.132507 1.59079 1.5
    endloop
  endfacet
  facet normal 0 -0 -1
    outer loop
      vertex 0.261877 74.1567 1.5
      vertex 1.44327 75.3381 1.5
      vertex -1.49999 69.2 1.5
    endloop
  endfacet
  facet normal 0 0 -1
    outer loop
      vertex 0.35302 1.33935 1.5
      vertex 0.0234985 1.75393 1.5
      vertex -1.49999 6.40001 1.5
    endloop
  endfacet
  facet normal 0 0 -1
    outer loop
      vertex 1.44327 75.3381 1.5
      vertex 0.261877 74.1567 1.5
      vertex 0.813864 74.7861 1.5
    endloop
  endfacet
  facet normal 0 0 -1
    outer loop
      vertex -0.811859 3.20083 1.5
      vertex 0.0234985 1.75393 1.5
      vertex -0.441589 2.45001 1.5
    endloop
  endfacet
  facet normal 0 -0 -1
    outer loop
      vertex 0.0234985 73.8461 1.5
      vertex 0.261877 74.1567 1.5
      vertex -1.49999 69.2 1.5
    endloop
  endfacet
  facet normal 0 0 -1
    outer loop
      vertex 0.0234985 1.75393 1.5
      vertex -0.811859 3.20083 1.5
      vertex -1.49999 6.40001 1.5
    endloop
  endfacet
  facet normal 0 0 -1
    outer loop
      vertex 0.261877 74.1567 1.5
      vertex 0.0234985 73.8461 1.5
      vertex 0.132507 74.0092 1.5
    endloop
  endfacet
  facet normal 0 0 -1
    outer loop
      vertex -1.16774 4.16953 1.5
      vertex -0.811859 3.20083 1.5
      vertex -0.89864 3.37681 1.5
    endloop
  endfacet
  facet normal 0 -0 -1
    outer loop
      vertex -0.811859 72.3992 1.5
      vertex 0.0234985 73.8461 1.5
      vertex -1.49999 69.2 1.5
    endloop
  endfacet
  facet normal 0 0 -1
    outer loop
      vertex -0.811859 3.20083 1.5
      vertex -1.16774 4.16953 1.5
      vertex -1.49999 6.40001 1.5
    endloop
  endfacet
  facet normal 0 0 -1
    outer loop
      vertex 0.0234985 73.8461 1.5
      vertex -0.811859 72.3992 1.5
      vertex -0.441589 73.15 1.5
    endloop
  endfacet
  facet normal 0 0 -1
    outer loop
      vertex -1.26909 4.54777 1.5
      vertex -1.16774 4.16953 1.5
      vertex -1.23081 4.35533 1.5
    endloop
  endfacet
  facet normal 0 -0 -1
    outer loop
      vertex -1.16774 71.4305 1.5
      vertex -0.811859 72.3992 1.5
      vertex -1.49999 69.2 1.5
    endloop
  endfacet
  facet normal 0 0 -1
    outer loop
      vertex -1.16774 4.16953 1.5
      vertex -1.26909 4.54777 1.5
      vertex -1.49999 6.40001 1.5
    endloop
  endfacet
  facet normal 0 0 -1
    outer loop
      vertex -0.811859 72.3992 1.5
      vertex -1.16774 71.4305 1.5
      vertex -0.89864 72.2232 1.5
    endloop
  endfacet
  facet normal 0 0 -1
    outer loop
      vertex -1.44524 5.56463 1.5
      vertex -1.26909 4.54777 1.5
      vertex -1.43241 5.36884 1.5
    endloop
  endfacet
  facet normal 0 0 -1
    outer loop
      vertex -1.49999 6.40001 1.5
      vertex -1.26909 4.54777 1.5
      vertex -1.44524 5.56463 1.5
    endloop
  endfacet
  facet normal 0 -0 -1
    outer loop
      vertex -1.26909 71.0522 1.5
      vertex -1.16774 71.4305 1.5
      vertex -1.49999 69.2 1.5
    endloop
  endfacet
  facet normal 0 0 -1
    outer loop
      vertex -1.26909 71.0522 1.5
      vertex -1.44524 70.0354 1.5
      vertex -1.43241 70.2312 1.5
    endloop
  endfacet
  facet normal 0 0 -1
    outer loop
      vertex -1.16774 71.4305 1.5
      vertex -1.26909 71.0522 1.5
      vertex -1.23081 71.2447 1.5
    endloop
  endfacet
  facet normal 0 0 -1
    outer loop
      vertex -1.26909 71.0522 1.5
      vertex -1.49999 69.2 1.5
      vertex -1.44524 70.0354 1.5
    endloop
  endfacet
  facet normal -0.0653987 -0.997859 0
    outer loop
      vertex 5.56463 -1.44524 1.5
      vertex 6.40001 -1.49999 30.11
      vertex 5.56463 -1.44524 30.11
    endloop
  endfacet
  facet normal -0.0653987 -0.997859 -0
    outer loop
      vertex 6.40001 -1.49999 30.11
      vertex 5.56463 -1.44524 1.5
      vertex 6.40001 -1.49999 1.5
    endloop
  endfacet
  facet normal 0.997834 0.0657822 0
    outer loop
      vertex 171.077 69.55 30.11
      vertex 171.045 70.0354 28.1
      vertex 171.045 70.0354 30.11
    endloop
  endfacet
  facet normal 0.997834 0.0657822 0
    outer loop
      vertex 171.045 70.0354 28.1
      vertex 171.077 69.55 30.11
      vertex 171.077 69.55 28.1
    endloop
  endfacet
  facet normal 0.997803 0.0662484 0
    outer loop
      vertex 171.045 70.0354 30.11
      vertex 171.032 70.2312 28.11
      vertex 171.032 70.2312 30.11
    endloop
  endfacet
  facet normal 0.997803 0.0662484 0
    outer loop
      vertex 171.032 70.2312 28.11
      vertex 171.045 70.0354 28.1
      vertex 171.032 70.2312 3.51
    endloop
  endfacet
  facet normal 0.997803 0.0662484 0
    outer loop
      vertex 171.032 70.2312 28.11
      vertex 171.045 70.0354 30.11
      vertex 171.045 70.0354 28.1
    endloop
  endfacet
  facet normal 0.997803 0.0662484 -0
    outer loop
      vertex 171.045 70.0354 3.51
      vertex 171.032 70.2312 3.51
      vertex 171.045 70.0354 28.1
    endloop
  endfacet
  facet normal 0.997803 0.0662484 0
    outer loop
      vertex 171.032 70.2312 3.51
      vertex 171.045 70.0354 3.51
      vertex 171.032 70.2312 1.5
    endloop
  endfacet
  facet normal 0.997803 0.0662484 0
    outer loop
      vertex 171.032 70.2312 1.5
      vertex 171.045 70.0354 3.51
      vertex 171.045 70.0354 1.5
    endloop
  endfacet
  facet normal 0.982447 0.186541 0
    outer loop
      vertex 171.032 70.2312 30.11
      vertex 171.02 70.2944 28.11
      vertex 171.02 70.2944 30.11
    endloop
  endfacet
  facet normal 0.982447 0.186541 0
    outer loop
      vertex 171.02 70.2944 28.11
      vertex 171.032 70.2312 30.11
      vertex 171.032 70.2312 28.11
    endloop
  endfacet
  facet normal -0.997935 -0.0642251 -0
    outer loop
      vertex 166.05 69.55 30.11
      vertex 166.029 69.8763 30.11
      vertex 166.05 69.55 28.2453
    endloop
  endfacet
  facet normal 0 0 -1
    outer loop
      vertex 169.203 74.3103 28.1
      vertex 169.207 74.3062 28.1
      vertex 169.247 74.2607 28.1
    endloop
  endfacet
  facet normal 0 0 -1
    outer loop
      vertex 169.338 74.1567 28.1
      vertex 169.277 74.2264 28.1
      vertex 169.247 74.2607 28.1
    endloop
  endfacet
  facet normal 0 0 1
    outer loop
      vertex 169.338 74.1567 28.1
      vertex 169.247 74.2607 28.1
      vertex 169.207 74.3062 28.1
    endloop
  endfacet
  facet normal 0 0 1
    outer loop
      vertex 170.412 72.3992 28.1
      vertex 170.225 72.7784 28.1
      vertex 170.246 72.735 28.1
    endloop
  endfacet
  facet normal 0 0 1
    outer loop
      vertex 170.246 72.735 28.1
      vertex 170.225 72.7784 28.1
      vertex 170.07 73.0931 28.1
    endloop
  endfacet
  facet normal 0 0 -1
    outer loop
      vertex 171.1 6.40001 28.1
      vertex 171.077 6.05 28.1
      vertex 171.045 5.56463 28.1
    endloop
  endfacet
  facet normal 0 0 1
    outer loop
      vertex 171.1 6.40001 28.1
      vertex 171.045 5.56463 28.1
      vertex 171.066 5.8779 28.1
    endloop
  endfacet
  facet normal 0 0 1
    outer loop
      vertex 171.1 69.2 28.1
      vertex 171.066 69.7221 28.1
      vertex 171.045 70.0354 28.1
    endloop
  endfacet
  facet normal 0 0 -1
    outer loop
      vertex 171.1 69.2 28.1
      vertex 171.045 70.0354 28.1
      vertex 171.077 69.55 28.1
    endloop
  endfacet
  facet normal 0 0 -1
    outer loop
      vertex 169.598 73.8137 28.1
      vertex 169.577 73.8461 28.1
      vertex 169.631 73.7641 28.1
    endloop
  endfacet
  facet normal 0 0 1
    outer loop
      vertex 170.907 4.73975 28.1
      vertex 170.869 4.54777 28.1
      vertex 170.894 4.67349 28.1
    endloop
  endfacet
  facet normal -0 0 -1
    outer loop
      vertex 0.323005 74.2264 28.1
      vertex 0.261877 74.1567 28.1
      vertex 0.35302 74.2607 28.1
    endloop
  endfacet
  facet normal 0 0 1
    outer loop
      vertex 0.421969 74.3393 28.1
      vertex 0.35302 74.2607 28.1
      vertex 0.392938 74.3062 28.1
    endloop
  endfacet
  facet normal 0 0 1
    outer loop
      vertex 170.51 72.1911 28.1
      vertex 170.499 72.2232 28.1
      vertex 170.532 72.124 28.1
    endloop
  endfacet
  facet normal 0 0 1
    outer loop
      vertex 170.996 5.18422 28.1
      vertex 170.962 5.01438 28.1
      vertex 170.993 5.16894 28.1
    endloop
  endfacet
  facet normal 0 0 1
    outer loop
      vertex 170.993 70.4311 28.1
      vertex 170.962 70.5856 28.1
      vertex 170.996 70.4158 28.1
    endloop
  endfacet
  facet normal 0 0 -1
    outer loop
      vertex 0.813864 74.7861 28.1
      vertex 0.640072 74.588 28.1
      vertex 0.659972 74.6107 28.1
    endloop
  endfacet
  facet normal 0 0 1
    outer loop
      vertex 170.894 70.9265 28.1
      vertex 170.869 71.0522 28.1
      vertex 170.907 70.8603 28.1
    endloop
  endfacet
  facet normal -0.997935 -0.0642251 -0
    outer loop
      vertex 166.05 69.55 28.2453
      vertex 166.029 69.8763 28.11
      vertex 166.05 69.55 28.11
    endloop
  endfacet
  facet normal -0.997935 -0.0642251 0
    outer loop
      vertex 166.029 69.8763 28.11
      vertex 166.05 69.55 28.2453
      vertex 166.029 69.8763 30.11
    endloop
  endfacet
  facet normal 0.981056 -0.193723 0
    outer loop
      vertex 170.831 4.35533 30.11
      vertex 170.869 4.54777 28.1
      vertex 170.869 4.54777 30.11
    endloop
  endfacet
  facet normal 0.981056 -0.193723 0
    outer loop
      vertex 170.869 4.54777 28.1
      vertex 170.831 4.35533 30.11
      vertex 170.869 4.54777 3.51
    endloop
  endfacet
  facet normal 0.981056 -0.193723 0
    outer loop
      vertex 170.831 4.35533 1.5
      vertex 170.869 4.54777 3.51
      vertex 170.831 4.35533 30.11
    endloop
  endfacet
  facet normal 0.981056 -0.193723 0
    outer loop
      vertex 170.869 4.54777 3.51
      vertex 170.831 4.35533 1.5
      vertex 170.869 4.54777 1.5
    endloop
  endfacet
  facet normal 0.980188 -0.198068 0
    outer loop
      vertex 170.923 4.81893 30.11
      vertex 170.907 4.73975 28.11
      vertex 170.923 4.81893 28.11
    endloop
  endfacet
  facet normal 0.980742 -0.195309 -0.000113641
    outer loop
      vertex 170.869 4.54777 30.11
      vertex 170.907 4.73975 28.11
      vertex 170.923 4.81893 30.11
    endloop
  endfacet
  facet normal 0.980968 -0.19417 0
    outer loop
      vertex 170.869 4.54777 28.1
      vertex 170.907 4.73975 28.11
      vertex 170.869 4.54777 30.11
    endloop
  endfacet
  facet normal 0.980968 -0.19417 0
    outer loop
      vertex 170.907 4.73975 28.11
      vertex 170.869 4.54777 28.1
      vertex 170.907 4.73975 28.1
    endloop
  endfacet
  facet normal 0.947105 -0.320924 0
    outer loop
      vertex 170.692 3.94524 30.11
      vertex 170.768 4.16953 28.11
      vertex 170.768 4.16953 30.11
    endloop
  endfacet
  facet normal 0.947105 -0.320924 0
    outer loop
      vertex 170.768 4.16953 28.11
      vertex 170.692 3.94524 30.11
      vertex 170.692 3.94524 28.11
    endloop
  endfacet
  facet normal 0.94704 -0.321117 0
    outer loop
      vertex 170.768 4.16953 28.11
      vertex 170.831 4.35533 30.11
      vertex 170.768 4.16953 30.11
    endloop
  endfacet
  facet normal 0.94704 -0.321117 0
    outer loop
      vertex 170.831 4.35533 30.11
      vertex 170.768 4.16953 28.11
      vertex 170.831 4.35533 1.5
    endloop
  endfacet
  facet normal 0.94704 -0.321117 0
    outer loop
      vertex 170.768 4.16953 3.51
      vertex 170.831 4.35533 1.5
      vertex 170.768 4.16953 28.11
    endloop
  endfacet
  facet normal 0.94704 -0.321117 0
    outer loop
      vertex 170.831 4.35533 1.5
      vertex 170.768 4.16953 3.51
      vertex 170.768 4.16953 1.5
    endloop
  endfacet
  facet normal -0.947038 0.321123 0
    outer loop
      vertex 165.86 5.0933 28.11
      vertex 165.965 5.40296 28.3405
      vertex 165.965 5.40296 28.11
    endloop
  endfacet
  facet normal -0.947038 0.321122 1.60561e-06
    outer loop
      vertex 165.965 5.40296 28.3405
      vertex 165.86 5.0933 28.11
      vertex 165.86 5.09329 30.11
    endloop
  endfacet
  facet normal -0.947041 0.321114 0
    outer loop
      vertex 165.965 5.40296 29.0103
      vertex 165.86 5.09329 30.11
      vertex 165.965 5.40296 30.11
    endloop
  endfacet
  facet normal -0.947041 0.321114 0
    outer loop
      vertex 165.86 5.09329 30.11
      vertex 165.965 5.40296 29.0103
      vertex 165.965 5.40296 28.3405
    endloop
  endfacet
  facet normal -0.997859 0.0654025 0
    outer loop
      vertex -1.49999 69.2 28.1
      vertex -1.47705 69.55 30.11
      vertex -1.47705 69.55 28.1
    endloop
  endfacet
  facet normal -0.997859 0.0654025 0
    outer loop
      vertex -1.47705 69.55 30.11
      vertex -1.49999 69.2 28.1
      vertex -1.49999 69.2 30.11
    endloop
  endfacet
  facet normal 1 -0 0
    outer loop
      vertex 3.55 6.05001 30.11
      vertex 3.55 69.55 28.11
      vertex 3.55 69.55 30.11
    endloop
  endfacet
  facet normal 1 0 0
    outer loop
      vertex 3.55 69.55 28.11
      vertex 3.55 6.05001 30.11
      vertex 3.55 6.05001 28.11
    endloop
  endfacet
  facet normal -1 0 0
    outer loop
      vertex -1.49999 6.40001 3.51
      vertex -1.49999 69.2 3.51
      vertex -1.49999 69.2 1.5
    endloop
  endfacet
  facet normal -1 0 0
    outer loop
      vertex -1.49999 69.2 3.51
      vertex -1.49999 6.40001 3.51
      vertex -1.49999 69.2 28.1
    endloop
  endfacet
  facet normal -1 0 0
    outer loop
      vertex -1.49999 6.40001 3.51
      vertex -1.49999 69.2 1.5
      vertex -1.49999 6.40001 1.5
    endloop
  endfacet
  facet normal -1 0 0
    outer loop
      vertex -1.49999 6.40001 28.1
      vertex -1.49999 69.2 28.1
      vertex -1.49999 6.40001 3.51
    endloop
  endfacet
  facet normal -1 0 0
    outer loop
      vertex -1.49999 69.2 28.1
      vertex -1.49999 6.40001 28.1
      vertex -1.49999 69.2 30.11
    endloop
  endfacet
  facet normal -1 -0 0
    outer loop
      vertex -1.49999 69.2 30.11
      vertex -1.49999 6.40001 28.1
      vertex -1.49999 6.40001 30.11
    endloop
  endfacet
  facet normal 0 0 1
    outer loop
      vertex -1.26909 4.54777 28.1
      vertex -1.30728 4.73975 28.1
      vertex -1.2941 4.67349 28.1
    endloop
  endfacet
  facet normal 0 0 -1
    outer loop
      vertex -1.47705 6.05 28.1
      vertex -1.46577 5.8779 28.1
      vertex -1.44524 5.56463 28.1
    endloop
  endfacet
  facet normal 0 0 -1
    outer loop
      vertex -1.46577 5.8779 28.1
      vertex -1.47705 6.05 28.1
      vertex -1.49999 6.40001 28.1
    endloop
  endfacet
  facet normal -0 0 -1
    outer loop
      vertex -1.46577 69.7221 28.1
      vertex -1.47705 69.55 28.1
      vertex -1.44524 70.0354 28.1
    endloop
  endfacet
  facet normal 0 -0 -1
    outer loop
      vertex -1.47705 69.55 28.1
      vertex -1.46577 69.7221 28.1
      vertex -1.49999 69.2 28.1
    endloop
  endfacet
  facet normal 0 0 -1
    outer loop
      vertex -1.3619 5.01438 28.1
      vertex -1.39568 5.18422 28.1
      vertex -1.39264 5.16894 28.1
    endloop
  endfacet
  facet normal -0.997859 -0.0654007 0
    outer loop
      vertex -1.47705 6.05 28.1
      vertex -1.49999 6.40001 30.11
      vertex -1.49999 6.40001 28.1
    endloop
  endfacet
  facet normal -0.997859 -0.0654007 0
    outer loop
      vertex -1.49999 6.40001 30.11
      vertex -1.47705 6.05 28.1
      vertex -1.47705 6.05 30.11
    endloop
  endfacet
  facet normal -0.831474 0.555564 0
    outer loop
      vertex -0.441589 73.15 3.51
      vertex 0.00187397 73.8137 3.5
      vertex -0.441589 73.15 1.5
    endloop
  endfacet
  facet normal -0.831474 0.555564 0
    outer loop
      vertex 0.00187397 73.8137 3.5
      vertex -0.441589 73.15 3.51
      vertex 0.00187397 73.8137 3.51
    endloop
  endfacet
  facet normal -0.831487 0.555544 9.55575e-06
    outer loop
      vertex 0.0234985 73.8461 1.5
      vertex -0.441589 73.15 1.5
      vertex 0.00187397 73.8137 3.5
    endloop
  endfacet
  facet normal 0.980855 0.194737 0
    outer loop
      vertex 171.032 70.2312 3.51
      vertex 170.869 71.0522 1.5
      vertex 170.869 71.0522 3.51
    endloop
  endfacet
  facet normal 0.980855 0.194737 0
    outer loop
      vertex 170.869 71.0522 1.5
      vertex 171.032 70.2312 3.51
      vertex 171.032 70.2312 1.5
    endloop
  endfacet
  facet normal -0.555565 0.831473 0
    outer loop
      vertex 2.45001 76.0416 1.5
      vertex 1.75393 75.5765 30.11
      vertex 2.45001 76.0416 30.11
    endloop
  endfacet
  facet normal -0.555565 0.831473 0
    outer loop
      vertex 1.75393 75.5765 30.11
      vertex 2.45001 76.0416 1.5
      vertex 1.75393 75.5765 1.5
    endloop
  endfacet
  facet normal -0.946925 0.321455 0
    outer loop
      vertex -1.16774 71.4305 1.5
      vertex -0.89864 72.2232 3.51
      vertex -0.89864 72.2232 1.5
    endloop
  endfacet
  facet normal -0.946925 0.321455 0
    outer loop
      vertex -0.89864 72.2232 3.51
      vertex -1.16774 71.4305 1.5
      vertex -1.16774 71.4305 3.51
    endloop
  endfacet
  facet normal -0.441945 0.897042 0
    outer loop
      vertex 3.37681 76.4986 1.5
      vertex 3.20083 76.4119 30.11
      vertex 3.37681 76.4986 30.11
    endloop
  endfacet
  facet normal -0.441945 0.897042 0
    outer loop
      vertex 3.20083 76.4119 30.11
      vertex 3.37681 76.4986 1.5
      vertex 3.20083 76.4119 1.5
    endloop
  endfacet
  facet normal 0.896993 0.442045 0
    outer loop
      vertex 170.412 72.3992 3.51
      vertex 170.042 73.15 1.5
      vertex 170.042 73.15 3.51
    endloop
  endfacet
  facet normal 0.896993 0.442045 0
    outer loop
      vertex 170.042 73.15 1.5
      vertex 170.412 72.3992 3.51
      vertex 170.412 72.3992 1.5
    endloop
  endfacet
  facet normal 1 0 0
    outer loop
      vertex 171.1 6.40001 28.1
      vertex 171.1 69.2 28.1
      vertex 171.1 69.2 30.11
    endloop
  endfacet
  facet normal 1 0 0
    outer loop
      vertex 171.1 69.2 28.1
      vertex 171.1 6.40001 28.1
      vertex 171.1 69.2 3.51
    endloop
  endfacet
  facet normal 1 0 0
    outer loop
      vertex 171.1 6.40001 28.1
      vertex 171.1 69.2 30.11
      vertex 171.1 6.40001 30.11
    endloop
  endfacet
  facet normal 1 0 0
    outer loop
      vertex 171.1 6.40001 3.51
      vertex 171.1 69.2 3.51
      vertex 171.1 6.40001 28.1
    endloop
  endfacet
  facet normal 1 0 0
    outer loop
      vertex 171.1 69.2 3.51
      vertex 171.1 6.40001 3.51
      vertex 171.1 69.2 1.5
    endloop
  endfacet
  facet normal 1 0 0
    outer loop
      vertex 171.1 69.2 1.5
      vertex 171.1 6.40001 3.51
      vertex 171.1 6.40001 1.5
    endloop
  endfacet
  facet normal 0 1 -0
    outer loop
      vertex 163.2 77.1 1.5
      vertex 6.40001 77.1 30.11
      vertex 163.2 77.1 30.11
    endloop
  endfacet
  facet normal 0 1 0
    outer loop
      vertex 6.40001 77.1 30.11
      vertex 163.2 77.1 1.5
      vertex 6.40001 77.1 1.5
    endloop
  endfacet
  facet normal 0.19465 0.980873 -0
    outer loop
      vertex 165.245 76.8308 1.5
      vertex 165.052 76.8691 30.11
      vertex 165.245 76.8308 30.11
    endloop
  endfacet
  facet normal 0.19465 0.980873 0
    outer loop
      vertex 165.052 76.8691 30.11
      vertex 165.245 76.8308 1.5
      vertex 165.052 76.8691 1.5
    endloop
  endfacet
  facet normal 0.981068 0.193665 -0
    outer loop
      vertex 170.869 71.0522 28.1
      vertex 170.831 71.2447 30.11
      vertex 170.869 71.0522 30.11
    endloop
  endfacet
  facet normal 0.981068 0.193665 0
    outer loop
      vertex 170.831 71.2447 30.11
      vertex 170.869 71.0522 28.1
      vertex 170.831 71.2447 1.5
    endloop
  endfacet
  facet normal 0.981068 0.193665 -0
    outer loop
      vertex 170.869 71.0522 3.51
      vertex 170.831 71.2447 1.5
      vertex 170.869 71.0522 28.1
    endloop
  endfacet
  facet normal 0.981068 0.193665 0
    outer loop
      vertex 170.831 71.2447 1.5
      vertex 170.869 71.0522 3.51
      vertex 170.869 71.0522 1.5
    endloop
  endfacet
  facet normal 0.555877 0.831265 -0
    outer loop
      vertex 168.009 75.4675 1.5
      vertex 167.846 75.5765 30.11
      vertex 168.009 75.4675 30.11
    endloop
  endfacet
  facet normal 0.555877 0.831265 0
    outer loop
      vertex 167.846 75.5765 30.11
      vertex 168.009 75.4675 1.5
      vertex 167.846 75.5765 1.5
    endloop
  endfacet
  facet normal -0.831402 0.555671 0
    outer loop
      vertex 0.0234985 73.8461 1.5
      vertex 0.132507 74.0092 30.11
      vertex 0.132507 74.0092 1.5
    endloop
  endfacet
  facet normal -0.831402 0.555671 0
    outer loop
      vertex 0.132507 74.0092 30.11
      vertex 0.0234985 73.8461 1.5
      vertex 0.0234985 73.8461 30.11
    endloop
  endfacet
  facet normal -0.659428 0.751768 0
    outer loop
      vertex 1.59079 75.4675 1.5
      vertex 1.44327 75.3381 30.11
      vertex 1.59079 75.4675 30.11
    endloop
  endfacet
  facet normal -0.659428 0.751768 0
    outer loop
      vertex 1.44327 75.3381 30.11
      vertex 1.59079 75.4675 1.5
      vertex 1.44327 75.3381 1.5
    endloop
  endfacet
  facet normal 0.99784 0.0656945 0
    outer loop
      vertex 171.1 69.2 3.51
      vertex 171.045 70.0354 1.5
      vertex 171.045 70.0354 3.51
    endloop
  endfacet
  facet normal 0.99784 0.0656945 0
    outer loop
      vertex 171.045 70.0354 1.5
      vertex 171.1 69.2 3.51
      vertex 171.1 69.2 1.5
    endloop
  endfacet
  facet normal 0 -1 0
    outer loop
      vertex 3.9 55.77 1.5
      vertex 22.9 55.77 18.8
      vertex 3.9 55.77 18.8
    endloop
  endfacet
  facet normal 0 -1 -0
    outer loop
      vertex 22.9 55.77 18.8
      vertex 3.9 55.77 1.5
      vertex 22.9 55.77 1.5
    endloop
  endfacet
  facet normal -0.751783 0.659411 0
    outer loop
      vertex 0.35302 74.2607 3.51
      vertex 0.813864 74.7861 28.1
      vertex 0.813864 74.7861 1.5
    endloop
  endfacet
  facet normal -0.751841 0.659344 0
    outer loop
      vertex 0.640072 74.588 28.1
      vertex 0.421969 74.3393 28.1
      vertex 0.640072 74.588 28.11
    endloop
  endfacet
  facet normal -0.751721 0.659481 -2.64197e-06
    outer loop
      vertex 0.813864 74.7861 28.1
      vertex 0.35302 74.2607 3.51
      vertex 0.640072 74.588 28.1
    endloop
  endfacet
  facet normal -0.751783 0.659411 0
    outer loop
      vertex 0.35302 74.2607 3.51
      vertex 0.813864 74.7861 1.5
      vertex 0.35302 74.2607 3.5
    endloop
  endfacet
  facet normal -0.751841 0.659344 5.80337e-07
    outer loop
      vertex 0.640072 74.588 28.1
      vertex 0.35302 74.2607 3.51
      vertex 0.421969 74.3393 28.1
    endloop
  endfacet
  facet normal -0.751751 0.659447 0
    outer loop
      vertex 0.421969 74.3393 28.1
      vertex 0.35302 74.2607 3.51
      vertex 0.35302 74.2607 28.1
    endloop
  endfacet
  facet normal -0.751841 0.659344 0
    outer loop
      vertex 0.640072 74.588 28.11
      vertex 0.421969 74.3393 28.1
      vertex 0.421969 74.3393 28.11
    endloop
  endfacet
  facet normal 0.659604 0.751614 -0
    outer loop
      vertex 168.786 74.7861 28.11
      vertex 168.157 75.3381 30.11
      vertex 168.786 74.7861 30.11
    endloop
  endfacet
  facet normal 0.659604 0.751614 -0
    outer loop
      vertex 168.786 74.7861 3.51
      vertex 168.157 75.3381 30.11
      vertex 168.786 74.7861 28.11
    endloop
  endfacet
  facet normal 0.659604 0.751614 0
    outer loop
      vertex 168.157 75.3381 1.5
      vertex 168.786 74.7861 3.51
      vertex 168.786 74.7861 1.5
    endloop
  endfacet
  facet normal 0.659604 0.751614 0
    outer loop
      vertex 168.786 74.7861 3.51
      vertex 168.157 75.3381 1.5
      vertex 168.157 75.3381 30.11
    endloop
  endfacet
  facet normal -0.0652369 0.99787 0
    outer loop
      vertex 5.56463 77.0452 1.5
      vertex 5.36884 77.0324 30.11
      vertex 5.56463 77.0452 30.11
    endloop
  endfacet
  facet normal -0.0652369 0.99787 0
    outer loop
      vertex 5.36884 77.0324 30.11
      vertex 5.56463 77.0452 1.5
      vertex 5.36884 77.0324 1.5
    endloop
  endfacet
  facet normal 0.195082 0.980787 -0
    outer loop
      vertex 165.052 76.8691 1.5
      vertex 164.231 77.0324 30.11
      vertex 165.052 76.8691 30.11
    endloop
  endfacet
  facet normal 0.195082 0.980787 0
    outer loop
      vertex 164.231 77.0324 30.11
      vertex 165.052 76.8691 1.5
      vertex 164.231 77.0324 1.5
    endloop
  endfacet
  facet normal 0.0654879 0.997853 -0
    outer loop
      vertex 164.035 77.0452 1.5
      vertex 163.2 77.1 30.11
      vertex 164.035 77.0452 30.11
    endloop
  endfacet
  facet normal 0.0654879 0.997853 0
    outer loop
      vertex 163.2 77.1 30.11
      vertex 164.035 77.0452 1.5
      vertex 163.2 77.1 1.5
    endloop
  endfacet
  facet normal -0.555547 0.831485 0
    outer loop
      vertex 1.75393 75.5765 1.5
      vertex 1.59079 75.4675 30.11
      vertex 1.75393 75.5765 30.11
    endloop
  endfacet
  facet normal -0.555547 0.831485 0
    outer loop
      vertex 1.59079 75.4675 30.11
      vertex 1.75393 75.5765 1.5
      vertex 1.59079 75.4675 1.5
    endloop
  endfacet
  facet normal 0.896455 0.443134 0
    outer loop
      vertex 170.499 72.2232 28.1
      vertex 170.412 72.3992 28.1
      vertex 170.412 72.3992 30.11
    endloop
  endfacet
  facet normal 0.896455 0.443134 0
    outer loop
      vertex 170.412 72.3992 28.1
      vertex 170.499 72.2232 28.1
      vertex 170.412 72.3992 3.51
    endloop
  endfacet
  facet normal 0.896455 0.443134 -0
    outer loop
      vertex 170.499 72.2232 28.1
      vertex 170.412 72.3992 30.11
      vertex 170.499 72.2232 30.11
    endloop
  endfacet
  facet normal 0.896455 0.443134 -0
    outer loop
      vertex 170.499 72.2232 3.51
      vertex 170.412 72.3992 3.51
      vertex 170.499 72.2232 28.1
    endloop
  endfacet
  facet normal 0.896455 0.443134 0
    outer loop
      vertex 170.412 72.3992 3.51
      vertex 170.499 72.2232 3.51
      vertex 170.412 72.3992 1.5
    endloop
  endfacet
  facet normal 0.896455 0.443134 0
    outer loop
      vertex 170.412 72.3992 1.5
      vertex 170.499 72.2232 3.51
      vertex 170.499 72.2232 1.5
    endloop
  endfacet
  facet normal -0.659363 0.751825 0
    outer loop
      vertex 1.44327 75.3381 30.11
      vertex 0.813864 74.7861 28.1
      vertex 0.813864 74.7861 30.11
    endloop
  endfacet
  facet normal -0.659363 0.751825 0
    outer loop
      vertex 1.44327 75.3381 1.5
      vertex 0.813864 74.7861 28.1
      vertex 1.44327 75.3381 30.11
    endloop
  endfacet
  facet normal -0.659363 0.751825 0
    outer loop
      vertex 0.813864 74.7861 28.1
      vertex 1.44327 75.3381 1.5
      vertex 0.813864 74.7861 1.5
    endloop
  endfacet
  facet normal -0.751799 0.659392 0
    outer loop
      vertex 0.132507 74.0092 1.5
      vertex 0.261877 74.1567 3.51
      vertex 0.261877 74.1567 1.5
    endloop
  endfacet
  facet normal -0.751799 0.659392 0
    outer loop
      vertex 0.261877 74.1567 3.51
      vertex 0.132507 74.0092 1.5
      vertex 0.261877 74.1567 28.1
    endloop
  endfacet
  facet normal -0.751799 0.659392 0
    outer loop
      vertex 0.132507 74.0092 30.11
      vertex 0.261877 74.1567 28.1
      vertex 0.132507 74.0092 1.5
    endloop
  endfacet
  facet normal -0.751799 0.659392 0
    outer loop
      vertex 0.261877 74.1567 28.1
      vertex 0.132507 74.0092 30.11
      vertex 0.261877 74.1567 30.11
    endloop
  endfacet
  facet normal 0.946961 0.321348 0
    outer loop
      vertex 170.768 71.4305 3.51
      vertex 170.499 72.2232 1.5
      vertex 170.499 72.2232 3.51
    endloop
  endfacet
  facet normal 0.946961 0.321348 0
    outer loop
      vertex 170.499 72.2232 1.5
      vertex 170.768 71.4305 3.51
      vertex 170.768 71.4305 1.5
    endloop
  endfacet
  facet normal -0.0654582 0.997855 0
    outer loop
      vertex 6.40001 77.1 1.5
      vertex 5.56463 77.0452 30.11
      vertex 6.40001 77.1 30.11
    endloop
  endfacet
  facet normal -0.0654582 0.997855 0
    outer loop
      vertex 5.56463 77.0452 30.11
      vertex 6.40001 77.1 1.5
      vertex 5.56463 77.0452 1.5
    endloop
  endfacet
  facet normal -0.442324 0.896855 0
    outer loop
      vertex 3.20083 76.4119 1.5
      vertex 2.45001 76.0416 30.11
      vertex 3.20083 76.4119 30.11
    endloop
  endfacet
  facet normal -0.442324 0.896855 0
    outer loop
      vertex 2.45001 76.0416 30.11
      vertex 3.20083 76.4119 1.5
      vertex 2.45001 76.0416 1.5
    endloop
  endfacet
  facet normal -0.83176 0.555136 0
    outer loop
      vertex 0.00187397 73.8137 3.51
      vertex 0.0234985 73.8461 1.5
      vertex 0.00187397 73.8137 3.5
    endloop
  endfacet
  facet normal -0.83176 0.555136 0
    outer loop
      vertex 0.0234985 73.8461 1.5
      vertex 0.00187397 73.8137 3.51
      vertex 0.0234985 73.8461 30.11
    endloop
  endfacet
  facet normal -0.83176 0.555136 0
    outer loop
      vertex 0.0234985 73.8461 30.11
      vertex 0.00187397 73.8137 3.51
      vertex 0.00187397 73.8137 28.11
    endloop
  endfacet
  facet normal 0.441905 0.897062 -0
    outer loop
      vertex 166.399 76.4119 1.5
      vertex 166.223 76.4986 30.11
      vertex 166.399 76.4119 30.11
    endloop
  endfacet
  facet normal 0.441905 0.897062 0
    outer loop
      vertex 166.223 76.4986 30.11
      vertex 166.399 76.4119 1.5
      vertex 166.223 76.4986 1.5
    endloop
  endfacet
  facet normal -0.980796 0.195038 0
    outer loop
      vertex -1.26909 71.0522 3.51
      vertex -1.23081 71.2447 1.5
      vertex -1.26909 71.0522 1.5
    endloop
  endfacet
  facet normal -0.980796 0.195038 0
    outer loop
      vertex -1.23081 71.2447 1.5
      vertex -1.26909 71.0522 3.51
      vertex -1.23081 71.2447 30.11
    endloop
  endfacet
  facet normal -0.980796 0.195038 0
    outer loop
      vertex -1.26909 71.0522 28.1
      vertex -1.23081 71.2447 30.11
      vertex -1.26909 71.0522 3.51
    endloop
  endfacet
  facet normal -0.980796 0.195038 0
    outer loop
      vertex -1.23081 71.2447 30.11
      vertex -1.26909 71.0522 28.1
      vertex -1.26909 71.0522 30.11
    endloop
  endfacet
  facet normal -0.997859 0.0653972 0
    outer loop
      vertex -1.49999 69.2 1.5
      vertex -1.44524 70.0354 3.51
      vertex -1.44524 70.0354 1.5
    endloop
  endfacet
  facet normal -0.997859 0.0653972 0
    outer loop
      vertex -1.44524 70.0354 3.51
      vertex -1.49999 69.2 1.5
      vertex -1.49999 69.2 3.51
    endloop
  endfacet
  facet normal -0.751829 0.659358 -2.46332e-05
    outer loop
      vertex 0.813864 74.7861 1.5
      vertex 0.261877 74.1567 1.5
      vertex 0.35302 74.2607 3.5
    endloop
  endfacet
  facet normal -0.195195 0.980764 0
    outer loop
      vertex 4.54777 76.8691 1.5
      vertex 4.35533 76.8308 30.11
      vertex 4.54777 76.8691 30.11
    endloop
  endfacet
  facet normal -0.195195 0.980764 0
    outer loop
      vertex 4.35533 76.8308 30.11
      vertex 4.54777 76.8691 1.5
      vertex 4.35533 76.8308 1.5
    endloop
  endfacet
  facet normal 0.0651673 0.997874 -0
    outer loop
      vertex 164.231 77.0324 1.5
      vertex 164.035 77.0452 30.11
      vertex 164.231 77.0324 30.11
    endloop
  endfacet
  facet normal 0.0651673 0.997874 0
    outer loop
      vertex 164.035 77.0452 30.11
      vertex 164.231 77.0324 1.5
      vertex 164.035 77.0452 1.5
    endloop
  endfacet
  facet normal 0.321346 0.946962 -0
    outer loop
      vertex 166.223 76.4986 1.5
      vertex 165.43 76.7677 30.11
      vertex 166.223 76.4986 30.11
    endloop
  endfacet
  facet normal 0.321346 0.946962 0
    outer loop
      vertex 165.43 76.7677 30.11
      vertex 166.223 76.4986 1.5
      vertex 165.43 76.7677 1.5
    endloop
  endfacet
  facet normal -0.195066 0.98079 0
    outer loop
      vertex 5.36884 77.0324 1.5
      vertex 4.54777 76.8691 30.11
      vertex 5.36884 77.0324 30.11
    endloop
  endfacet
  facet normal -0.195066 0.98079 0
    outer loop
      vertex 4.54777 76.8691 30.11
      vertex 5.36884 77.0324 1.5
      vertex 4.54777 76.8691 1.5
    endloop
  endfacet
  facet normal -0.980782 0.195105 0
    outer loop
      vertex -1.43241 70.2312 1.5
      vertex -1.26909 71.0522 3.51
      vertex -1.26909 71.0522 1.5
    endloop
  endfacet
  facet normal -0.980782 0.195105 0
    outer loop
      vertex -1.26909 71.0522 3.51
      vertex -1.43241 70.2312 1.5
      vertex -1.43241 70.2312 3.51
    endloop
  endfacet
  facet normal -0.946931 0.321437 0
    outer loop
      vertex -1.23081 71.2447 1.5
      vertex -1.16774 71.4305 3.51
      vertex -1.16774 71.4305 1.5
    endloop
  endfacet
  facet normal -0.946931 0.321437 0
    outer loop
      vertex -1.16774 71.4305 3.51
      vertex -1.23081 71.2447 1.5
      vertex -1.16774 71.4305 28.11
    endloop
  endfacet
  facet normal -0.946931 0.321437 0
    outer loop
      vertex -1.23081 71.2447 30.11
      vertex -1.16774 71.4305 28.11
      vertex -1.23081 71.2447 1.5
    endloop
  endfacet
  facet normal -0.946931 0.321437 0
    outer loop
      vertex -1.16774 71.4305 28.11
      vertex -1.23081 71.2447 30.11
      vertex -1.16774 71.4305 30.11
    endloop
  endfacet
  facet normal -0.752064 0.65909 0
    outer loop
      vertex 0.261877 74.1567 3.51
      vertex 0.35302 74.2607 3.5
      vertex 0.261877 74.1567 1.5
    endloop
  endfacet
  facet normal -0.752064 0.65909 0
    outer loop
      vertex 0.35302 74.2607 3.5
      vertex 0.261877 74.1567 3.51
      vertex 0.35302 74.2607 3.51
    endloop
  endfacet
  facet normal 0.55561 0.831443 -0
    outer loop
      vertex 167.846 75.5765 1.5
      vertex 167.15 76.0416 30.11
      vertex 167.846 75.5765 30.11
    endloop
  endfacet
  facet normal 0.55561 0.831443 0
    outer loop
      vertex 167.15 76.0416 30.11
      vertex 167.846 75.5765 1.5
      vertex 167.15 76.0416 1.5
    endloop
  endfacet
  facet normal 0.831535 0.555472 0
    outer loop
      vertex 170.042 73.15 3.51
      vertex 169.577 73.8461 1.5
      vertex 169.577 73.8461 3.51
    endloop
  endfacet
  facet normal 0.831535 0.555472 0
    outer loop
      vertex 169.577 73.8461 1.5
      vertex 170.042 73.15 3.51
      vertex 170.042 73.15 1.5
    endloop
  endfacet
  facet normal 0.752735 0.658324 0
    outer loop
      vertex 169.467 74.0092 30.11
      vertex 169.338 74.1567 28.1
      vertex 169.338 74.1567 30.11
    endloop
  endfacet
  facet normal 0.752735 0.658324 0
    outer loop
      vertex 169.338 74.1567 28.1
      vertex 169.467 74.0092 30.11
      vertex 169.338 74.1567 3.51
    endloop
  endfacet
  facet normal 0.752735 0.658324 -0
    outer loop
      vertex 169.467 74.0092 1.5
      vertex 169.338 74.1567 3.51
      vertex 169.467 74.0092 30.11
    endloop
  endfacet
  facet normal 0.752735 0.658324 0
    outer loop
      vertex 169.338 74.1567 3.51
      vertex 169.467 74.0092 1.5
      vertex 169.338 74.1567 1.5
    endloop
  endfacet
  facet normal -0.321574 0.946885 0
    outer loop
      vertex 4.35533 76.8308 1.5
      vertex 4.16953 76.7677 30.11
      vertex 4.35533 76.8308 30.11
    endloop
  endfacet
  facet normal -0.321574 0.946885 0
    outer loop
      vertex 4.16953 76.7677 30.11
      vertex 4.35533 76.8308 1.5
      vertex 4.16953 76.7677 1.5
    endloop
  endfacet
  facet normal -0.321448 0.946927 0
    outer loop
      vertex 4.16953 76.7677 1.5
      vertex 3.37681 76.4986 30.11
      vertex 4.16953 76.7677 30.11
    endloop
  endfacet
  facet normal -0.321448 0.946927 0
    outer loop
      vertex 3.37681 76.4986 30.11
      vertex 4.16953 76.7677 1.5
      vertex 3.37681 76.4986 1.5
    endloop
  endfacet
  facet normal 0.658216 0.752829 -0
    outer loop
      vertex 168.157 75.3381 1.5
      vertex 168.009 75.4675 30.11
      vertex 168.157 75.3381 30.11
    endloop
  endfacet
  facet normal 0.658216 0.752829 0
    outer loop
      vertex 168.009 75.4675 30.11
      vertex 168.157 75.3381 1.5
      vertex 168.009 75.4675 1.5
    endloop
  endfacet
  facet normal 0.94704 0.321117 0
    outer loop
      vertex 170.831 71.2447 30.11
      vertex 170.768 71.4305 28.11
      vertex 170.768 71.4305 30.11
    endloop
  endfacet
  facet normal 0.94704 0.321117 0
    outer loop
      vertex 170.768 71.4305 28.11
      vertex 170.831 71.2447 30.11
      vertex 170.768 71.4305 3.51
    endloop
  endfacet
  facet normal 0.94704 0.321117 -0
    outer loop
      vertex 170.831 71.2447 1.5
      vertex 170.768 71.4305 3.51
      vertex 170.831 71.2447 30.11
    endloop
  endfacet
  facet normal 0.94704 0.321117 0
    outer loop
      vertex 170.768 71.4305 3.51
      vertex 170.831 71.2447 1.5
      vertex 170.768 71.4305 1.5
    endloop
  endfacet
  facet normal 0.442239 0.896897 -0
    outer loop
      vertex 167.15 76.0416 1.5
      vertex 166.399 76.4119 30.11
      vertex 167.15 76.0416 30.11
    endloop
  endfacet
  facet normal 0.442239 0.896897 0
    outer loop
      vertex 166.399 76.4119 30.11
      vertex 167.15 76.0416 1.5
      vertex 166.399 76.4119 1.5
    endloop
  endfacet
  facet normal 0.829067 0.55915 -0
    outer loop
      vertex 169.577 73.8461 28.1
      vertex 169.467 74.0092 30.11
      vertex 169.577 73.8461 30.11
    endloop
  endfacet
  facet normal 0.829067 0.55915 0
    outer loop
      vertex 169.467 74.0092 30.11
      vertex 169.577 73.8461 28.1
      vertex 169.467 74.0092 1.5
    endloop
  endfacet
  facet normal 0.829067 0.55915 -0
    outer loop
      vertex 169.577 73.8461 3.51
      vertex 169.467 74.0092 1.5
      vertex 169.577 73.8461 28.1
    endloop
  endfacet
  facet normal 0.829067 0.55915 0
    outer loop
      vertex 169.467 74.0092 1.5
      vertex 169.577 73.8461 3.51
      vertex 169.577 73.8461 1.5
    endloop
  endfacet
  facet normal 0 0 1
    outer loop
      vertex -0.441589 73.15 3.51
      vertex -0.624827 72.7784 3.51
      vertex -0.454698 73.1234 3.51
    endloop
  endfacet
  facet normal -0 0 -1
    outer loop
      vertex -0.624827 72.7784 3.51
      vertex -0.811792 72.3993 3.51
      vertex -0.624836 72.7784 3.51
    endloop
  endfacet
  facet normal 0 0 1
    outer loop
      vertex -0.624827 72.7784 3.51
      vertex -0.811859 72.3992 3.51
      vertex -0.811792 72.3993 3.51
    endloop
  endfacet
  facet normal 0 0 1
    outer loop
      vertex -0.811859 72.3992 3.51
      vertex -0.624827 72.7784 3.51
      vertex -0.441589 73.15 3.51
    endloop
  endfacet
  facet normal 0 -0 1
    outer loop
      vertex -0.110508 73.6455 3.51
      vertex 0.00187397 73.8137 3.51
      vertex -0.265129 73.4141 3.51
    endloop
  endfacet
  facet normal 0 0 -1
    outer loop
      vertex -0.441589 73.15 3.51
      vertex -0.265129 73.4141 3.51
      vertex 0.00187397 73.8137 3.51
    endloop
  endfacet
  facet normal 0 0 1
    outer loop
      vertex 0.35302 74.2607 3.51
      vertex 0.261877 74.1567 3.51
      vertex 0.323005 74.2264 3.51
    endloop
  endfacet
  facet normal 0 0 1
    outer loop
      vertex 170.993 70.4311 3.51
      vertex 170.869 71.0522 3.51
      vertex 170.894 70.9265 3.51
    endloop
  endfacet
  facet normal 0 0 -1
    outer loop
      vertex 170.869 71.0522 3.51
      vertex 170.993 70.4311 3.51
      vertex 171.032 70.2312 3.51
    endloop
  endfacet
  facet normal 0 0 1
    outer loop
      vertex 170.412 72.3992 3.51
      vertex 170.055 73.1234 3.51
      vertex 170.225 72.7784 3.51
    endloop
  endfacet
  facet normal -0 -0 1
    outer loop
      vertex 170.055 73.1234 3.51
      vertex 170.412 72.3992 3.51
      vertex 170.042 73.15 3.51
    endloop
  endfacet
  facet normal 0 0 1
    outer loop
      vertex -0.89864 72.2232 3.51
      vertex -1.05107 71.7742 3.51
      vertex -0.911218 72.1861 3.51
    endloop
  endfacet
  facet normal 0 -0 -1
    outer loop
      vertex -1.05107 71.7742 3.51
      vertex -0.89864 72.2232 3.51
      vertex -1.16774 71.4305 3.51
    endloop
  endfacet
  facet normal 0 0 1
    outer loop
      vertex -1.16774 71.4305 3.51
      vertex -1.05112 71.774 3.51
      vertex -1.05107 71.7742 3.51
    endloop
  endfacet
  facet normal 0 0 -1
    outer loop
      vertex 171.1 69.2 3.51
      vertex 171.045 70.0354 3.51
      vertex 171.066 69.7221 3.51
    endloop
  endfacet
  facet normal 0 0 1
    outer loop
      vertex -1.44524 70.0354 3.51
      vertex -1.49999 69.2 3.51
      vertex -1.46577 69.7221 3.51
    endloop
  endfacet
  facet normal 0 0 -1
    outer loop
      vertex -1.26909 71.0522 3.51
      vertex -1.39264 70.4311 3.51
      vertex -1.2941 70.9265 3.51
    endloop
  endfacet
  facet normal 0 -0 1
    outer loop
      vertex -1.39264 70.4311 3.51
      vertex -1.26909 71.0522 3.51
      vertex -1.43241 70.2312 3.51
    endloop
  endfacet
  facet normal 0 0 1
    outer loop
      vertex 170.042 73.15 3.51
      vertex 169.711 73.6455 3.51
      vertex 169.865 73.4141 3.51
    endloop
  endfacet
  facet normal 0 0 -1
    outer loop
      vertex 170.042 73.15 3.51
      vertex 169.71 73.6456 3.51
      vertex 169.711 73.6455 3.51
    endloop
  endfacet
  facet normal 0 0 1
    outer loop
      vertex 170.042 73.15 3.51
      vertex 169.598 73.8137 3.51
      vertex 169.71 73.6456 3.51
    endloop
  endfacet
  facet normal -0 -0 1
    outer loop
      vertex 169.598 73.8137 3.51
      vertex 170.042 73.15 3.51
      vertex 169.577 73.8461 3.51
    endloop
  endfacet
  facet normal -0 -0 1
    outer loop
      vertex 170.651 71.774 3.51
      vertex 170.768 71.4305 3.51
      vertex 170.499 72.2232 3.51
    endloop
  endfacet
  facet normal 0 0 1
    outer loop
      vertex 170.651 71.774 3.51
      vertex 170.499 72.2232 3.51
      vertex 170.511 72.1861 3.51
    endloop
  endfacet
  facet normal 0 0 -1
    outer loop
      vertex 170.651 71.774 3.51
      vertex 170.511 72.1861 3.51
      vertex 170.651 71.7742 3.51
    endloop
  endfacet
  facet normal 0 0 -1
    outer loop
      vertex 169.338 74.1567 3.51
      vertex 168.786 74.7861 3.51
      vertex 169.277 74.2264 3.51
    endloop
  endfacet
  facet normal -0 -0 -1
    outer loop
      vertex 169.247 74.2607 3.51
      vertex 169.277 74.2264 3.51
      vertex 168.786 74.7861 3.51
    endloop
  endfacet
  facet normal 0 0 1
    outer loop
      vertex 121.2 71.7 3.51
      vertex 123.7 56.9 3.51
      vertex 123.7 69.2 3.51
    endloop
  endfacet
  facet normal -0 0 1
    outer loop
      vertex 28.4 71.7 3.51
      vertex 123.7 56.9 3.51
      vertex 121.2 71.7 3.51
    endloop
  endfacet
  facet normal 0 0 1
    outer loop
      vertex 123.7 56.9 3.51
      vertex 28.4 71.7 3.51
      vertex 123.7 51.7 3.51
    endloop
  endfacet
  facet normal 0 0 1
    outer loop
      vertex 123.7 51.7 3.51
      vertex 28.4 71.7 3.51
      vertex 123.7 50.3 3.51
    endloop
  endfacet
  facet normal 0 0 1
    outer loop
      vertex 123.7 50.3 3.51
      vertex 28.4 71.7 3.51
      vertex 123.7 45.1 3.51
    endloop
  endfacet
  facet normal 0 0 1
    outer loop
      vertex 123.7 45.1 3.51
      vertex 28.4 71.7 3.51
      vertex 123.7 43.7 3.51
    endloop
  endfacet
  facet normal 0 0 1
    outer loop
      vertex 123.7 43.7 3.51
      vertex 28.4 71.7 3.51
      vertex 123.7 38.5 3.51
    endloop
  endfacet
  facet normal 0 0 1
    outer loop
      vertex 123.7 38.5 3.51
      vertex 28.4 71.7 3.51
      vertex 123.7 37.1 3.51
    endloop
  endfacet
  facet normal 0 0 1
    outer loop
      vertex 28.4 3.90001 3.51
      vertex 123.7 37.1 3.51
      vertex 28.4 71.7 3.51
    endloop
  endfacet
  facet normal 0 0 1
    outer loop
      vertex 123.7 37.1 3.51
      vertex 28.4 3.90001 3.51
      vertex 123.7 31.9 3.51
    endloop
  endfacet
  facet normal 0 0 1
    outer loop
      vertex 123.7 31.9 3.51
      vertex 28.4 3.90001 3.51
      vertex 123.7 30.5 3.51
    endloop
  endfacet
  facet normal 0 0 1
    outer loop
      vertex 123.7 30.5 3.51
      vertex 28.4 3.90001 3.51
      vertex 123.7 25.3 3.51
    endloop
  endfacet
  facet normal 0 0 1
    outer loop
      vertex 121.2 71.7 3.51
      vertex 123.7 69.2 3.51
      vertex 123.679 69.5263 3.51
    endloop
  endfacet
  facet normal 0 0 1
    outer loop
      vertex 123.7 25.3 3.51
      vertex 28.4 3.90001 3.51
      vertex 123.7 23.9 3.51
    endloop
  endfacet
  facet normal 0 0 1
    outer loop
      vertex 121.2 71.7 3.51
      vertex 123.679 69.5263 3.51
      vertex 123.615 69.847 3.51
    endloop
  endfacet
  facet normal 0 0 1
    outer loop
      vertex 123.7 18.7 3.51
      vertex 121.2 3.90001 3.51
      vertex 123.7 6.40002 3.51
    endloop
  endfacet
  facet normal 0 0 1
    outer loop
      vertex 121.2 71.7 3.51
      vertex 123.615 69.847 3.51
      vertex 123.51 70.1567 3.51
    endloop
  endfacet
  facet normal 0 0 1
    outer loop
      vertex 123.7 6.40002 3.51
      vertex 121.2 3.90001 3.51
      vertex 123.679 6.07368 3.51
    endloop
  endfacet
  facet normal 0 0 1
    outer loop
      vertex 121.2 71.7 3.51
      vertex 123.51 70.1567 3.51
      vertex 123.365 70.45 3.51
    endloop
  endfacet
  facet normal 0 0 1
    outer loop
      vertex 123.679 6.07368 3.51
      vertex 121.2 3.90001 3.51
      vertex 123.615 5.75297 3.51
    endloop
  endfacet
  facet normal 0 0 1
    outer loop
      vertex 121.2 71.7 3.51
      vertex 123.365 70.45 3.51
      vertex 123.183 70.7219 3.51
    endloop
  endfacet
  facet normal 0 0 1
    outer loop
      vertex 123.615 5.75297 3.51
      vertex 121.2 3.90001 3.51
      vertex 123.51 5.4433 3.51
    endloop
  endfacet
  facet normal 0 0 1
    outer loop
      vertex 121.2 71.7 3.51
      vertex 123.183 70.7219 3.51
      vertex 122.968 70.9678 3.51
    endloop
  endfacet
  facet normal 0 0 1
    outer loop
      vertex 123.51 5.4433 3.51
      vertex 121.2 3.90001 3.51
      vertex 123.365 5.15001 3.51
    endloop
  endfacet
  facet normal 0 0 1
    outer loop
      vertex 121.2 71.7 3.51
      vertex 122.968 70.9678 3.51
      vertex 122.722 71.1834 3.51
    endloop
  endfacet
  facet normal 0 0 1
    outer loop
      vertex 123.365 5.15001 3.51
      vertex 121.2 3.90001 3.51
      vertex 123.183 4.87809 3.51
    endloop
  endfacet
  facet normal 0 0 1
    outer loop
      vertex 121.2 71.7 3.51
      vertex 122.722 71.1834 3.51
      vertex 122.45 71.3651 3.51
    endloop
  endfacet
  facet normal 0 0 1
    outer loop
      vertex 123.183 4.87809 3.51
      vertex 121.2 3.90001 3.51
      vertex 122.968 4.63224 3.51
    endloop
  endfacet
  facet normal 0 0 1
    outer loop
      vertex 121.2 71.7 3.51
      vertex 122.45 71.3651 3.51
      vertex 122.157 71.5097 3.51
    endloop
  endfacet
  facet normal 0 0 1
    outer loop
      vertex 122.968 4.63224 3.51
      vertex 121.2 3.90001 3.51
      vertex 122.722 4.41663 3.51
    endloop
  endfacet
  facet normal 0 0 1
    outer loop
      vertex 121.2 71.7 3.51
      vertex 122.157 71.5097 3.51
      vertex 121.847 71.6148 3.51
    endloop
  endfacet
  facet normal 0 0 1
    outer loop
      vertex 122.722 4.41663 3.51
      vertex 121.2 3.90001 3.51
      vertex 122.45 4.23495 3.51
    endloop
  endfacet
  facet normal 0 0 1
    outer loop
      vertex 121.2 71.7 3.51
      vertex 121.847 71.6148 3.51
      vertex 121.526 71.6786 3.51
    endloop
  endfacet
  facet normal 0 0 1
    outer loop
      vertex 122.45 4.23495 3.51
      vertex 121.2 3.90001 3.51
      vertex 122.157 4.09031 3.51
    endloop
  endfacet
  facet normal 0 0 1
    outer loop
      vertex 122.157 4.09031 3.51
      vertex 121.2 3.90001 3.51
      vertex 121.847 3.98519 3.51
    endloop
  endfacet
  facet normal 0 0 1
    outer loop
      vertex 121.847 3.98519 3.51
      vertex 121.2 3.90001 3.51
      vertex 121.526 3.9214 3.51
    endloop
  endfacet
  facet normal 0 0 1
    outer loop
      vertex 123.7 23.9 3.51
      vertex 28.4 3.90001 3.51
      vertex 123.7 18.7 3.51
    endloop
  endfacet
  facet normal 0 0 1
    outer loop
      vertex 123.7 18.7 3.51
      vertex 28.4 3.90001 3.51
      vertex 121.2 3.90001 3.51
    endloop
  endfacet
  facet normal 0 0 1
    outer loop
      vertex 25.9 69.2 3.51
      vertex 28.4 71.7 3.51
      vertex 28.0737 71.6786 3.51
    endloop
  endfacet
  facet normal 0 0 1
    outer loop
      vertex 28.4 71.7 3.51
      vertex 25.9 69.2 3.51
      vertex 28.4 3.90001 3.51
    endloop
  endfacet
  facet normal 0 0 1
    outer loop
      vertex 25.9 69.2 3.51
      vertex 28.0737 71.6786 3.51
      vertex 27.753 71.6148 3.51
    endloop
  endfacet
  facet normal -0 0 1
    outer loop
      vertex 25.9 6.40002 3.51
      vertex 28.4 3.90001 3.51
      vertex 25.9 69.2 3.51
    endloop
  endfacet
  facet normal 0 0 1
    outer loop
      vertex 25.9 69.2 3.51
      vertex 27.753 71.6148 3.51
      vertex 27.4433 71.5097 3.51
    endloop
  endfacet
  facet normal 0 0 1
    outer loop
      vertex 28.4 3.90001 3.51
      vertex 25.9 6.40002 3.51
      vertex 28.0737 3.9214 3.51
    endloop
  endfacet
  facet normal 0 0 1
    outer loop
      vertex 25.9 69.2 3.51
      vertex 27.4433 71.5097 3.51
      vertex 27.15 71.3651 3.51
    endloop
  endfacet
  facet normal 0 0 1
    outer loop
      vertex 28.0737 3.9214 3.51
      vertex 25.9 6.40002 3.51
      vertex 27.753 3.98519 3.51
    endloop
  endfacet
  facet normal 0 0 1
    outer loop
      vertex 25.9 69.2 3.51
      vertex 27.15 71.3651 3.51
      vertex 26.8781 71.1834 3.51
    endloop
  endfacet
  facet normal 0 0 1
    outer loop
      vertex 27.753 3.98519 3.51
      vertex 25.9 6.40002 3.51
      vertex 27.4433 4.09031 3.51
    endloop
  endfacet
  facet normal 0 0 1
    outer loop
      vertex 25.9 69.2 3.51
      vertex 26.8781 71.1834 3.51
      vertex 26.6322 70.9678 3.51
    endloop
  endfacet
  facet normal 0 0 1
    outer loop
      vertex 27.4433 4.09031 3.51
      vertex 25.9 6.40002 3.51
      vertex 27.15 4.23495 3.51
    endloop
  endfacet
  facet normal 0 0 1
    outer loop
      vertex 25.9 69.2 3.51
      vertex 26.6322 70.9678 3.51
      vertex 26.4166 70.7219 3.51
    endloop
  endfacet
  facet normal 0 0 1
    outer loop
      vertex 27.15 4.23495 3.51
      vertex 25.9 6.40002 3.51
      vertex 26.8781 4.41663 3.51
    endloop
  endfacet
  facet normal 0 0 1
    outer loop
      vertex 25.9 69.2 3.51
      vertex 26.4166 70.7219 3.51
      vertex 26.2349 70.45 3.51
    endloop
  endfacet
  facet normal 0 0 1
    outer loop
      vertex 26.8781 4.41663 3.51
      vertex 25.9 6.40002 3.51
      vertex 26.6322 4.63224 3.51
    endloop
  endfacet
  facet normal 0 0 1
    outer loop
      vertex 25.9 69.2 3.51
      vertex 26.2349 70.45 3.51
      vertex 26.0903 70.1567 3.51
    endloop
  endfacet
  facet normal 0 0 1
    outer loop
      vertex 26.6322 4.63224 3.51
      vertex 25.9 6.40002 3.51
      vertex 26.4166 4.87809 3.51
    endloop
  endfacet
  facet normal 0 0 1
    outer loop
      vertex 25.9 69.2 3.51
      vertex 26.0903 70.1567 3.51
      vertex 25.9852 69.847 3.51
    endloop
  endfacet
  facet normal 0 0 1
    outer loop
      vertex 26.4166 4.87809 3.51
      vertex 25.9 6.40002 3.51
      vertex 26.2349 5.15001 3.51
    endloop
  endfacet
  facet normal 0 0 1
    outer loop
      vertex 25.9 69.2 3.51
      vertex 25.9852 69.847 3.51
      vertex 25.9214 69.5263 3.51
    endloop
  endfacet
  facet normal 0 0 1
    outer loop
      vertex 26.2349 5.15001 3.51
      vertex 25.9 6.40002 3.51
      vertex 26.0903 5.4433 3.51
    endloop
  endfacet
  facet normal 0 0 1
    outer loop
      vertex 26.0903 5.4433 3.51
      vertex 25.9 6.40002 3.51
      vertex 25.9852 5.75297 3.51
    endloop
  endfacet
  facet normal 0 0 1
    outer loop
      vertex 25.9852 5.75297 3.51
      vertex 25.9 6.40002 3.51
      vertex 25.9214 6.07368 3.51
    endloop
  endfacet
  facet normal -0 0 1
    outer loop
      vertex 125.2 55.4 3.51
      vertex 126.45 53.2 3.51
      vertex 126.45 55.4 3.51
    endloop
  endfacet
  facet normal 0 0 1
    outer loop
      vertex 125.2 55.4 3.51
      vertex 125.2 53.2 3.51
      vertex 126.45 53.2 3.51
    endloop
  endfacet
  facet normal 0 0 1
    outer loop
      vertex 125.004 55.4128 3.51
      vertex 125.2 53.2 3.51
      vertex 125.2 55.4 3.51
    endloop
  endfacet
  facet normal 0 0 1
    outer loop
      vertex 125.004 55.4128 3.51
      vertex 125.004 53.1872 3.51
      vertex 125.2 53.2 3.51
    endloop
  endfacet
  facet normal 0 0 1
    outer loop
      vertex 124.812 55.4511 3.51
      vertex 125.004 53.1872 3.51
      vertex 125.004 55.4128 3.51
    endloop
  endfacet
  facet normal 0 0 1
    outer loop
      vertex 124.812 55.4511 3.51
      vertex 124.812 53.1489 3.51
      vertex 125.004 53.1872 3.51
    endloop
  endfacet
  facet normal 0 0 1
    outer loop
      vertex 124.626 55.5142 3.51
      vertex 124.812 53.1489 3.51
      vertex 124.812 55.4511 3.51
    endloop
  endfacet
  facet normal 0 0 1
    outer loop
      vertex 124.626 55.5142 3.51
      vertex 124.626 53.0858 3.51
      vertex 124.812 53.1489 3.51
    endloop
  endfacet
  facet normal 0 0 1
    outer loop
      vertex 124.45 55.601 3.51
      vertex 124.626 53.0858 3.51
      vertex 124.626 55.5142 3.51
    endloop
  endfacet
  facet normal 0 0 1
    outer loop
      vertex 124.45 55.601 3.51
      vertex 124.45 52.999 3.51
      vertex 124.626 53.0858 3.51
    endloop
  endfacet
  facet normal 0 0 1
    outer loop
      vertex 124.287 55.71 3.51
      vertex 124.45 52.999 3.51
      vertex 124.45 55.601 3.51
    endloop
  endfacet
  facet normal 0 0 1
    outer loop
      vertex 124.287 55.71 3.51
      vertex 124.287 52.89 3.51
      vertex 124.45 52.999 3.51
    endloop
  endfacet
  facet normal 0 0 1
    outer loop
      vertex 124.139 55.8393 3.51
      vertex 124.287 52.89 3.51
      vertex 124.287 55.71 3.51
    endloop
  endfacet
  facet normal 0 0 1
    outer loop
      vertex 124.139 55.8393 3.51
      vertex 124.139 52.7607 3.51
      vertex 124.287 52.89 3.51
    endloop
  endfacet
  facet normal 0 0 1
    outer loop
      vertex 124.01 55.9869 3.51
      vertex 124.139 52.7607 3.51
      vertex 124.139 55.8393 3.51
    endloop
  endfacet
  facet normal 0 0 1
    outer loop
      vertex 124.01 55.9869 3.51
      vertex 124.01 52.6131 3.51
      vertex 124.139 52.7607 3.51
    endloop
  endfacet
  facet normal 0 0 1
    outer loop
      vertex 123.901 56.15 3.51
      vertex 124.01 52.6131 3.51
      vertex 124.01 55.9869 3.51
    endloop
  endfacet
  facet normal 0 0 1
    outer loop
      vertex 123.901 56.15 3.51
      vertex 123.901 52.45 3.51
      vertex 124.01 52.6131 3.51
    endloop
  endfacet
  facet normal 0 0 1
    outer loop
      vertex 123.814 56.326 3.51
      vertex 123.901 52.45 3.51
      vertex 123.901 56.15 3.51
    endloop
  endfacet
  facet normal 0 0 1
    outer loop
      vertex 123.814 56.326 3.51
      vertex 123.814 52.274 3.51
      vertex 123.901 52.45 3.51
    endloop
  endfacet
  facet normal 0 0 1
    outer loop
      vertex 123.751 56.5118 3.51
      vertex 123.814 52.274 3.51
      vertex 123.814 56.326 3.51
    endloop
  endfacet
  facet normal 0 0 1
    outer loop
      vertex 123.751 56.5118 3.51
      vertex 123.751 52.0882 3.51
      vertex 123.814 52.274 3.51
    endloop
  endfacet
  facet normal 0 0 1
    outer loop
      vertex 123.713 56.7042 3.51
      vertex 123.751 52.0882 3.51
      vertex 123.751 56.5118 3.51
    endloop
  endfacet
  facet normal 0 0 1
    outer loop
      vertex 123.713 56.7042 3.51
      vertex 123.713 51.8958 3.51
      vertex 123.751 52.0882 3.51
    endloop
  endfacet
  facet normal 0 0 1
    outer loop
      vertex 123.7 56.9 3.51
      vertex 123.713 51.8958 3.51
      vertex 123.713 56.7042 3.51
    endloop
  endfacet
  facet normal 0 0 1
    outer loop
      vertex 123.713 51.8958 3.51
      vertex 123.7 56.9 3.51
      vertex 123.7 51.7 3.51
    endloop
  endfacet
  facet normal -0 0 1
    outer loop
      vertex 125.2 48.8 3.51
      vertex 126.45 46.6 3.51
      vertex 126.45 48.8 3.51
    endloop
  endfacet
  facet normal 0 0 1
    outer loop
      vertex 125.2 48.8 3.51
      vertex 125.2 46.6 3.51
      vertex 126.45 46.6 3.51
    endloop
  endfacet
  facet normal 0 0 1
    outer loop
      vertex 125.004 48.8128 3.51
      vertex 125.2 46.6 3.51
      vertex 125.2 48.8 3.51
    endloop
  endfacet
  facet normal 0 0 1
    outer loop
      vertex 125.004 48.8128 3.51
      vertex 125.004 46.5872 3.51
      vertex 125.2 46.6 3.51
    endloop
  endfacet
  facet normal 0 0 1
    outer loop
      vertex 124.812 48.8511 3.51
      vertex 125.004 46.5872 3.51
      vertex 125.004 48.8128 3.51
    endloop
  endfacet
  facet normal 0 0 1
    outer loop
      vertex 124.812 48.8511 3.51
      vertex 124.812 46.5489 3.51
      vertex 125.004 46.5872 3.51
    endloop
  endfacet
  facet normal 0 0 1
    outer loop
      vertex 124.626 48.9142 3.51
      vertex 124.812 46.5489 3.51
      vertex 124.812 48.8511 3.51
    endloop
  endfacet
  facet normal 0 0 1
    outer loop
      vertex 124.626 48.9142 3.51
      vertex 124.626 46.4858 3.51
      vertex 124.812 46.5489 3.51
    endloop
  endfacet
  facet normal 0 0 1
    outer loop
      vertex 124.45 49.001 3.51
      vertex 124.626 46.4858 3.51
      vertex 124.626 48.9142 3.51
    endloop
  endfacet
  facet normal 0 0 1
    outer loop
      vertex 124.45 49.001 3.51
      vertex 124.45 46.399 3.51
      vertex 124.626 46.4858 3.51
    endloop
  endfacet
  facet normal 0 0 1
    outer loop
      vertex 124.287 49.11 3.51
      vertex 124.45 46.399 3.51
      vertex 124.45 49.001 3.51
    endloop
  endfacet
  facet normal 0 0 1
    outer loop
      vertex 124.287 49.11 3.51
      vertex 124.287 46.29 3.51
      vertex 124.45 46.399 3.51
    endloop
  endfacet
  facet normal 0 0 1
    outer loop
      vertex 124.139 49.2393 3.51
      vertex 124.287 46.29 3.51
      vertex 124.287 49.11 3.51
    endloop
  endfacet
  facet normal 0 0 1
    outer loop
      vertex 124.139 49.2393 3.51
      vertex 124.139 46.1607 3.51
      vertex 124.287 46.29 3.51
    endloop
  endfacet
  facet normal 0 0 1
    outer loop
      vertex 124.01 49.3869 3.51
      vertex 124.139 46.1607 3.51
      vertex 124.139 49.2393 3.51
    endloop
  endfacet
  facet normal 0 0 1
    outer loop
      vertex 124.01 49.3869 3.51
      vertex 124.01 46.0131 3.51
      vertex 124.139 46.1607 3.51
    endloop
  endfacet
  facet normal 0 0 1
    outer loop
      vertex 123.901 49.55 3.51
      vertex 124.01 46.0131 3.51
      vertex 124.01 49.3869 3.51
    endloop
  endfacet
  facet normal 0 0 1
    outer loop
      vertex 123.901 49.55 3.51
      vertex 123.901 45.85 3.51
      vertex 124.01 46.0131 3.51
    endloop
  endfacet
  facet normal 0 0 1
    outer loop
      vertex 123.814 49.726 3.51
      vertex 123.901 45.85 3.51
      vertex 123.901 49.55 3.51
    endloop
  endfacet
  facet normal 0 0 1
    outer loop
      vertex 123.814 49.726 3.51
      vertex 123.814 45.674 3.51
      vertex 123.901 45.85 3.51
    endloop
  endfacet
  facet normal 0 0 1
    outer loop
      vertex 123.751 49.9118 3.51
      vertex 123.814 45.674 3.51
      vertex 123.814 49.726 3.51
    endloop
  endfacet
  facet normal 0 0 1
    outer loop
      vertex 123.751 49.9118 3.51
      vertex 123.751 45.4882 3.51
      vertex 123.814 45.674 3.51
    endloop
  endfacet
  facet normal 0 0 1
    outer loop
      vertex 123.713 50.1042 3.51
      vertex 123.751 45.4882 3.51
      vertex 123.751 49.9118 3.51
    endloop
  endfacet
  facet normal 0 0 1
    outer loop
      vertex 123.713 50.1042 3.51
      vertex 123.713 45.2958 3.51
      vertex 123.751 45.4882 3.51
    endloop
  endfacet
  facet normal 0 0 1
    outer loop
      vertex 123.7 50.3 3.51
      vertex 123.713 45.2958 3.51
      vertex 123.713 50.1042 3.51
    endloop
  endfacet
  facet normal 0 0 1
    outer loop
      vertex 123.713 45.2958 3.51
      vertex 123.7 50.3 3.51
      vertex 123.7 45.1 3.51
    endloop
  endfacet
  facet normal -0 0 1
    outer loop
      vertex 125.2 42.2 3.51
      vertex 126.45 40 3.51
      vertex 126.45 42.2 3.51
    endloop
  endfacet
  facet normal 0 0 1
    outer loop
      vertex 125.2 42.2 3.51
      vertex 125.2 40 3.51
      vertex 126.45 40 3.51
    endloop
  endfacet
  facet normal 0 0 1
    outer loop
      vertex 125.004 42.2128 3.51
      vertex 125.2 40 3.51
      vertex 125.2 42.2 3.51
    endloop
  endfacet
  facet normal 0 0 1
    outer loop
      vertex 125.004 42.2128 3.51
      vertex 125.004 39.9872 3.51
      vertex 125.2 40 3.51
    endloop
  endfacet
  facet normal 0 0 1
    outer loop
      vertex 124.812 42.2511 3.51
      vertex 125.004 39.9872 3.51
      vertex 125.004 42.2128 3.51
    endloop
  endfacet
  facet normal 0 0 1
    outer loop
      vertex 124.812 42.2511 3.51
      vertex 124.812 39.9489 3.51
      vertex 125.004 39.9872 3.51
    endloop
  endfacet
  facet normal 0 0 1
    outer loop
      vertex 124.626 42.3142 3.51
      vertex 124.812 39.9489 3.51
      vertex 124.812 42.2511 3.51
    endloop
  endfacet
  facet normal 0 0 1
    outer loop
      vertex 124.626 42.3142 3.51
      vertex 124.626 39.8858 3.51
      vertex 124.812 39.9489 3.51
    endloop
  endfacet
  facet normal 0 0 1
    outer loop
      vertex 124.45 42.401 3.51
      vertex 124.626 39.8858 3.51
      vertex 124.626 42.3142 3.51
    endloop
  endfacet
  facet normal 0 0 1
    outer loop
      vertex 124.45 42.401 3.51
      vertex 124.45 39.799 3.51
      vertex 124.626 39.8858 3.51
    endloop
  endfacet
  facet normal 0 0 1
    outer loop
      vertex 124.287 42.51 3.51
      vertex 124.45 39.799 3.51
      vertex 124.45 42.401 3.51
    endloop
  endfacet
  facet normal 0 0 1
    outer loop
      vertex 124.287 42.51 3.51
      vertex 124.287 39.69 3.51
      vertex 124.45 39.799 3.51
    endloop
  endfacet
  facet normal 0 0 1
    outer loop
      vertex 124.139 42.6393 3.51
      vertex 124.287 39.69 3.51
      vertex 124.287 42.51 3.51
    endloop
  endfacet
  facet normal 0 0 1
    outer loop
      vertex 124.139 42.6393 3.51
      vertex 124.139 39.5607 3.51
      vertex 124.287 39.69 3.51
    endloop
  endfacet
  facet normal 0 0 1
    outer loop
      vertex 124.01 42.7869 3.51
      vertex 124.139 39.5607 3.51
      vertex 124.139 42.6393 3.51
    endloop
  endfacet
  facet normal 0 0 1
    outer loop
      vertex 124.01 42.7869 3.51
      vertex 124.01 39.4131 3.51
      vertex 124.139 39.5607 3.51
    endloop
  endfacet
  facet normal 0 0 1
    outer loop
      vertex 123.901 42.95 3.51
      vertex 124.01 39.4131 3.51
      vertex 124.01 42.7869 3.51
    endloop
  endfacet
  facet normal 0 0 1
    outer loop
      vertex 123.901 42.95 3.51
      vertex 123.901 39.25 3.51
      vertex 124.01 39.4131 3.51
    endloop
  endfacet
  facet normal 0 0 1
    outer loop
      vertex 123.814 43.126 3.51
      vertex 123.901 39.25 3.51
      vertex 123.901 42.95 3.51
    endloop
  endfacet
  facet normal 0 0 1
    outer loop
      vertex 123.814 43.126 3.51
      vertex 123.814 39.074 3.51
      vertex 123.901 39.25 3.51
    endloop
  endfacet
  facet normal 0 0 1
    outer loop
      vertex 123.751 43.3118 3.51
      vertex 123.814 39.074 3.51
      vertex 123.814 43.126 3.51
    endloop
  endfacet
  facet normal 0 0 1
    outer loop
      vertex 123.751 43.3118 3.51
      vertex 123.751 38.8882 3.51
      vertex 123.814 39.074 3.51
    endloop
  endfacet
  facet normal 0 0 1
    outer loop
      vertex 123.713 43.5042 3.51
      vertex 123.751 38.8882 3.51
      vertex 123.751 43.3118 3.51
    endloop
  endfacet
  facet normal 0 0 1
    outer loop
      vertex 123.713 43.5042 3.51
      vertex 123.713 38.6958 3.51
      vertex 123.751 38.8882 3.51
    endloop
  endfacet
  facet normal 0 0 1
    outer loop
      vertex 123.7 43.7 3.51
      vertex 123.713 38.6958 3.51
      vertex 123.713 43.5042 3.51
    endloop
  endfacet
  facet normal 0 0 1
    outer loop
      vertex 123.713 38.6958 3.51
      vertex 123.7 43.7 3.51
      vertex 123.7 38.5 3.51
    endloop
  endfacet
  facet normal -0 0 1
    outer loop
      vertex 125.2 35.6 3.51
      vertex 126.45 33.4 3.51
      vertex 126.45 35.6 3.51
    endloop
  endfacet
  facet normal 0 0 1
    outer loop
      vertex 125.2 35.6 3.51
      vertex 125.2 33.4 3.51
      vertex 126.45 33.4 3.51
    endloop
  endfacet
  facet normal 0 0 1
    outer loop
      vertex 125.004 35.6128 3.51
      vertex 125.2 33.4 3.51
      vertex 125.2 35.6 3.51
    endloop
  endfacet
  facet normal 0 0 1
    outer loop
      vertex 125.004 35.6128 3.51
      vertex 125.004 33.3872 3.51
      vertex 125.2 33.4 3.51
    endloop
  endfacet
  facet normal 0 0 1
    outer loop
      vertex 124.812 35.6511 3.51
      vertex 125.004 33.3872 3.51
      vertex 125.004 35.6128 3.51
    endloop
  endfacet
  facet normal 0 0 1
    outer loop
      vertex 124.812 35.6511 3.51
      vertex 124.812 33.3489 3.51
      vertex 125.004 33.3872 3.51
    endloop
  endfacet
  facet normal 0 0 1
    outer loop
      vertex 124.626 35.7142 3.51
      vertex 124.812 33.3489 3.51
      vertex 124.812 35.6511 3.51
    endloop
  endfacet
  facet normal 0 0 1
    outer loop
      vertex 124.626 35.7142 3.51
      vertex 124.626 33.2858 3.51
      vertex 124.812 33.3489 3.51
    endloop
  endfacet
  facet normal 0 0 1
    outer loop
      vertex 124.45 35.801 3.51
      vertex 124.626 33.2858 3.51
      vertex 124.626 35.7142 3.51
    endloop
  endfacet
  facet normal 0 0 1
    outer loop
      vertex 124.45 35.801 3.51
      vertex 124.45 33.199 3.51
      vertex 124.626 33.2858 3.51
    endloop
  endfacet
  facet normal 0 0 1
    outer loop
      vertex 124.287 35.91 3.51
      vertex 124.45 33.199 3.51
      vertex 124.45 35.801 3.51
    endloop
  endfacet
  facet normal 0 0 1
    outer loop
      vertex 124.287 35.91 3.51
      vertex 124.287 33.09 3.51
      vertex 124.45 33.199 3.51
    endloop
  endfacet
  facet normal 0 0 1
    outer loop
      vertex 124.139 36.0393 3.51
      vertex 124.287 33.09 3.51
      vertex 124.287 35.91 3.51
    endloop
  endfacet
  facet normal 0 0 1
    outer loop
      vertex 124.139 36.0393 3.51
      vertex 124.139 32.9607 3.51
      vertex 124.287 33.09 3.51
    endloop
  endfacet
  facet normal 0 0 1
    outer loop
      vertex 124.01 36.1869 3.51
      vertex 124.139 32.9607 3.51
      vertex 124.139 36.0393 3.51
    endloop
  endfacet
  facet normal 0 0 1
    outer loop
      vertex 124.01 36.1869 3.51
      vertex 124.01 32.8131 3.51
      vertex 124.139 32.9607 3.51
    endloop
  endfacet
  facet normal 0 0 1
    outer loop
      vertex 123.901 36.35 3.51
      vertex 124.01 32.8131 3.51
      vertex 124.01 36.1869 3.51
    endloop
  endfacet
  facet normal 0 0 1
    outer loop
      vertex 123.901 36.35 3.51
      vertex 123.901 32.65 3.51
      vertex 124.01 32.8131 3.51
    endloop
  endfacet
  facet normal 0 0 1
    outer loop
      vertex 123.814 36.526 3.51
      vertex 123.901 32.65 3.51
      vertex 123.901 36.35 3.51
    endloop
  endfacet
  facet normal 0 0 1
    outer loop
      vertex 123.814 36.526 3.51
      vertex 123.814 32.474 3.51
      vertex 123.901 32.65 3.51
    endloop
  endfacet
  facet normal 0 0 1
    outer loop
      vertex 123.751 36.7118 3.51
      vertex 123.814 32.474 3.51
      vertex 123.814 36.526 3.51
    endloop
  endfacet
  facet normal 0 0 1
    outer loop
      vertex 123.751 36.7118 3.51
      vertex 123.751 32.2882 3.51
      vertex 123.814 32.474 3.51
    endloop
  endfacet
  facet normal 0 0 1
    outer loop
      vertex 123.713 36.9042 3.51
      vertex 123.751 32.2882 3.51
      vertex 123.751 36.7118 3.51
    endloop
  endfacet
  facet normal 0 0 1
    outer loop
      vertex 123.713 36.9042 3.51
      vertex 123.713 32.0958 3.51
      vertex 123.751 32.2882 3.51
    endloop
  endfacet
  facet normal 0 0 1
    outer loop
      vertex 123.7 37.1 3.51
      vertex 123.713 32.0958 3.51
      vertex 123.713 36.9042 3.51
    endloop
  endfacet
  facet normal 0 0 1
    outer loop
      vertex 123.713 32.0958 3.51
      vertex 123.7 37.1 3.51
      vertex 123.7 31.9 3.51
    endloop
  endfacet
  facet normal -0 0 1
    outer loop
      vertex 125.2 29 3.51
      vertex 126.45 26.8 3.51
      vertex 126.45 29 3.51
    endloop
  endfacet
  facet normal 0 0 1
    outer loop
      vertex 125.2 29 3.51
      vertex 125.2 26.8 3.51
      vertex 126.45 26.8 3.51
    endloop
  endfacet
  facet normal 0 0 1
    outer loop
      vertex 125.004 29.0128 3.51
      vertex 125.2 26.8 3.51
      vertex 125.2 29 3.51
    endloop
  endfacet
  facet normal 0 0 1
    outer loop
      vertex 125.004 29.0128 3.51
      vertex 125.004 26.7872 3.51
      vertex 125.2 26.8 3.51
    endloop
  endfacet
  facet normal 0 0 1
    outer loop
      vertex 124.812 29.0511 3.51
      vertex 125.004 26.7872 3.51
      vertex 125.004 29.0128 3.51
    endloop
  endfacet
  facet normal 0 0 1
    outer loop
      vertex 124.812 29.0511 3.51
      vertex 124.812 26.7489 3.51
      vertex 125.004 26.7872 3.51
    endloop
  endfacet
  facet normal 0 0 1
    outer loop
      vertex 124.626 29.1142 3.51
      vertex 124.812 26.7489 3.51
      vertex 124.812 29.0511 3.51
    endloop
  endfacet
  facet normal 0 0 1
    outer loop
      vertex 124.626 29.1142 3.51
      vertex 124.626 26.6858 3.51
      vertex 124.812 26.7489 3.51
    endloop
  endfacet
  facet normal 0 0 1
    outer loop
      vertex 124.45 29.201 3.51
      vertex 124.626 26.6858 3.51
      vertex 124.626 29.1142 3.51
    endloop
  endfacet
  facet normal 0 0 1
    outer loop
      vertex 124.45 29.201 3.51
      vertex 124.45 26.599 3.51
      vertex 124.626 26.6858 3.51
    endloop
  endfacet
  facet normal 0 0 1
    outer loop
      vertex 124.287 29.31 3.51
      vertex 124.45 26.599 3.51
      vertex 124.45 29.201 3.51
    endloop
  endfacet
  facet normal 0 0 1
    outer loop
      vertex 124.287 29.31 3.51
      vertex 124.287 26.49 3.51
      vertex 124.45 26.599 3.51
    endloop
  endfacet
  facet normal 0 0 1
    outer loop
      vertex 124.139 29.4393 3.51
      vertex 124.287 26.49 3.51
      vertex 124.287 29.31 3.51
    endloop
  endfacet
  facet normal 0 0 1
    outer loop
      vertex 124.139 29.4393 3.51
      vertex 124.139 26.3607 3.51
      vertex 124.287 26.49 3.51
    endloop
  endfacet
  facet normal 0 0 1
    outer loop
      vertex 124.01 29.5869 3.51
      vertex 124.139 26.3607 3.51
      vertex 124.139 29.4393 3.51
    endloop
  endfacet
  facet normal 0 0 1
    outer loop
      vertex 124.01 29.5869 3.51
      vertex 124.01 26.2131 3.51
      vertex 124.139 26.3607 3.51
    endloop
  endfacet
  facet normal 0 0 1
    outer loop
      vertex 123.901 29.75 3.51
      vertex 124.01 26.2131 3.51
      vertex 124.01 29.5869 3.51
    endloop
  endfacet
  facet normal 0 0 1
    outer loop
      vertex 123.901 29.75 3.51
      vertex 123.901 26.05 3.51
      vertex 124.01 26.2131 3.51
    endloop
  endfacet
  facet normal 0 0 1
    outer loop
      vertex 123.814 29.926 3.51
      vertex 123.901 26.05 3.51
      vertex 123.901 29.75 3.51
    endloop
  endfacet
  facet normal 0 0 1
    outer loop
      vertex 123.814 29.926 3.51
      vertex 123.814 25.874 3.51
      vertex 123.901 26.05 3.51
    endloop
  endfacet
  facet normal 0 0 1
    outer loop
      vertex 123.751 30.1118 3.51
      vertex 123.814 25.874 3.51
      vertex 123.814 29.926 3.51
    endloop
  endfacet
  facet normal 0 0 1
    outer loop
      vertex 123.751 30.1118 3.51
      vertex 123.751 25.6882 3.51
      vertex 123.814 25.874 3.51
    endloop
  endfacet
  facet normal 0 0 1
    outer loop
      vertex 123.713 30.3042 3.51
      vertex 123.751 25.6882 3.51
      vertex 123.751 30.1118 3.51
    endloop
  endfacet
  facet normal 0 0 1
    outer loop
      vertex 123.713 30.3042 3.51
      vertex 123.713 25.4958 3.51
      vertex 123.751 25.6882 3.51
    endloop
  endfacet
  facet normal 0 0 1
    outer loop
      vertex 123.7 30.5 3.51
      vertex 123.713 25.4958 3.51
      vertex 123.713 30.3042 3.51
    endloop
  endfacet
  facet normal 0 0 1
    outer loop
      vertex 123.713 25.4958 3.51
      vertex 123.7 30.5 3.51
      vertex 123.7 25.3 3.51
    endloop
  endfacet
  facet normal -0 0 1
    outer loop
      vertex 125.2 22.4 3.51
      vertex 126.45 20.2 3.51
      vertex 126.45 22.4 3.51
    endloop
  endfacet
  facet normal 0 0 1
    outer loop
      vertex 125.2 22.4 3.51
      vertex 125.2 20.2 3.51
      vertex 126.45 20.2 3.51
    endloop
  endfacet
  facet normal 0 0 1
    outer loop
      vertex 125.004 22.4128 3.51
      vertex 125.2 20.2 3.51
      vertex 125.2 22.4 3.51
    endloop
  endfacet
  facet normal 0 0 1
    outer loop
      vertex 125.004 22.4128 3.51
      vertex 125.004 20.1872 3.51
      vertex 125.2 20.2 3.51
    endloop
  endfacet
  facet normal 0 0 1
    outer loop
      vertex 124.812 22.4511 3.51
      vertex 125.004 20.1872 3.51
      vertex 125.004 22.4128 3.51
    endloop
  endfacet
  facet normal 0 0 1
    outer loop
      vertex 124.812 22.4511 3.51
      vertex 124.812 20.1489 3.51
      vertex 125.004 20.1872 3.51
    endloop
  endfacet
  facet normal 0 0 1
    outer loop
      vertex 124.626 22.5142 3.51
      vertex 124.812 20.1489 3.51
      vertex 124.812 22.4511 3.51
    endloop
  endfacet
  facet normal 0 0 1
    outer loop
      vertex 124.626 22.5142 3.51
      vertex 124.626 20.0858 3.51
      vertex 124.812 20.1489 3.51
    endloop
  endfacet
  facet normal 0 0 1
    outer loop
      vertex 124.45 22.601 3.51
      vertex 124.626 20.0858 3.51
      vertex 124.626 22.5142 3.51
    endloop
  endfacet
  facet normal 0 0 1
    outer loop
      vertex 124.45 22.601 3.51
      vertex 124.45 19.999 3.51
      vertex 124.626 20.0858 3.51
    endloop
  endfacet
  facet normal 0 0 1
    outer loop
      vertex 124.287 22.71 3.51
      vertex 124.45 19.999 3.51
      vertex 124.45 22.601 3.51
    endloop
  endfacet
  facet normal 0 0 1
    outer loop
      vertex 124.287 22.71 3.51
      vertex 124.287 19.89 3.51
      vertex 124.45 19.999 3.51
    endloop
  endfacet
  facet normal 0 0 1
    outer loop
      vertex 124.139 22.8393 3.51
      vertex 124.287 19.89 3.51
      vertex 124.287 22.71 3.51
    endloop
  endfacet
  facet normal 0 0 1
    outer loop
      vertex 124.139 22.8393 3.51
      vertex 124.139 19.7607 3.51
      vertex 124.287 19.89 3.51
    endloop
  endfacet
  facet normal 0 0 1
    outer loop
      vertex 124.01 22.9869 3.51
      vertex 124.139 19.7607 3.51
      vertex 124.139 22.8393 3.51
    endloop
  endfacet
  facet normal 0 0 1
    outer loop
      vertex 124.01 22.9869 3.51
      vertex 124.01 19.6131 3.51
      vertex 124.139 19.7607 3.51
    endloop
  endfacet
  facet normal 0 0 1
    outer loop
      vertex 123.901 23.15 3.51
      vertex 124.01 19.6131 3.51
      vertex 124.01 22.9869 3.51
    endloop
  endfacet
  facet normal 0 0 1
    outer loop
      vertex 123.901 23.15 3.51
      vertex 123.901 19.45 3.51
      vertex 124.01 19.6131 3.51
    endloop
  endfacet
  facet normal 0 0 1
    outer loop
      vertex 123.814 23.326 3.51
      vertex 123.901 19.45 3.51
      vertex 123.901 23.15 3.51
    endloop
  endfacet
  facet normal 0 0 1
    outer loop
      vertex 123.814 23.326 3.51
      vertex 123.814 19.274 3.51
      vertex 123.901 19.45 3.51
    endloop
  endfacet
  facet normal 0 0 1
    outer loop
      vertex 123.751 23.5118 3.51
      vertex 123.814 19.274 3.51
      vertex 123.814 23.326 3.51
    endloop
  endfacet
  facet normal 0 0 1
    outer loop
      vertex 123.751 23.5118 3.51
      vertex 123.751 19.0882 3.51
      vertex 123.814 19.274 3.51
    endloop
  endfacet
  facet normal 0 0 1
    outer loop
      vertex 123.713 23.7042 3.51
      vertex 123.751 19.0882 3.51
      vertex 123.751 23.5118 3.51
    endloop
  endfacet
  facet normal 0 0 1
    outer loop
      vertex 123.713 23.7042 3.51
      vertex 123.713 18.8958 3.51
      vertex 123.751 19.0882 3.51
    endloop
  endfacet
  facet normal 0 0 1
    outer loop
      vertex 123.7 23.9 3.51
      vertex 123.713 18.8958 3.51
      vertex 123.713 23.7042 3.51
    endloop
  endfacet
  facet normal 0 0 1
    outer loop
      vertex 123.713 18.8958 3.51
      vertex 123.7 23.9 3.51
      vertex 123.7 18.7 3.51
    endloop
  endfacet
  facet normal 0 0 1
    outer loop
      vertex 170.651 3.82584 3.51
      vertex 170.511 3.41386 3.51
      vertex 170.499 3.37681 3.51
    endloop
  endfacet
  facet normal -0 0 1
    outer loop
      vertex 170.651 3.82584 3.51
      vertex 170.499 3.37681 3.51
      vertex 170.768 4.16953 3.51
    endloop
  endfacet
  facet normal 0 0 1
    outer loop
      vertex 170.651 3.82584 3.51
      vertex 170.768 4.16953 3.51
      vertex 170.651 3.82598 3.51
    endloop
  endfacet
  facet normal 0 0 1
    outer loop
      vertex 170.055 2.47659 3.51
      vertex 170.412 3.20083 3.51
      vertex 170.225 2.82158 3.51
    endloop
  endfacet
  facet normal 0 0 1
    outer loop
      vertex 170.412 3.20083 3.51
      vertex 170.055 2.47659 3.51
      vertex 170.042 2.45001 3.51
    endloop
  endfacet
  facet normal -0 0 -1
    outer loop
      vertex 170.993 5.16894 3.51
      vertex 170.869 4.54777 3.51
      vertex 171.032 5.36884 3.51
    endloop
  endfacet
  facet normal 0 0 1
    outer loop
      vertex 170.869 4.54777 3.51
      vertex 170.993 5.16894 3.51
      vertex 170.894 4.67349 3.51
    endloop
  endfacet
  facet normal -0 0 -1
    outer loop
      vertex 171.066 5.8779 3.51
      vertex 171.045 5.56463 3.51
      vertex 171.1 6.40001 3.51
    endloop
  endfacet
  facet normal 0 0 1
    outer loop
      vertex -1.46577 5.8779 3.51
      vertex -1.49999 6.40001 3.51
      vertex -1.44524 5.56463 3.51
    endloop
  endfacet
  facet normal 0 0 -1
    outer loop
      vertex 169.71 1.95445 3.51
      vertex 169.865 2.18591 3.51
      vertex 169.711 1.95449 3.51
    endloop
  endfacet
  facet normal -0 0 1
    outer loop
      vertex 169.865 2.18591 3.51
      vertex 169.71 1.95445 3.51
      vertex 170.042 2.45001 3.51
    endloop
  endfacet
  facet normal 0 0 1
    outer loop
      vertex 169.598 1.78632 3.51
      vertex 170.042 2.45001 3.51
      vertex 169.71 1.95445 3.51
    endloop
  endfacet
  facet normal -0 0 1
    outer loop
      vertex 169.598 1.78632 3.51
      vertex 169.577 1.75393 3.51
      vertex 170.042 2.45001 3.51
    endloop
  endfacet
  facet normal 0 0 -1
    outer loop
      vertex 169.577 1.75393 3.51
      vertex 169.598 1.78632 3.51
      vertex 169.598 1.7863 3.51
    endloop
  endfacet
  facet normal 0 0 -1
    outer loop
      vertex 0.323005 1.37357 3.51
      vertex 0.261877 1.44327 3.51
      vertex 0.35302 1.33935 3.51
    endloop
  endfacet
  facet normal 0 0 -1
    outer loop
      vertex -1.39264 5.16894 3.51
      vertex -1.26909 4.54777 3.51
      vertex -1.2941 4.67349 3.51
    endloop
  endfacet
  facet normal 0 0 1
    outer loop
      vertex -1.26909 4.54777 3.51
      vertex -1.39264 5.16894 3.51
      vertex -1.43241 5.36884 3.51
    endloop
  endfacet
  facet normal 0 0 -1
    outer loop
      vertex -1.05107 3.82584 3.51
      vertex -0.89864 3.37681 3.51
      vertex -0.911218 3.41386 3.51
    endloop
  endfacet
  facet normal 0 0 -1
    outer loop
      vertex -1.05107 3.82584 3.51
      vertex -1.16774 4.16953 3.51
      vertex -0.89864 3.37681 3.51
    endloop
  endfacet
  facet normal 0 0 -1
    outer loop
      vertex -1.16774 4.16953 3.51
      vertex -1.05107 3.82584 3.51
      vertex -1.05112 3.82598 3.51
    endloop
  endfacet
  facet normal 0 0 -1
    outer loop
      vertex -0.265129 2.18591 3.51
      vertex 0.00187397 1.7863 3.51
      vertex -0.110508 1.95449 3.51
    endloop
  endfacet
  facet normal 0 0 -1
    outer loop
      vertex 0.00187397 1.7863 3.51
      vertex -0.265129 2.18591 3.51
      vertex -0.441589 2.45001 3.51
    endloop
  endfacet
  facet normal -0 0 -1
    outer loop
      vertex 169.277 1.37357 3.51
      vertex 169.247 1.33935 3.51
      vertex 169.338 1.44327 3.51
    endloop
  endfacet
  facet normal 0 0 -1
    outer loop
      vertex -0.624827 2.82158 3.51
      vertex -0.441589 2.45001 3.51
      vertex -0.454698 2.47659 3.51
    endloop
  endfacet
  facet normal 0 0 1
    outer loop
      vertex -0.624836 2.82159 3.51
      vertex -0.441589 2.45001 3.51
      vertex -0.624827 2.82158 3.51
    endloop
  endfacet
  facet normal 0 0 1
    outer loop
      vertex -0.624836 2.82159 3.51
      vertex -0.811792 3.2007 3.51
      vertex -0.811859 3.20083 3.51
    endloop
  endfacet
  facet normal 0 0 -1
    outer loop
      vertex -0.624836 2.82159 3.51
      vertex -0.811859 3.20083 3.51
      vertex -0.441589 2.45001 3.51
    endloop
  endfacet
  facet normal 0.751821 0.659367 0
    outer loop
      vertex 169.338 74.1567 3.51
      vertex 168.786 74.7861 1.5
      vertex 168.786 74.7861 3.51
    endloop
  endfacet
  facet normal 0.751821 0.659367 0
    outer loop
      vertex 168.786 74.7861 1.5
      vertex 169.338 74.1567 3.51
      vertex 169.338 74.1567 1.5
    endloop
  endfacet
  facet normal -0.99786 0.0653858 0
    outer loop
      vertex -1.44524 70.0354 3.51
      vertex -1.43241 70.2312 3.51
      vertex -1.43241 70.2312 1.5
    endloop
  endfacet
  facet normal -0.99786 0.0653858 0
    outer loop
      vertex -1.44524 70.0354 28.1
      vertex -1.43241 70.2312 3.51
      vertex -1.44524 70.0354 3.51
    endloop
  endfacet
  facet normal -0.99786 0.0653858 0
    outer loop
      vertex -1.44524 70.0354 3.51
      vertex -1.43241 70.2312 1.5
      vertex -1.44524 70.0354 1.5
    endloop
  endfacet
  facet normal -0.99786 0.0653858 0
    outer loop
      vertex -1.43241 70.2312 3.51
      vertex -1.44524 70.0354 28.1
      vertex -1.43241 70.2312 28.11
    endloop
  endfacet
  facet normal -0.99786 0.0653858 0
    outer loop
      vertex -1.44524 70.0354 30.11
      vertex -1.43241 70.2312 28.11
      vertex -1.44524 70.0354 28.1
    endloop
  endfacet
  facet normal -0.99786 0.0653858 0
    outer loop
      vertex -1.43241 70.2312 28.11
      vertex -1.44524 70.0354 30.11
      vertex -1.43241 70.2312 30.11
    endloop
  endfacet
  facet normal 0.32282 0.94646 -0
    outer loop
      vertex 165.43 76.7677 1.5
      vertex 165.245 76.8308 30.11
      vertex 165.43 76.7677 30.11
    endloop
  endfacet
  facet normal 0.32282 0.94646 0
    outer loop
      vertex 165.245 76.8308 30.11
      vertex 165.43 76.7677 1.5
      vertex 165.245 76.8308 1.5
    endloop
  endfacet
  facet normal -0.896865 0.442304 0
    outer loop
      vertex -0.811859 72.3992 1.5
      vertex -0.441589 73.15 3.51
      vertex -0.441589 73.15 1.5
    endloop
  endfacet
  facet normal -0.896865 0.442304 0
    outer loop
      vertex -0.441589 73.15 3.51
      vertex -0.811859 72.3992 1.5
      vertex -0.811859 72.3992 3.51
    endloop
  endfacet
  facet normal -0.896898 0.442237 0
    outer loop
      vertex -0.89864 72.2232 3.51
      vertex -0.811859 72.3992 3.51
      vertex -0.811859 72.3992 1.5
    endloop
  endfacet
  facet normal -0.896898 0.442237 0
    outer loop
      vertex -0.89864 72.2232 3.51
      vertex -0.811859 72.3992 1.5
      vertex -0.89864 72.2232 1.5
    endloop
  endfacet
  facet normal -0.896898 0.442237 0
    outer loop
      vertex -0.89864 72.2232 28.1
      vertex -0.811859 72.3992 3.51
      vertex -0.89864 72.2232 3.51
    endloop
  endfacet
  facet normal -0.896898 0.442237 0
    outer loop
      vertex -0.811859 72.3992 3.51
      vertex -0.89864 72.2232 28.1
      vertex -0.811859 72.3992 30.11
    endloop
  endfacet
  facet normal -0.896898 0.442237 0
    outer loop
      vertex -0.811859 72.3992 30.11
      vertex -0.89864 72.2232 28.1
      vertex -0.89864 72.2232 30.11
    endloop
  endfacet
  facet normal 0.659338 0.751847 -0
    outer loop
      vertex 4.52808 4.06663 28.11
      vertex 4.28223 4.28223 30.11
      vertex 4.52808 4.06663 30.11
    endloop
  endfacet
  facet normal 0.659338 0.751847 0
    outer loop
      vertex 4.28223 4.28223 30.11
      vertex 4.52808 4.06663 28.11
      vertex 4.28223 4.28223 28.11
    endloop
  endfacet
  facet normal -0.89686 -0.442315 0
    outer loop
      vertex -0.441589 2.45001 28.11
      vertex -0.452222 2.47157 30.11
      vertex -0.452222 2.47157 28.11
    endloop
  endfacet
  facet normal -0.89686 -0.442315 0
    outer loop
      vertex -0.452222 2.47157 30.11
      vertex -0.441589 2.45001 28.11
      vertex -0.441589 2.45001 30.11
    endloop
  endfacet
  facet normal 0 0 1
    outer loop
      vertex 0.35302 1.33935 28.1
      vertex 0.261877 1.44327 28.1
      vertex 0.323005 1.37357 28.1
    endloop
  endfacet
  facet normal 0 0 1
    outer loop
      vertex 0.392938 1.29383 28.1
      vertex 0.35302 1.33935 28.1
      vertex 0.406126 1.27879 28.1
    endloop
  endfacet
  facet normal 0 0 -1
    outer loop
      vertex -0.454698 2.47659 28.1
      vertex -0.646221 2.86496 28.1
      vertex -0.624827 2.82158 28.1
    endloop
  endfacet
  facet normal -0.831482 -0.555552 -9.15085e-07
    outer loop
      vertex -0.22549 2.12658 30.11
      vertex -0.441589 2.45001 30.11
      vertex -0.265129 2.18591 28.11
    endloop
  endfacet
  facet normal -0.831478 -0.555557 0
    outer loop
      vertex -0.265129 2.18591 28.11
      vertex -0.441589 2.45001 28.11
      vertex -0.441589 2.45001 3.51
    endloop
  endfacet
  facet normal -0.831478 -0.555557 -0
    outer loop
      vertex -0.265129 2.18591 28.11
      vertex -0.441589 2.45001 3.51
      vertex -0.265129 2.18591 3.51
    endloop
  endfacet
  facet normal -0.831478 -0.555557 0
    outer loop
      vertex -0.441589 2.45001 28.11
      vertex -0.265129 2.18591 28.11
      vertex -0.441589 2.45001 30.11
    endloop
  endfacet
  facet normal -0.831496 -0.555531 -0
    outer loop
      vertex -0.22549 2.12658 30.11
      vertex -0.265129 2.18591 28.11
      vertex -0.22549 2.12658 28.11
    endloop
  endfacet
  facet normal 0 -1 0
    outer loop
      vertex 6.05001 72.05 28.11
      vertex 163.55 72.05 30.11
      vertex 6.05001 72.05 30.11
    endloop
  endfacet
  facet normal 0 -1 -0
    outer loop
      vertex 163.55 72.05 30.11
      vertex 6.05001 72.05 28.11
      vertex 163.55 72.05 28.11
    endloop
  endfacet
  facet normal 0.751461 0.659778 0
    outer loop
      vertex 168.94 74.6107 30.11
      vertex 168.786 74.7861 28.11
      vertex 168.786 74.7861 30.11
    endloop
  endfacet
  facet normal 0.751461 0.659778 0
    outer loop
      vertex 168.786 74.7861 28.11
      vertex 168.94 74.6107 30.11
      vertex 168.94 74.6107 28.11
    endloop
  endfacet
  facet normal -0.75169 0.659516 0
    outer loop
      vertex 0.659972 74.6107 28.1
      vertex 0.813864 74.7861 30.11
      vertex 0.813864 74.7861 28.1
    endloop
  endfacet
  facet normal -0.75169 0.659516 0
    outer loop
      vertex 0.813864 74.7861 30.11
      vertex 0.659972 74.6107 28.1
      vertex 0.659972 74.6107 30.11
    endloop
  endfacet
  facet normal -0.94705 -0.321086 -0
    outer loop
      vertex 165.965 70.197 28.3405
      vertex 165.86 70.5067 28.11
      vertex 165.965 70.197 28.11
    endloop
  endfacet
  facet normal -0.94705 -0.321086 0
    outer loop
      vertex 165.86 70.5067 28.11
      vertex 165.965 70.197 28.3405
      vertex 165.86 70.5067 30.11
    endloop
  endfacet
  facet normal 0.980952 0.194248 0
    outer loop
      vertex 170.869 71.0522 30.11
      vertex 170.907 70.8603 28.11
      vertex 170.869 71.0522 28.1
    endloop
  endfacet
  facet normal 0.980733 0.195351 -0.000109975
    outer loop
      vertex 170.923 70.7811 30.11
      vertex 170.907 70.8603 28.11
      vertex 170.869 71.0522 30.11
    endloop
  endfacet
  facet normal 0.980198 0.19802 0
    outer loop
      vertex 170.907 70.8603 28.11
      vertex 170.923 70.7811 30.11
      vertex 170.923 70.7811 28.11
    endloop
  endfacet
  facet normal 0.980952 0.194248 0
    outer loop
      vertex 170.869 71.0522 28.1
      vertex 170.907 70.8603 28.11
      vertex 170.907 70.8603 28.1
    endloop
  endfacet
  facet normal 0.947109 0.320911 0
    outer loop
      vertex 170.768 71.4305 30.11
      vertex 170.692 71.6548 28.11
      vertex 170.692 71.6548 30.11
    endloop
  endfacet
  facet normal 0.947109 0.320911 0
    outer loop
      vertex 170.692 71.6548 28.11
      vertex 170.768 71.4305 30.11
      vertex 170.768 71.4305 28.11
    endloop
  endfacet
  facet normal -0.94705 -0.321086 -0
    outer loop
      vertex 165.965 70.197 29.0103
      vertex 165.86 70.5067 30.11
      vertex 165.965 70.197 28.3405
    endloop
  endfacet
  facet normal -0.94705 -0.321086 0
    outer loop
      vertex 165.86 70.5067 30.11
      vertex 165.965 70.197 29.0103
      vertex 165.965 70.197 30.11
    endloop
  endfacet
  facet normal -0.946931 -0.321437 -0
    outer loop
      vertex -1.16774 4.16953 3.51
      vertex -1.23081 4.35533 1.5
      vertex -1.16774 4.16953 1.5
    endloop
  endfacet
  facet normal -0.946931 -0.321437 0
    outer loop
      vertex -1.23081 4.35533 1.5
      vertex -1.16774 4.16953 3.51
      vertex -1.23081 4.35533 30.11
    endloop
  endfacet
  facet normal -0.946931 -0.321437 -0
    outer loop
      vertex -1.16774 4.16953 28.11
      vertex -1.23081 4.35533 30.11
      vertex -1.16774 4.16953 3.51
    endloop
  endfacet
  facet normal -0.946931 -0.321437 0
    outer loop
      vertex -1.23081 4.35533 30.11
      vertex -1.16774 4.16953 28.11
      vertex -1.16774 4.16953 30.11
    endloop
  endfacet
  facet normal 0.94692 0.32147 0
    outer loop
      vertex 3.74031 5.09329 30.11
      vertex 3.63518 5.40296 28.11
      vertex 3.63518 5.40296 30.11
    endloop
  endfacet
  facet normal 0.94692 0.32147 0
    outer loop
      vertex 3.63518 5.40296 28.11
      vertex 3.74031 5.09329 30.11
      vertex 3.74031 5.09329 28.11
    endloop
  endfacet
  facet normal -0.980783 -0.195104 0
    outer loop
      vertex -1.30728 4.73975 28.1
      vertex -1.26909 4.54777 28.1
      vertex -1.30728 4.73975 28.11
    endloop
  endfacet
  facet normal -0.980785 -0.195092 0
    outer loop
      vertex -1.30728 4.73975 28.11
      vertex -1.32303 4.81893 30.11
      vertex -1.32303 4.81893 28.11
    endloop
  endfacet
  facet normal -0.980783 -0.195104 -0
    outer loop
      vertex -1.26909 4.54777 30.11
      vertex -1.30728 4.73975 28.11
      vertex -1.26909 4.54777 28.1
    endloop
  endfacet
  facet normal -0.980783 -0.1951 3.60252e-07
    outer loop
      vertex -1.30728 4.73975 28.11
      vertex -1.26909 4.54777 30.11
      vertex -1.32303 4.81893 30.11
    endloop
  endfacet
  facet normal -0.980784 -0.195097 0
    outer loop
      vertex -1.23081 4.35533 1.5
      vertex -1.26909 4.54777 3.51
      vertex -1.26909 4.54777 1.5
    endloop
  endfacet
  facet normal -0.980784 -0.195097 0
    outer loop
      vertex -1.26909 4.54777 3.51
      vertex -1.23081 4.35533 1.5
      vertex -1.26909 4.54777 28.1
    endloop
  endfacet
  facet normal -0.980784 -0.195097 -0
    outer loop
      vertex -1.23081 4.35533 30.11
      vertex -1.26909 4.54777 28.1
      vertex -1.23081 4.35533 1.5
    endloop
  endfacet
  facet normal -0.980784 -0.195097 0
    outer loop
      vertex -1.26909 4.54777 28.1
      vertex -1.23081 4.35533 30.11
      vertex -1.26909 4.54777 30.11
    endloop
  endfacet
  facet normal -0.946925 -0.321454 0
    outer loop
      vertex -1.0916 3.94524 28.11
      vertex -1.16774 4.16953 30.11
      vertex -1.16774 4.16953 28.11
    endloop
  endfacet
  facet normal -0.946925 -0.321454 0
    outer loop
      vertex -1.16774 4.16953 30.11
      vertex -1.0916 3.94524 28.11
      vertex -1.0916 3.94524 30.11
    endloop
  endfacet
  facet normal -1 0 0
    outer loop
      vertex 166.05 6.05001 28.2453
      vertex 166.05 69.55 28.2453
      vertex 166.05 69.55 28.11
    endloop
  endfacet
  facet normal -1 0 0
    outer loop
      vertex 166.05 6.05001 28.2453
      vertex 166.05 69.55 28.11
      vertex 166.05 6.05001 28.11
    endloop
  endfacet
  facet normal -1 0 0
    outer loop
      vertex 166.05 69.55 28.2453
      vertex 166.05 6.05001 28.2453
      vertex 166.05 69.55 30.11
    endloop
  endfacet
  facet normal -1 -0 0
    outer loop
      vertex 166.05 69.55 30.11
      vertex 166.05 6.05001 28.2453
      vertex 166.05 6.05001 30.11
    endloop
  endfacet
  facet normal 0.997848 0.0655729 0
    outer loop
      vertex 171.1 69.2 30.11
      vertex 171.077 69.55 28.1
      vertex 171.077 69.55 30.11
    endloop
  endfacet
  facet normal 0.997848 0.0655729 0
    outer loop
      vertex 171.077 69.55 28.1
      vertex 171.1 69.2 30.11
      vertex 171.1 69.2 28.1
    endloop
  endfacet
  facet normal 0.997848 -0.065571 0
    outer loop
      vertex 171.077 6.05 30.11
      vertex 171.1 6.40001 28.1
      vertex 171.1 6.40001 30.11
    endloop
  endfacet
  facet normal 0.997848 -0.065571 0
    outer loop
      vertex 171.1 6.40001 28.1
      vertex 171.077 6.05 30.11
      vertex 171.077 6.05 28.1
    endloop
  endfacet
  facet normal -0.897185 0.441656 0
    outer loop
      vertex -0.452222 73.1284 28.11
      vertex -0.441589 73.15 30.11
      vertex -0.441589 73.15 28.11
    endloop
  endfacet
  facet normal -0.897185 0.441656 0
    outer loop
      vertex -0.441589 73.15 30.11
      vertex -0.452222 73.1284 28.11
      vertex -0.452222 73.1284 30.11
    endloop
  endfacet
  facet normal -0.831366 0.555725 0
    outer loop
      vertex -0.22549 73.4734 28.11
      vertex -0.265129 73.4141 28.11
      vertex -0.22549 73.4734 30.11
    endloop
  endfacet
  facet normal -0.831478 0.555557 0
    outer loop
      vertex -0.441589 73.15 3.51
      vertex -0.265129 73.4141 28.11
      vertex -0.265129 73.4141 3.51
    endloop
  endfacet
  facet normal -0.831478 0.555557 0
    outer loop
      vertex -0.441589 73.15 28.11
      vertex -0.265129 73.4141 28.11
      vertex -0.441589 73.15 3.51
    endloop
  endfacet
  facet normal -0.831478 0.555557 0
    outer loop
      vertex -0.265129 73.4141 28.11
      vertex -0.441589 73.15 28.11
      vertex -0.441589 73.15 30.11
    endloop
  endfacet
  facet normal -0.831458 0.555588 5.89001e-06
    outer loop
      vertex -0.265129 73.4141 28.11
      vertex -0.441589 73.15 30.11
      vertex -0.22549 73.4734 30.11
    endloop
  endfacet
  facet normal 0.659338 -0.751847 0
    outer loop
      vertex 4.28223 71.3178 28.11
      vertex 4.52808 71.5334 30.11
      vertex 4.28223 71.3178 30.11
    endloop
  endfacet
  facet normal 0.659338 -0.751847 0
    outer loop
      vertex 4.52808 71.5334 30.11
      vertex 4.28223 71.3178 28.11
      vertex 4.52808 71.5334 28.11
    endloop
  endfacet
  facet normal -0.99786 -0.0653892 0
    outer loop
      vertex -1.43241 5.36884 3.51
      vertex -1.44524 5.56463 3.51
      vertex -1.44524 5.56463 1.5
    endloop
  endfacet
  facet normal -0.99786 -0.0653892 0
    outer loop
      vertex -1.44524 5.56463 3.51
      vertex -1.43241 5.36884 3.51
      vertex -1.44524 5.56463 28.1
    endloop
  endfacet
  facet normal -0.99786 -0.0653892 -0
    outer loop
      vertex -1.43241 5.36884 3.51
      vertex -1.44524 5.56463 1.5
      vertex -1.43241 5.36884 1.5
    endloop
  endfacet
  facet normal -0.99786 -0.0653892 -0
    outer loop
      vertex -1.43241 5.36884 28.11
      vertex -1.44524 5.56463 28.1
      vertex -1.43241 5.36884 3.51
    endloop
  endfacet
  facet normal -0.99786 -0.0653892 0
    outer loop
      vertex -1.44524 5.56463 28.1
      vertex -1.43241 5.36884 28.11
      vertex -1.44524 5.56463 30.11
    endloop
  endfacet
  facet normal -0.99786 -0.0653892 0
    outer loop
      vertex -1.44524 5.56463 30.11
      vertex -1.43241 5.36884 28.11
      vertex -1.43241 5.36884 30.11
    endloop
  endfacet
  facet normal 0.82913 -0.559056 0
    outer loop
      vertex 169.467 1.59079 30.11
      vertex 169.577 1.75393 28.1
      vertex 169.577 1.75393 30.11
    endloop
  endfacet
  facet normal 0.82913 -0.559056 0
    outer loop
      vertex 169.577 1.75393 28.1
      vertex 169.467 1.59079 30.11
      vertex 169.577 1.75393 3.51
    endloop
  endfacet
  facet normal 0.82913 -0.559056 0
    outer loop
      vertex 169.467 1.59079 1.5
      vertex 169.577 1.75393 3.51
      vertex 169.467 1.59079 30.11
    endloop
  endfacet
  facet normal 0.82913 -0.559056 0
    outer loop
      vertex 169.577 1.75393 3.51
      vertex 169.467 1.59079 1.5
      vertex 169.577 1.75393 1.5
    endloop
  endfacet
  facet normal 0.946964 -0.321341 0
    outer loop
      vertex 170.499 3.37681 3.51
      vertex 170.768 4.16953 1.5
      vertex 170.768 4.16953 3.51
    endloop
  endfacet
  facet normal 0.946964 -0.321341 0
    outer loop
      vertex 170.768 4.16953 1.5
      vertex 170.499 3.37681 3.51
      vertex 170.499 3.37681 1.5
    endloop
  endfacet
  facet normal -0.89687 -0.442295 0
    outer loop
      vertex -0.441589 2.45001 1.5
      vertex -0.811859 3.20083 3.51
      vertex -0.811859 3.20083 1.5
    endloop
  endfacet
  facet normal -0.89687 -0.442295 0
    outer loop
      vertex -0.811859 3.20083 3.51
      vertex -0.441589 2.45001 1.5
      vertex -0.441589 2.45001 3.51
    endloop
  endfacet
  facet normal 0.99784 -0.0656961 0
    outer loop
      vertex 171.045 5.56463 3.51
      vertex 171.1 6.40001 1.5
      vertex 171.1 6.40001 3.51
    endloop
  endfacet
  facet normal 0.99784 -0.0656961 0
    outer loop
      vertex 171.1 6.40001 1.5
      vertex 171.045 5.56463 3.51
      vertex 171.045 5.56463 1.5
    endloop
  endfacet
  facet normal -0.83148 -0.555555 1.48092e-06
    outer loop
      vertex 0.00187397 1.7863 3.5
      vertex -0.441589 2.45001 1.5
      vertex 0.0234985 1.75393 1.5
    endloop
  endfacet
  facet normal 0 1 -0
    outer loop
      vertex 22.9 19.83 1.5
      vertex 3.9 19.83 18.8
      vertex 22.9 19.83 18.8
    endloop
  endfacet
  facet normal 0 1 0
    outer loop
      vertex 3.9 19.83 18.8
      vertex 22.9 19.83 1.5
      vertex 3.9 19.83 1.5
    endloop
  endfacet
  facet normal 0.831528 -0.555483 0
    outer loop
      vertex 169.577 1.75393 3.51
      vertex 170.042 2.45001 1.5
      vertex 170.042 2.45001 3.51
    endloop
  endfacet
  facet normal 0.831528 -0.555483 0
    outer loop
      vertex 170.042 2.45001 1.5
      vertex 169.577 1.75393 3.51
      vertex 169.577 1.75393 1.5
    endloop
  endfacet
  facet normal 0.980859 -0.194721 0
    outer loop
      vertex 170.869 4.54777 3.51
      vertex 171.032 5.36884 1.5
      vertex 171.032 5.36884 3.51
    endloop
  endfacet
  facet normal 0.980859 -0.194721 0
    outer loop
      vertex 171.032 5.36884 1.5
      vertex 170.869 4.54777 3.51
      vertex 170.869 4.54777 1.5
    endloop
  endfacet
  facet normal -0.896878 -0.442277 0
    outer loop
      vertex -0.811859 3.20083 3.51
      vertex -0.89864 3.37681 3.51
      vertex -0.89864 3.37681 1.5
    endloop
  endfacet
  facet normal -0.896878 -0.442277 0
    outer loop
      vertex -0.89864 3.37681 3.51
      vertex -0.811859 3.20083 3.51
      vertex -0.89864 3.37681 28.1
    endloop
  endfacet
  facet normal -0.896878 -0.442277 -0
    outer loop
      vertex -0.811859 3.20083 3.51
      vertex -0.89864 3.37681 1.5
      vertex -0.811859 3.20083 1.5
    endloop
  endfacet
  facet normal -0.896878 -0.442277 -0
    outer loop
      vertex -0.811859 3.20083 30.11
      vertex -0.89864 3.37681 28.1
      vertex -0.811859 3.20083 3.51
    endloop
  endfacet
  facet normal -0.896878 -0.442277 0
    outer loop
      vertex -0.89864 3.37681 28.1
      vertex -0.811859 3.20083 30.11
      vertex -0.89864 3.37681 30.11
    endloop
  endfacet
  facet normal 0.896998 -0.442036 0
    outer loop
      vertex 170.042 2.45001 3.51
      vertex 170.412 3.20083 1.5
      vertex 170.412 3.20083 3.51
    endloop
  endfacet
  facet normal 0.896998 -0.442036 0
    outer loop
      vertex 170.412 3.20083 1.5
      vertex 170.042 2.45001 3.51
      vertex 170.042 2.45001 1.5
    endloop
  endfacet
  facet normal -0.980786 -0.195089 0
    outer loop
      vertex -1.26909 4.54777 1.5
      vertex -1.43241 5.36884 3.51
      vertex -1.43241 5.36884 1.5
    endloop
  endfacet
  facet normal -0.980786 -0.195089 0
    outer loop
      vertex -1.43241 5.36884 3.51
      vertex -1.26909 4.54777 1.5
      vertex -1.26909 4.54777 3.51
    endloop
  endfacet
  facet normal -0.751813 -0.659377 0
    outer loop
      vertex 0.35302 1.33935 1.5
      vertex 0.261877 1.44327 3.51
      vertex 0.261877 1.44327 1.5
    endloop
  endfacet
  facet normal -0.751813 -0.659377 0
    outer loop
      vertex 0.261877 1.44327 3.51
      vertex 0.35302 1.33935 1.5
      vertex 0.35302 1.33935 3.51
    endloop
  endfacet
  facet normal -0.997859 -0.0653987 0
    outer loop
      vertex -1.44524 5.56463 1.5
      vertex -1.49999 6.40001 3.51
      vertex -1.49999 6.40001 1.5
    endloop
  endfacet
  facet normal -0.997859 -0.0653987 0
    outer loop
      vertex -1.49999 6.40001 3.51
      vertex -1.44524 5.56463 1.5
      vertex -1.44524 5.56463 3.51
    endloop
  endfacet
  facet normal -0.751844 -0.659341 -0
    outer loop
      vertex 0.261877 1.44327 3.51
      vertex 0.132507 1.59079 1.5
      vertex 0.261877 1.44327 1.5
    endloop
  endfacet
  facet normal -0.751844 -0.659341 0
    outer loop
      vertex 0.132507 1.59079 1.5
      vertex 0.261877 1.44327 3.51
      vertex 0.132507 1.59079 30.11
    endloop
  endfacet
  facet normal -0.751844 -0.659341 -0
    outer loop
      vertex 0.261877 1.44327 28.1
      vertex 0.132507 1.59079 30.11
      vertex 0.261877 1.44327 3.51
    endloop
  endfacet
  facet normal -0.751844 -0.659341 0
    outer loop
      vertex 0.132507 1.59079 30.11
      vertex 0.261877 1.44327 28.1
      vertex 0.261877 1.44327 30.11
    endloop
  endfacet
  facet normal 0.896435 -0.443175 0
    outer loop
      vertex 170.412 3.20083 28.1
      vertex 170.499 3.37681 28.1
      vertex 170.499 3.37681 30.11
    endloop
  endfacet
  facet normal 0.896435 -0.443175 0
    outer loop
      vertex 170.499 3.37681 28.1
      vertex 170.412 3.20083 28.1
      vertex 170.499 3.37681 3.51
    endloop
  endfacet
  facet normal 0.896435 -0.443175 0
    outer loop
      vertex 170.412 3.20083 28.1
      vertex 170.499 3.37681 30.11
      vertex 170.412 3.20083 30.11
    endloop
  endfacet
  facet normal 0.896435 -0.443175 0
    outer loop
      vertex 170.412 3.20083 3.51
      vertex 170.499 3.37681 3.51
      vertex 170.412 3.20083 28.1
    endloop
  endfacet
  facet normal 0.896435 -0.443175 0
    outer loop
      vertex 170.499 3.37681 3.51
      vertex 170.412 3.20083 3.51
      vertex 170.499 3.37681 1.5
    endloop
  endfacet
  facet normal 0.896435 -0.443175 0
    outer loop
      vertex 170.499 3.37681 1.5
      vertex 170.412 3.20083 3.51
      vertex 170.412 3.20083 1.5
    endloop
  endfacet
  facet normal -0.831465 -0.555577 0
    outer loop
      vertex 0.132507 1.59079 1.5
      vertex 0.0234985 1.75393 30.11
      vertex 0.0234985 1.75393 1.5
    endloop
  endfacet
  facet normal -0.831465 -0.555577 0
    outer loop
      vertex 0.0234985 1.75393 30.11
      vertex 0.132507 1.59079 1.5
      vertex 0.132507 1.59079 30.11
    endloop
  endfacet
  facet normal -0.831522 -0.555492 0
    outer loop
      vertex 0.0234985 1.75393 1.5
      vertex 0.00187397 1.7863 3.51
      vertex 0.00187397 1.7863 3.5
    endloop
  endfacet
  facet normal -0.831522 -0.555492 0
    outer loop
      vertex 0.00187397 1.7863 3.51
      vertex 0.0234985 1.75393 1.5
      vertex 0.00187397 1.7863 28.11
    endloop
  endfacet
  facet normal -0.831522 -0.555492 0
    outer loop
      vertex 0.00187397 1.7863 28.11
      vertex 0.0234985 1.75393 1.5
      vertex 0.0234985 1.75393 30.11
    endloop
  endfacet
  facet normal 0.752326 -0.658792 0
    outer loop
      vertex 169.247 1.33935 3.51
      vertex 169.338 1.44327 1.5
      vertex 169.338 1.44327 3.51
    endloop
  endfacet
  facet normal 0.752326 -0.658792 0
    outer loop
      vertex 169.338 1.44327 1.5
      vertex 169.247 1.33935 3.51
      vertex 169.247 1.33935 1.5
    endloop
  endfacet
  facet normal 0.752779 -0.658273 0
    outer loop
      vertex 169.338 1.44327 28.1
      vertex 169.467 1.59079 30.11
      vertex 169.338 1.44327 30.11
    endloop
  endfacet
  facet normal 0.752779 -0.658273 0
    outer loop
      vertex 169.467 1.59079 30.11
      vertex 169.338 1.44327 28.1
      vertex 169.467 1.59079 1.5
    endloop
  endfacet
  facet normal 0.752779 -0.658273 0
    outer loop
      vertex 169.338 1.44327 3.51
      vertex 169.467 1.59079 1.5
      vertex 169.338 1.44327 28.1
    endloop
  endfacet
  facet normal 0.752779 -0.658273 0
    outer loop
      vertex 169.467 1.59079 1.5
      vertex 169.338 1.44327 3.51
      vertex 169.338 1.44327 1.5
    endloop
  endfacet
  facet normal 0.997803 -0.0662518 0
    outer loop
      vertex 171.032 5.36884 28.11
      vertex 171.045 5.56463 28.1
      vertex 171.045 5.56463 30.11
    endloop
  endfacet
  facet normal 0.997803 -0.0662518 0
    outer loop
      vertex 171.032 5.36884 3.51
      vertex 171.045 5.56463 28.1
      vertex 171.032 5.36884 28.11
    endloop
  endfacet
  facet normal 0.997803 -0.0662518 0
    outer loop
      vertex 171.032 5.36884 28.11
      vertex 171.045 5.56463 30.11
      vertex 171.032 5.36884 30.11
    endloop
  endfacet
  facet normal 0.997803 -0.0662518 0
    outer loop
      vertex 171.045 5.56463 28.1
      vertex 171.032 5.36884 3.51
      vertex 171.045 5.56463 3.51
    endloop
  endfacet
  facet normal 0.997803 -0.0662518 0
    outer loop
      vertex 171.045 5.56463 3.51
      vertex 171.032 5.36884 3.51
      vertex 171.045 5.56463 1.5
    endloop
  endfacet
  facet normal 0.997803 -0.0662518 0
    outer loop
      vertex 171.045 5.56463 1.5
      vertex 171.032 5.36884 3.51
      vertex 171.032 5.36884 1.5
    endloop
  endfacet
  facet normal -0.946927 -0.321448 0
    outer loop
      vertex -0.89864 3.37681 1.5
      vertex -1.16774 4.16953 3.51
      vertex -1.16774 4.16953 1.5
    endloop
  endfacet
  facet normal -0.946927 -0.321448 0
    outer loop
      vertex -1.16774 4.16953 3.51
      vertex -0.89864 3.37681 1.5
      vertex -0.89864 3.37681 3.51
    endloop
  endfacet
  facet normal -0.831478 -0.555558 0
    outer loop
      vertex 0.00187397 1.7863 3.5
      vertex -0.441589 2.45001 3.51
      vertex -0.441589 2.45001 1.5
    endloop
  endfacet
  facet normal -0.831478 -0.555558 0
    outer loop
      vertex -0.441589 2.45001 3.51
      vertex 0.00187397 1.7863 3.5
      vertex 0.00187397 1.7863 3.51
    endloop
  endfacet
  facet normal 0.896447 0.443151 0
    outer loop
      vertex 170.412 72.3992 30.11
      vertex 170.246 72.735 28.1
      vertex 170.246 72.735 30.11
    endloop
  endfacet
  facet normal 0.896447 0.443151 0
    outer loop
      vertex 170.246 72.735 28.1
      vertex 170.412 72.3992 30.11
      vertex 170.412 72.3992 28.1
    endloop
  endfacet
  facet normal -0.831228 -0.555931 0
    outer loop
      vertex 165.658 70.885 28.11
      vertex 165.533 71.0719 28.5643
      vertex 165.533 71.0719 28.11
    endloop
  endfacet
  facet normal -0.831228 -0.555931 0
    outer loop
      vertex 165.533 71.0719 28.5643
      vertex 165.658 70.885 28.11
      vertex 165.533 71.0719 29.1779
    endloop
  endfacet
  facet normal 0.948874 0.315654 -0
    outer loop
      vertex 170.532 72.124 28.11
      vertex 170.499 72.2232 30.11
      vertex 170.532 72.124 30.11
    endloop
  endfacet
  facet normal 0.948874 0.315654 0
    outer loop
      vertex 170.499 72.2232 30.11
      vertex 170.532 72.124 28.11
      vertex 170.499 72.2232 28.1
    endloop
  endfacet
  facet normal 0.948874 0.315654 0
    outer loop
      vertex 170.499 72.2232 28.1
      vertex 170.532 72.124 28.11
      vertex 170.532 72.124 28.1
    endloop
  endfacet
  facet normal -0.830544 -0.556953 -0
    outer loop
      vertex 165.715 70.8 29.1045
      vertex 165.658 70.885 28.11
      vertex 165.715 70.8 28.11
    endloop
  endfacet
  facet normal -0.830544 -0.556953 0
    outer loop
      vertex 165.658 70.885 28.11
      vertex 165.715 70.8 29.1045
      vertex 165.715 70.8 30.11
    endloop
  endfacet
  facet normal -0.831014 -0.556251 0
    outer loop
      vertex 165.715 70.8 30.11
      vertex 165.533 71.0719 30.1092
      vertex 165.533 71.0719 29.1779
    endloop
  endfacet
  facet normal -0.831095 -0.556131 5.06273e-05
    outer loop
      vertex 165.715 70.8 30.11
      vertex 165.533 71.0719 29.1779
      vertex 165.658 70.885 28.11
    endloop
  endfacet
  facet normal -0.831014 -0.556251 0
    outer loop
      vertex 165.533 71.0719 30.1092
      vertex 165.715 70.8 30.11
      vertex 165.533 71.0719 30.11
    endloop
  endfacet
  facet normal 0.752109 0.659039 0
    outer loop
      vertex 169.338 74.1567 30.11
      vertex 169.207 74.3062 28.1
      vertex 169.207 74.3062 30.11
    endloop
  endfacet
  facet normal 0.752109 0.659039 0
    outer loop
      vertex 169.207 74.3062 28.1
      vertex 169.338 74.1567 30.11
      vertex 169.338 74.1567 28.1
    endloop
  endfacet
  facet normal -0.442556 -0.896741 0
    outer loop
      vertex 164.507 71.8597 29.4638
      vertex 164.8 71.7151 30.11
      vertex 164.507 71.8597 30.11
    endloop
  endfacet
  facet normal -0.442556 -0.896741 -0
    outer loop
      vertex 164.8 71.7151 30.11
      vertex 164.507 71.8597 29.4638
      vertex 164.8 71.7151 28.3868
    endloop
  endfacet
  facet normal -0.442556 -0.896741 0
    outer loop
      vertex 164.507 71.8597 28.11
      vertex 164.8 71.7151 28.3868
      vertex 164.507 71.8597 29.4638
    endloop
  endfacet
  facet normal -0.442556 -0.896741 -0
    outer loop
      vertex 164.8 71.7151 28.3868
      vertex 164.507 71.8597 28.11
      vertex 164.8 71.7151 28.11
    endloop
  endfacet
  facet normal 0.835171 0.549991 -0
    outer loop
      vertex 169.631 73.7641 28.11
      vertex 169.577 73.8461 30.11
      vertex 169.631 73.7641 30.11
    endloop
  endfacet
  facet normal 0.835171 0.549991 0
    outer loop
      vertex 169.577 73.8461 30.11
      vertex 169.631 73.7641 28.11
      vertex 169.577 73.8461 28.1
    endloop
  endfacet
  facet normal 0.835171 0.549991 0
    outer loop
      vertex 169.577 73.8461 28.1
      vertex 169.631 73.7641 28.11
      vertex 169.631 73.7641 28.1
    endloop
  endfacet
  facet normal -0.980767 0.195182 0
    outer loop
      vertex -1.30728 70.8603 28.11
      vertex -1.26909 71.0522 28.1
      vertex -1.30728 70.8603 28.1
    endloop
  endfacet
  facet normal -0.980767 0.195182 0
    outer loop
      vertex -1.26909 71.0522 28.1
      vertex -1.30728 70.8603 28.11
      vertex -1.26909 71.0522 30.11
    endloop
  endfacet
  facet normal -0.980794 0.195044 0
    outer loop
      vertex -1.32303 70.7811 30.11
      vertex -1.30728 70.8603 28.11
      vertex -1.32303 70.7811 28.11
    endloop
  endfacet
  facet normal -0.980775 0.195142 4.02114e-06
    outer loop
      vertex -1.30728 70.8603 28.11
      vertex -1.32303 70.7811 30.11
      vertex -1.26909 71.0522 30.11
    endloop
  endfacet
  facet normal 0.946929 -0.321442 0
    outer loop
      vertex 3.63518 70.197 30.11
      vertex 3.74031 70.5067 28.11
      vertex 3.74031 70.5067 30.11
    endloop
  endfacet
  facet normal 0.946929 -0.321442 0
    outer loop
      vertex 3.74031 70.5067 28.11
      vertex 3.63518 70.197 30.11
      vertex 3.63518 70.197 28.11
    endloop
  endfacet
  facet normal -0 0 -1
    outer loop
      vertex -1.2941 70.9265 28.1
      vertex -1.30728 70.8603 28.1
      vertex -1.26909 71.0522 28.1
    endloop
  endfacet
  facet normal -0 0 1
    outer loop
      vertex -0.624827 72.7784 28.1
      vertex -0.646221 72.735 28.1
      vertex -0.454698 73.1234 28.1
    endloop
  endfacet
  facet normal -0 0 1
    outer loop
      vertex -0.909547 72.1911 28.1
      vertex -0.932303 72.124 28.1
      vertex -0.89864 72.2232 28.1
    endloop
  endfacet
  facet normal -0.94693 0.321441 0
    outer loop
      vertex -1.16774 71.4305 28.11
      vertex -1.0916 71.6548 30.11
      vertex -1.0916 71.6548 28.11
    endloop
  endfacet
  facet normal -0.94693 0.321441 0
    outer loop
      vertex -1.0916 71.6548 30.11
      vertex -1.16774 71.4305 28.11
      vertex -1.16774 71.4305 30.11
    endloop
  endfacet
  facet normal -0.752064 0.65909 0
    outer loop
      vertex 0.261877 74.1567 28.1
      vertex 0.35302 74.2607 28.11
      vertex 0.35302 74.2607 28.1
    endloop
  endfacet
  facet normal -0.752064 0.65909 0
    outer loop
      vertex 0.35302 74.2607 28.11
      vertex 0.261877 74.1567 28.1
      vertex 0.261877 74.1567 30.11
    endloop
  endfacet
  facet normal -0.751712 0.659491 0
    outer loop
      vertex 0.35302 74.2607 28.11
      vertex 0.392938 74.3062 28.1
      vertex 0.35302 74.2607 28.1
    endloop
  endfacet
  facet normal -0.751712 0.659491 0
    outer loop
      vertex 0.392938 74.3062 28.1
      vertex 0.35302 74.2607 28.11
      vertex 0.392938 74.3062 30.11
    endloop
  endfacet
  facet normal 0.442204 -0.896915 0
    outer loop
      vertex 4.8 71.7151 28.11
      vertex 5.09329 71.8597 30.11
      vertex 4.8 71.7151 30.11
    endloop
  endfacet
  facet normal 0.442204 -0.896915 0
    outer loop
      vertex 5.09329 71.8597 30.11
      vertex 4.8 71.7151 28.11
      vertex 5.09329 71.8597 28.11
    endloop
  endfacet
  facet normal -0.751957 0.659212 1.12303e-05
    outer loop
      vertex 0.35302 74.2607 28.11
      vertex 0.261877 74.1567 30.11
      vertex 0.392938 74.3062 30.11
    endloop
  endfacet
  facet normal -0.831573 0.555415 -6.53059e-06
    outer loop
      vertex 0.00187397 73.8137 28.11
      vertex -0.03127 73.7641 30.11
      vertex 0.0234985 73.8461 30.11
    endloop
  endfacet
  facet normal -0.831452 0.555597 0
    outer loop
      vertex 0.00187397 73.8137 28.11
      vertex -0.03127 73.7641 28.11
      vertex -0.03127 73.7641 30.11
    endloop
  endfacet
  facet normal 0.442277 0.896878 -0
    outer loop
      vertex 5.09329 3.74031 28.11
      vertex 4.8 3.88494 30.11
      vertex 5.09329 3.74031 30.11
    endloop
  endfacet
  facet normal 0.442277 0.896878 0
    outer loop
      vertex 4.8 3.88494 30.11
      vertex 5.09329 3.74031 28.11
      vertex 4.8 3.88494 28.11
    endloop
  endfacet
  facet normal -0.831452 -0.555597 -0
    outer loop
      vertex -0.03127 1.8359 30.11
      vertex -0.03127 1.8359 28.11
      vertex 0.00187397 1.7863 28.11
    endloop
  endfacet
  facet normal -0.751826 -0.659362 -1.38552e-06
    outer loop
      vertex 0.392938 1.29383 30.11
      vertex 0.261877 1.44327 30.11
      vertex 0.35302 1.33935 28.11
    endloop
  endfacet
  facet normal -0.751813 -0.659377 -0
    outer loop
      vertex 0.35302 1.33935 28.11
      vertex 0.261877 1.44327 28.1
      vertex 0.35302 1.33935 28.1
    endloop
  endfacet
  facet normal -0.751813 -0.659377 0
    outer loop
      vertex 0.261877 1.44327 28.1
      vertex 0.35302 1.33935 28.11
      vertex 0.261877 1.44327 30.11
    endloop
  endfacet
  facet normal -0.751856 -0.659327 0
    outer loop
      vertex 0.392938 1.29383 28.1
      vertex 0.35302 1.33935 28.11
      vertex 0.35302 1.33935 28.1
    endloop
  endfacet
  facet normal -0.751856 -0.659327 0
    outer loop
      vertex 0.35302 1.33935 28.11
      vertex 0.392938 1.29383 28.1
      vertex 0.392938 1.29383 30.11
    endloop
  endfacet
  facet normal -0.831479 -0.555555 -1.4892e-06
    outer loop
      vertex 0.0234985 1.75393 30.11
      vertex -0.03127 1.8359 30.11
      vertex 0.00187397 1.7863 28.11
    endloop
  endfacet
  facet normal -0.65911 0.752046 0
    outer loop
      vertex 165.318 4.28223 30.11
      vertex 165.072 4.06663 30.1095
      vertex 165.072 4.06663 30.11
    endloop
  endfacet
  facet normal -0.65911 0.752046 0
    outer loop
      vertex 165.318 4.28223 29.267
      vertex 165.072 4.06663 30.1095
      vertex 165.318 4.28223 30.11
    endloop
  endfacet
  facet normal -0.65911 0.752046 0
    outer loop
      vertex 165.318 4.28223 29.2042
      vertex 165.072 4.06663 30.1095
      vertex 165.318 4.28223 29.267
    endloop
  endfacet
  facet normal -0.659367 0.751821 -0.000123243
    outer loop
      vertex 165.072 4.06663 30.1095
      vertex 165.318 4.28223 29.2042
      vertex 165.14 4.12594 28.11
    endloop
  endfacet
  facet normal 0 0 1
    outer loop
      vertex 170.532 3.47598 28.1
      vertex 170.499 3.37681 28.1
      vertex 170.51 3.40894 28.1
    endloop
  endfacet
  facet normal 0 0 -1
    outer loop
      vertex 169.631 1.8359 28.1
      vertex 169.577 1.75393 28.1
      vertex 169.598 1.7863 28.1
    endloop
  endfacet
  facet normal 0 0 1
    outer loop
      vertex 169.247 1.33935 28.1
      vertex 169.277 1.37357 28.1
      vertex 169.338 1.44327 28.1
    endloop
  endfacet
  facet normal 0 0 1
    outer loop
      vertex 169.247 1.33935 28.1
      vertex 169.207 1.29383 28.1
      vertex 169.194 1.27879 28.1
    endloop
  endfacet
  facet normal 0 -0 1
    outer loop
      vertex 169.247 1.33935 28.1
      vertex 169.338 1.44327 28.1
      vertex 169.207 1.29383 28.1
    endloop
  endfacet
  facet normal 0 0 1
    outer loop
      vertex 170.412 3.20083 28.1
      vertex 170.246 2.86496 28.1
      vertex 170.07 2.50691 28.1
    endloop
  endfacet
  facet normal 0 0 -1
    outer loop
      vertex 170.412 3.20083 28.1
      vertex 170.07 2.50691 28.1
      vertex 170.225 2.82158 28.1
    endloop
  endfacet
  facet normal 0.90717 -0.420765 0
    outer loop
      vertex 170.042 2.45001 30.11
      vertex 170.052 2.47157 28.11
      vertex 170.052 2.47157 30.11
    endloop
  endfacet
  facet normal 0.90717 -0.420765 0
    outer loop
      vertex 170.052 2.47157 28.11
      vertex 170.042 2.45001 30.11
      vertex 170.042 2.45001 28.11
    endloop
  endfacet
  facet normal 0.830411 -0.557151 0
    outer loop
      vertex 169.825 2.12658 30.11
      vertex 170.042 2.45001 28.11
      vertex 170.042 2.45001 30.11
    endloop
  endfacet
  facet normal 0.830411 -0.557151 0
    outer loop
      vertex 170.042 2.45001 28.11
      vertex 169.825 2.12658 30.11
      vertex 169.825 2.12658 28.11
    endloop
  endfacet
  facet normal -0.659795 0.751446 0
    outer loop
      vertex 165.318 4.28223 28.11
      vertex 165.14 4.12594 28.11
      vertex 165.318 4.28223 29.2042
    endloop
  endfacet
  facet normal -0.657311 0.753619 0
    outer loop
      vertex 165.14 4.12594 28.11
      vertex 165.072 4.06663 28.8433
      vertex 165.072 4.06663 30.1095
    endloop
  endfacet
  facet normal -0.657311 0.753619 0
    outer loop
      vertex 165.072 4.06663 28.8433
      vertex 165.14 4.12594 28.11
      vertex 165.072 4.06663 28.11
    endloop
  endfacet
  facet normal -0.830665 0.556772 0
    outer loop
      vertex 165.715 4.8 28.11
      vertex 165.658 4.71496 28.11
      vertex 165.715 4.8 29.1045
    endloop
  endfacet
  facet normal -0.830665 0.556772 0
    outer loop
      vertex 165.715 4.8 30.11
      vertex 165.715 4.8 29.1045
      vertex 165.658 4.71496 28.11
    endloop
  endfacet
  facet normal 0.948846 -0.31574 0
    outer loop
      vertex 170.499 3.37681 30.11
      vertex 170.532 3.47598 28.11
      vertex 170.532 3.47598 30.11
    endloop
  endfacet
  facet normal 0.948846 -0.31574 0
    outer loop
      vertex 170.499 3.37681 28.1
      vertex 170.532 3.47598 28.11
      vertex 170.499 3.37681 30.11
    endloop
  endfacet
  facet normal 0.948846 -0.31574 0
    outer loop
      vertex 170.532 3.47598 28.11
      vertex 170.499 3.37681 28.1
      vertex 170.532 3.47598 28.1
    endloop
  endfacet
  facet normal 0.896484 -0.443077 0
    outer loop
      vertex 170.246 2.86496 30.11
      vertex 170.412 3.20083 28.1
      vertex 170.412 3.20083 30.11
    endloop
  endfacet
  facet normal 0.896484 -0.443077 0
    outer loop
      vertex 170.412 3.20083 28.1
      vertex 170.246 2.86496 30.11
      vertex 170.246 2.86496 28.1
    endloop
  endfacet
  facet normal -0.831033 0.556223 0
    outer loop
      vertex 165.715 4.8 30.11
      vertex 165.533 4.52808 29.1779
      vertex 165.533 4.52808 30.1092
    endloop
  endfacet
  facet normal -0.831096 0.556129 3.96429e-05
    outer loop
      vertex 165.533 4.52808 29.1779
      vertex 165.715 4.8 30.11
      vertex 165.658 4.71496 28.11
    endloop
  endfacet
  facet normal -0.831033 0.556223 0
    outer loop
      vertex 165.715 4.8 30.11
      vertex 165.533 4.52808 30.1092
      vertex 165.533 4.52808 30.11
    endloop
  endfacet
  facet normal -0.831201 0.555972 0
    outer loop
      vertex 165.533 4.52808 28.5643
      vertex 165.658 4.71496 28.11
      vertex 165.533 4.52808 28.11
    endloop
  endfacet
  facet normal -0.831201 0.555972 0
    outer loop
      vertex 165.658 4.71496 28.11
      vertex 165.533 4.52808 28.5643
      vertex 165.533 4.52808 29.1779
    endloop
  endfacet
  facet normal -0.830768 0.556615 -0.00200506
    outer loop
      vertex -0.811859 72.3992 3.51
      vertex -0.646221 72.735 28.1
      vertex -0.811792 72.3993 3.51
    endloop
  endfacet
  facet normal -0.896831 0.442374 0
    outer loop
      vertex -0.646221 72.735 28.1
      vertex -0.811859 72.3992 3.51
      vertex -0.811859 72.3992 30.11
    endloop
  endfacet
  facet normal -0.896831 0.442374 0
    outer loop
      vertex -0.646221 72.735 28.1
      vertex -0.811859 72.3992 30.11
      vertex -0.646221 72.735 30.11
    endloop
  endfacet
  facet normal 0.831452 -0.555596 0
    outer loop
      vertex 3.88494 70.8 30.11
      vertex 4.06663 71.0719 28.11
      vertex 4.06663 71.0719 30.11
    endloop
  endfacet
  facet normal 0.831452 -0.555596 0
    outer loop
      vertex 4.06663 71.0719 28.11
      vertex 3.88494 70.8 30.11
      vertex 3.88494 70.8 28.11
    endloop
  endfacet
  facet normal -0.946962 0.321346 0
    outer loop
      vertex -0.932303 72.124 28.1
      vertex -0.89864 72.2232 30.11
      vertex -0.89864 72.2232 28.1
    endloop
  endfacet
  facet normal -0.946962 0.321346 0
    outer loop
      vertex -0.89864 72.2232 30.11
      vertex -0.932303 72.124 28.1
      vertex -0.932303 72.124 30.11
    endloop
  endfacet
  facet normal 0.831471 0.555568 0
    outer loop
      vertex 4.06663 4.52808 30.11
      vertex 3.88494 4.8 28.11
      vertex 3.88494 4.8 30.11
    endloop
  endfacet
  facet normal 0.831471 0.555568 0
    outer loop
      vertex 3.88494 4.8 28.11
      vertex 4.06663 4.52808 30.11
      vertex 4.06663 4.52808 28.11
    endloop
  endfacet
  facet normal -0.946932 -0.321434 0
    outer loop
      vertex -0.89864 3.37681 28.1
      vertex -0.932303 3.47598 30.11
      vertex -0.932303 3.47598 28.1
    endloop
  endfacet
  facet normal -0.946932 -0.321434 0
    outer loop
      vertex -0.932303 3.47598 30.11
      vertex -0.89864 3.37681 28.1
      vertex -0.89864 3.37681 30.11
    endloop
  endfacet
  facet normal 0 0 1
    outer loop
      vertex -0.89864 3.37681 28.1
      vertex -0.932303 3.47598 28.1
      vertex -0.909547 3.40894 28.1
    endloop
  endfacet
  facet normal -0.88889 -0.45812 -0.00026982
    outer loop
      vertex -0.646221 2.86496 28.1
      vertex -0.811859 3.20083 3.51
      vertex -0.811792 3.2007 3.51
    endloop
  endfacet
  facet normal -0.896867 -0.4423 0
    outer loop
      vertex -0.811859 3.20083 3.51
      vertex -0.646221 2.86496 28.1
      vertex -0.811859 3.20083 30.11
    endloop
  endfacet
  facet normal -0.896867 -0.4423 0
    outer loop
      vertex -0.811859 3.20083 30.11
      vertex -0.646221 2.86496 28.1
      vertex -0.646221 2.86496 30.11
    endloop
  endfacet
  facet normal -0.98073 0.19537 0
    outer loop
      vertex -1.43241 70.2312 28.11
      vertex -1.41982 70.2944 30.11
      vertex -1.41982 70.2944 28.11
    endloop
  endfacet
  facet normal -0.98073 0.19537 0
    outer loop
      vertex -1.41982 70.2944 30.11
      vertex -1.43241 70.2312 28.11
      vertex -1.43241 70.2312 30.11
    endloop
  endfacet
  facet normal -0.99786 0.0653933 0
    outer loop
      vertex -1.47705 69.55 28.1
      vertex -1.44524 70.0354 30.11
      vertex -1.44524 70.0354 28.1
    endloop
  endfacet
  facet normal -0.99786 0.0653933 0
    outer loop
      vertex -1.44524 70.0354 30.11
      vertex -1.47705 69.55 28.1
      vertex -1.47705 69.55 30.11
    endloop
  endfacet
  facet normal 0.997858 -0.0654128 0
    outer loop
      vertex 3.55 69.55 30.11
      vertex 3.57139 69.8763 28.11
      vertex 3.57139 69.8763 30.11
    endloop
  endfacet
  facet normal 0.997858 -0.0654128 0
    outer loop
      vertex 3.57139 69.8763 28.11
      vertex 3.55 69.55 30.11
      vertex 3.55 69.55 28.11
    endloop
  endfacet
  facet normal -0.997936 0.0642192 0
    outer loop
      vertex 166.05 6.05001 28.2453
      vertex 166.029 5.72368 30.11
      vertex 166.05 6.05001 30.11
    endloop
  endfacet
  facet normal -0.997936 0.0642192 0
    outer loop
      vertex 166.029 5.72368 28.11
      vertex 166.05 6.05001 28.2453
      vertex 166.05 6.05001 28.11
    endloop
  endfacet
  facet normal -0.997936 0.0642192 0
    outer loop
      vertex 166.05 6.05001 28.2453
      vertex 166.029 5.72368 28.11
      vertex 166.029 5.72368 30.11
    endloop
  endfacet
  facet normal 0.997834 -0.0657863 0
    outer loop
      vertex 171.045 5.56463 30.11
      vertex 171.077 6.05 28.1
      vertex 171.077 6.05 30.11
    endloop
  endfacet
  facet normal 0.997834 -0.0657863 0
    outer loop
      vertex 171.077 6.05 28.1
      vertex 171.045 5.56463 30.11
      vertex 171.045 5.56463 28.1
    endloop
  endfacet
  facet normal 0.982485 -0.186341 0
    outer loop
      vertex 171.02 5.30557 30.11
      vertex 171.032 5.36884 28.11
      vertex 171.032 5.36884 30.11
    endloop
  endfacet
  facet normal 0.982485 -0.186341 0
    outer loop
      vertex 171.032 5.36884 28.11
      vertex 171.02 5.30557 30.11
      vertex 171.02 5.30557 28.11
    endloop
  endfacet
  facet normal -0.997859 -0.0653973 0
    outer loop
      vertex -1.44524 5.56463 28.1
      vertex -1.47705 6.05 30.11
      vertex -1.47705 6.05 28.1
    endloop
  endfacet
  facet normal -0.997859 -0.0653973 0
    outer loop
      vertex -1.47705 6.05 30.11
      vertex -1.44524 5.56463 28.1
      vertex -1.44524 5.56463 30.11
    endloop
  endfacet
  facet normal 0.997859 0.0654068 0
    outer loop
      vertex 3.57139 5.72368 30.11
      vertex 3.55 6.05001 28.11
      vertex 3.55 6.05001 30.11
    endloop
  endfacet
  facet normal 0.997859 0.0654068 0
    outer loop
      vertex 3.55 6.05001 28.11
      vertex 3.57139 5.72368 30.11
      vertex 3.57139 5.72368 28.11
    endloop
  endfacet
  facet normal -0.980771 -0.195162 0
    outer loop
      vertex -1.41982 5.30557 28.11
      vertex -1.43241 5.36884 30.11
      vertex -1.43241 5.36884 28.11
    endloop
  endfacet
  facet normal -0.980771 -0.195162 0
    outer loop
      vertex -1.43241 5.36884 30.11
      vertex -1.41982 5.30557 28.11
      vertex -1.41982 5.30557 30.11
    endloop
  endfacet
  facet normal 0.907467 0.420124 0
    outer loop
      vertex 170.052 73.1284 30.11
      vertex 170.042 73.15 28.11
      vertex 170.042 73.15 30.11
    endloop
  endfacet
  facet normal 0.907467 0.420124 0
    outer loop
      vertex 170.042 73.15 28.11
      vertex 170.052 73.1284 30.11
      vertex 170.052 73.1284 28.11
    endloop
  endfacet
  facet normal -0.659819 -0.751425 -0
    outer loop
      vertex 165.318 71.3178 29.2042
      vertex 165.14 71.4741 28.11
      vertex 165.318 71.3178 28.11
    endloop
  endfacet
  facet normal 0.830387 0.557186 0
    outer loop
      vertex 170.042 73.15 30.11
      vertex 169.825 73.4734 28.11
      vertex 169.825 73.4734 30.11
    endloop
  endfacet
  facet normal 0.830387 0.557186 0
    outer loop
      vertex 169.825 73.4734 28.11
      vertex 170.042 73.15 30.11
      vertex 170.042 73.15 28.11
    endloop
  endfacet
  facet normal -0.65911 -0.752046 0
    outer loop
      vertex 165.072 71.5334 30.1095
      vertex 165.318 71.3178 30.11
      vertex 165.072 71.5334 30.11
    endloop
  endfacet
  facet normal -0.65911 -0.752046 0
    outer loop
      vertex 165.072 71.5334 30.1095
      vertex 165.318 71.3178 29.267
      vertex 165.318 71.3178 30.11
    endloop
  endfacet
  facet normal -0.65911 -0.752046 0
    outer loop
      vertex 165.072 71.5334 30.1095
      vertex 165.318 71.3178 29.2042
      vertex 165.318 71.3178 29.267
    endloop
  endfacet
  facet normal -0.659376 -0.751813 -0.00012754
    outer loop
      vertex 165.318 71.3178 29.2042
      vertex 165.072 71.5334 30.1095
      vertex 165.14 71.4741 28.11
    endloop
  endfacet
  facet normal -0.657248 -0.753674 0
    outer loop
      vertex 165.14 71.4741 28.11
      vertex 165.072 71.5334 28.8433
      vertex 165.072 71.5334 28.11
    endloop
  endfacet
  facet normal -0.657248 -0.753674 0
    outer loop
      vertex 165.072 71.5334 28.8433
      vertex 165.14 71.4741 28.11
      vertex 165.072 71.5334 30.1095
    endloop
  endfacet
  facet normal -0.442629 0.896705 0
    outer loop
      vertex 164.507 3.74031 28.11
      vertex 164.8 3.88494 28.3868
      vertex 164.8 3.88494 28.11
    endloop
  endfacet
  facet normal -0.442629 0.896705 0
    outer loop
      vertex 164.8 3.88494 28.3868
      vertex 164.507 3.74031 28.11
      vertex 164.507 3.74031 29.4638
    endloop
  endfacet
  facet normal -0.442629 0.896705 0
    outer loop
      vertex 164.8 3.88494 30.11
      vertex 164.507 3.74031 29.4638
      vertex 164.507 3.74031 30.11
    endloop
  endfacet
  facet normal -0.442629 0.896705 0
    outer loop
      vertex 164.507 3.74031 29.4638
      vertex 164.8 3.88494 30.11
      vertex 164.8 3.88494 28.3868
    endloop
  endfacet
  facet normal 0.835078 -0.550131 0
    outer loop
      vertex 169.577 1.75393 30.11
      vertex 169.631 1.8359 28.11
      vertex 169.631 1.8359 30.11
    endloop
  endfacet
  facet normal 0.835078 -0.550131 0
    outer loop
      vertex 169.577 1.75393 28.1
      vertex 169.631 1.8359 28.11
      vertex 169.577 1.75393 30.11
    endloop
  endfacet
  facet normal 0.835078 -0.550131 0
    outer loop
      vertex 169.631 1.8359 28.11
      vertex 169.577 1.75393 28.1
      vertex 169.631 1.8359 28.1
    endloop
  endfacet
  facet normal 0.751978 -0.659188 0
    outer loop
      vertex 169.207 1.29383 30.11
      vertex 169.338 1.44327 28.1
      vertex 169.338 1.44327 30.11
    endloop
  endfacet
  facet normal 0.751978 -0.659188 0
    outer loop
      vertex 169.338 1.44327 28.1
      vertex 169.207 1.29383 30.11
      vertex 169.207 1.29383 28.1
    endloop
  endfacet
  facet normal 0.751635 -0.659579 0
    outer loop
      vertex 169.194 1.27879 28.11
      vertex 168.94 0.98934 28.11
      vertex 169.194 1.27879 28.1
    endloop
  endfacet
  facet normal 0.752515 -0.658575 0
    outer loop
      vertex 169.194 1.27879 28.1
      vertex 169.247 1.33935 3.51
      vertex 169.247 1.33935 28.1
    endloop
  endfacet
  facet normal 0.751635 -0.659579 -4.37127e-06
    outer loop
      vertex 168.94 0.98934 28.11
      vertex 169.247 1.33935 3.51
      vertex 169.194 1.27879 28.1
    endloop
  endfacet
  facet normal 0.751787 -0.659406 0
    outer loop
      vertex 169.247 1.33935 3.51
      vertex 168.94 0.98934 28.11
      vertex 168.94 0.98934 1.5
    endloop
  endfacet
  facet normal 0.751787 -0.659406 0
    outer loop
      vertex 169.247 1.33935 3.51
      vertex 168.94 0.98934 1.5
      vertex 169.247 1.33935 1.5
    endloop
  endfacet
  facet normal 0 1 -0
    outer loop
      vertex 121.2 3.90001 3.51
      vertex 28.4 3.90001 28.11
      vertex 121.2 3.90001 28.11
    endloop
  endfacet
  facet normal 0 1 0
    outer loop
      vertex 28.4 3.90001 28.11
      vertex 121.2 3.90001 3.51
      vertex 28.4 3.90001 3.51
    endloop
  endfacet
  facet normal -0.751838 -0.659348 0
    outer loop
      vertex 0.659972 0.98934 1.5
      vertex 0.35302 1.33935 3.51
      vertex 0.35302 1.33935 1.5
    endloop
  endfacet
  facet normal -0.751863 -0.65932 0
    outer loop
      vertex 0.35302 1.33935 3.51
      vertex 0.406126 1.27879 28.1
      vertex 0.35302 1.33935 28.1
    endloop
  endfacet
  facet normal -0.751838 -0.659348 -0
    outer loop
      vertex 0.659972 0.98934 28.11
      vertex 0.35302 1.33935 3.51
      vertex 0.659972 0.98934 1.5
    endloop
  endfacet
  facet normal -0.751833 -0.659353 -1.46e-07
    outer loop
      vertex 0.35302 1.33935 3.51
      vertex 0.659972 0.98934 28.11
      vertex 0.406126 1.27879 28.1
    endloop
  endfacet
  facet normal -0.751833 -0.659353 0
    outer loop
      vertex 0.406126 1.27879 28.1
      vertex 0.659972 0.98934 28.11
      vertex 0.406126 1.27879 28.11
    endloop
  endfacet
  facet normal 0 0 -1
    outer loop
      vertex -0.03127 1.8359 28.11
      vertex -0.110508 1.95449 28.11
      vertex 0.00187397 1.7863 28.11
    endloop
  endfacet
  facet normal 0 0 1
    outer loop
      vertex -0.22549 2.12658 28.11
      vertex -0.110508 1.95449 28.11
      vertex -0.03127 1.8359 28.11
    endloop
  endfacet
  facet normal 0 0 -1
    outer loop
      vertex -0.110508 1.95449 28.11
      vertex -0.22549 2.12658 28.11
      vertex -0.265129 2.18591 28.11
    endloop
  endfacet
  facet normal 0 0 1
    outer loop
      vertex 165.996 70.0395 28.11
      vertex 166.05 69.55 28.11
      vertex 166.029 69.8763 28.11
    endloop
  endfacet
  facet normal 0 0 1
    outer loop
      vertex 166.05 69.55 28.11
      vertex 124.7 50.389 28.11
      vertex 166.05 6.05001 28.11
    endloop
  endfacet
  facet normal 0 0 1
    outer loop
      vertex 166.05 69.55 28.11
      vertex 165.996 70.0395 28.11
      vertex 163.55 72.05 28.11
    endloop
  endfacet
  facet normal -0 0 1
    outer loop
      vertex 124.7 25.2109 28.11
      vertex 166.05 6.05001 28.11
      vertex 124.7 50.389 28.11
    endloop
  endfacet
  facet normal 0 0 1
    outer loop
      vertex 165.801 70.626 28.11
      vertex 165.996 70.0395 28.11
      vertex 165.965 70.197 28.11
    endloop
  endfacet
  facet normal 0 -0 1
    outer loop
      vertex 163.55 3.55 28.11
      vertex 166.05 6.05001 28.11
      vertex 124.7 25.2109 28.11
    endloop
  endfacet
  facet normal 0 0 1
    outer loop
      vertex 165.801 70.626 28.11
      vertex 165.965 70.197 28.11
      vertex 165.86 70.5067 28.11
    endloop
  endfacet
  facet normal 0 -0 1
    outer loop
      vertex 165.996 5.56052 28.11
      vertex 166.05 6.05001 28.11
      vertex 163.55 3.55 28.11
    endloop
  endfacet
  facet normal 0 0 1
    outer loop
      vertex 165.996 70.0395 28.11
      vertex 165.801 70.626 28.11
      vertex 163.55 72.05 28.11
    endloop
  endfacet
  facet normal 0 0 1
    outer loop
      vertex 166.05 6.05001 28.11
      vertex 165.996 5.56052 28.11
      vertex 166.029 5.72368 28.11
    endloop
  endfacet
  facet normal 0 0 1
    outer loop
      vertex 165.658 70.885 28.11
      vertex 165.801 70.626 28.11
      vertex 165.715 70.8 28.11
    endloop
  endfacet
  facet normal 0 -0 1
    outer loop
      vertex 165.801 4.97403 28.11
      vertex 165.996 5.56052 28.11
      vertex 163.55 3.55 28.11
    endloop
  endfacet
  facet normal 0 0 1
    outer loop
      vertex 165.801 70.626 28.11
      vertex 165.658 70.885 28.11
      vertex 163.55 72.05 28.11
    endloop
  endfacet
  facet normal 0 0 1
    outer loop
      vertex 165.996 5.56052 28.11
      vertex 165.801 4.97403 28.11
      vertex 165.965 5.40296 28.11
    endloop
  endfacet
  facet normal 0 0 1
    outer loop
      vertex 165.495 71.1153 28.11
      vertex 165.658 70.885 28.11
      vertex 165.533 71.0719 28.11
    endloop
  endfacet
  facet normal 0 0 1
    outer loop
      vertex 165.965 5.40296 28.11
      vertex 165.801 4.97403 28.11
      vertex 165.86 5.0933 28.11
    endloop
  endfacet
  facet normal 0 0 1
    outer loop
      vertex 165.658 70.885 28.11
      vertex 165.495 71.1153 28.11
      vertex 163.55 72.05 28.11
    endloop
  endfacet
  facet normal 0 -0 1
    outer loop
      vertex 165.658 4.71496 28.11
      vertex 165.801 4.97403 28.11
      vertex 163.55 3.55 28.11
    endloop
  endfacet
  facet normal 0 0 1
    outer loop
      vertex 165.14 71.4741 28.11
      vertex 165.495 71.1153 28.11
      vertex 165.318 71.3178 28.11
    endloop
  endfacet
  facet normal 0 0 1
    outer loop
      vertex 165.801 4.97403 28.11
      vertex 165.658 4.71496 28.11
      vertex 165.715 4.8 28.11
    endloop
  endfacet
  facet normal 0 0 1
    outer loop
      vertex 165.495 71.1153 28.11
      vertex 165.14 71.4741 28.11
      vertex 163.55 72.05 28.11
    endloop
  endfacet
  facet normal 0 -0 1
    outer loop
      vertex 165.495 4.48472 28.11
      vertex 165.658 4.71496 28.11
      vertex 163.55 3.55 28.11
    endloop
  endfacet
  facet normal 0 0 1
    outer loop
      vertex 164.977 71.5965 28.11
      vertex 165.14 71.4741 28.11
      vertex 165.072 71.5334 28.11
    endloop
  endfacet
  facet normal 0 0 1
    outer loop
      vertex 165.658 4.71496 28.11
      vertex 165.495 4.48472 28.11
      vertex 165.533 4.52808 28.11
    endloop
  endfacet
  facet normal 0 0 1
    outer loop
      vertex 165.14 71.4741 28.11
      vertex 164.977 71.5965 28.11
      vertex 163.55 72.05 28.11
    endloop
  endfacet
  facet normal 0 -0 1
    outer loop
      vertex 165.14 4.12594 28.11
      vertex 165.495 4.48472 28.11
      vertex 163.55 3.55 28.11
    endloop
  endfacet
  facet normal 0 0 1
    outer loop
      vertex 164.507 71.8597 28.11
      vertex 164.977 71.5965 28.11
      vertex 164.8 71.7151 28.11
    endloop
  endfacet
  facet normal 0 0 1
    outer loop
      vertex 165.495 4.48472 28.11
      vertex 165.14 4.12594 28.11
      vertex 165.318 4.28223 28.11
    endloop
  endfacet
  facet normal 0 0 1
    outer loop
      vertex 164.977 71.5965 28.11
      vertex 164.507 71.8597 28.11
      vertex 163.55 72.05 28.11
    endloop
  endfacet
  facet normal 0 0 1
    outer loop
      vertex 166.05 69.55 28.11
      vertex 163.55 72.05 28.11
      vertex 124.7 50.389 28.11
    endloop
  endfacet
  facet normal 0 0 1
    outer loop
      vertex 163.55 72.05 28.11
      vertex 164.507 71.8597 28.11
      vertex 164.197 71.9648 28.11
    endloop
  endfacet
  facet normal 0 -0 1
    outer loop
      vertex 164.977 4.00353 28.11
      vertex 165.14 4.12594 28.11
      vertex 163.55 3.55 28.11
    endloop
  endfacet
  facet normal 0 0 1
    outer loop
      vertex 163.55 72.05 28.11
      vertex 164.197 71.9648 28.11
      vertex 163.876 72.0286 28.11
    endloop
  endfacet
  facet normal 0 0 1
    outer loop
      vertex 164.977 4.00353 28.11
      vertex 164.507 3.74031 28.11
      vertex 164.8 3.88494 28.11
    endloop
  endfacet
  facet normal 0 0 1
    outer loop
      vertex 164.507 3.74031 28.11
      vertex 163.55 3.55 28.11
      vertex 164.197 3.63518 28.11
    endloop
  endfacet
  facet normal 0 0 1
    outer loop
      vertex 164.197 3.63518 28.11
      vertex 163.55 3.55 28.11
      vertex 163.876 3.57139 28.11
    endloop
  endfacet
  facet normal 0 0 1
    outer loop
      vertex 165.14 4.12594 28.11
      vertex 164.977 4.00353 28.11
      vertex 165.072 4.06663 28.11
    endloop
  endfacet
  facet normal -0 0 1
    outer loop
      vertex 123.7 69.2 28.11
      vertex 124.7 50.389 28.11
      vertex 163.55 72.05 28.11
    endloop
  endfacet
  facet normal -0 0 1
    outer loop
      vertex 123.7 51.8 28.11
      vertex 124.7 50.389 28.11
      vertex 123.7 69.2 28.11
    endloop
  endfacet
  facet normal -0 -0 1
    outer loop
      vertex 124.45 50.501 28.11
      vertex 124.7 50.389 28.11
      vertex 123.7 51.8 28.11
    endloop
  endfacet
  facet normal 0 0 1
    outer loop
      vertex 124.7 50.389 28.11
      vertex 124.45 50.501 28.11
      vertex 124.626 50.4142 28.11
    endloop
  endfacet
  facet normal 0 0 1
    outer loop
      vertex 124.287 50.61 28.11
      vertex 123.7 51.8 28.11
      vertex 124.139 50.7393 28.11
    endloop
  endfacet
  facet normal 0 0 1
    outer loop
      vertex 124.139 50.7393 28.11
      vertex 123.7 51.8 28.11
      vertex 124.01 50.8869 28.11
    endloop
  endfacet
  facet normal 0 0 1
    outer loop
      vertex 124.01 50.8869 28.11
      vertex 123.7 51.8 28.11
      vertex 123.901 51.05 28.11
    endloop
  endfacet
  facet normal 0 0 1
    outer loop
      vertex 123.901 51.05 28.11
      vertex 123.7 51.8 28.11
      vertex 123.814 51.226 28.11
    endloop
  endfacet
  facet normal 0 0 1
    outer loop
      vertex 123.814 51.226 28.11
      vertex 123.7 51.8 28.11
      vertex 123.751 51.4118 28.11
    endloop
  endfacet
  facet normal 0 0 1
    outer loop
      vertex 124.45 50.501 28.11
      vertex 123.7 51.8 28.11
      vertex 124.287 50.61 28.11
    endloop
  endfacet
  facet normal 0 0 1
    outer loop
      vertex 163.55 72.05 28.11
      vertex 123.679 69.5263 28.11
      vertex 123.7 69.2 28.11
    endloop
  endfacet
  facet normal 0 0 1
    outer loop
      vertex 163.55 72.05 28.11
      vertex 123.615 69.847 28.11
      vertex 123.679 69.5263 28.11
    endloop
  endfacet
  facet normal 0 0 1
    outer loop
      vertex 163.55 72.05 28.11
      vertex 123.51 70.1567 28.11
      vertex 123.615 69.847 28.11
    endloop
  endfacet
  facet normal 0 0 1
    outer loop
      vertex 163.55 72.05 28.11
      vertex 123.365 70.45 28.11
      vertex 123.51 70.1567 28.11
    endloop
  endfacet
  facet normal 0 0 1
    outer loop
      vertex 163.55 72.05 28.11
      vertex 123.183 70.7219 28.11
      vertex 123.365 70.45 28.11
    endloop
  endfacet
  facet normal 0 0 1
    outer loop
      vertex 163.55 72.05 28.11
      vertex 122.968 70.9678 28.11
      vertex 123.183 70.7219 28.11
    endloop
  endfacet
  facet normal 0 0 1
    outer loop
      vertex 163.55 72.05 28.11
      vertex 122.722 71.1834 28.11
      vertex 122.968 70.9678 28.11
    endloop
  endfacet
  facet normal 0 0 1
    outer loop
      vertex 163.55 72.05 28.11
      vertex 122.45 71.3651 28.11
      vertex 122.722 71.1834 28.11
    endloop
  endfacet
  facet normal 0 0 1
    outer loop
      vertex 163.55 72.05 28.11
      vertex 122.157 71.5097 28.11
      vertex 122.45 71.3651 28.11
    endloop
  endfacet
  facet normal 0 0 1
    outer loop
      vertex 163.55 72.05 28.11
      vertex 121.847 71.6148 28.11
      vertex 122.157 71.5097 28.11
    endloop
  endfacet
  facet normal 0 0 1
    outer loop
      vertex 163.55 72.05 28.11
      vertex 121.526 71.6786 28.11
      vertex 121.847 71.6148 28.11
    endloop
  endfacet
  facet normal 0 0 1
    outer loop
      vertex 163.55 72.05 28.11
      vertex 121.2 71.7 28.11
      vertex 121.526 71.6786 28.11
    endloop
  endfacet
  facet normal 0 0 1
    outer loop
      vertex 163.55 72.05 28.11
      vertex 28.4 71.7 28.11
      vertex 121.2 71.7 28.11
    endloop
  endfacet
  facet normal -0 0 1
    outer loop
      vertex 3.55 69.55 28.11
      vertex 25.9 69.2 28.11
      vertex 6.05001 72.05 28.11
    endloop
  endfacet
  facet normal 0 0 1
    outer loop
      vertex 25.9214 69.5263 28.11
      vertex 6.05001 72.05 28.11
      vertex 25.9 69.2 28.11
    endloop
  endfacet
  facet normal 0 0 1
    outer loop
      vertex 25.9852 69.847 28.11
      vertex 6.05001 72.05 28.11
      vertex 25.9214 69.5263 28.11
    endloop
  endfacet
  facet normal 0 0 1
    outer loop
      vertex 26.0903 70.1567 28.11
      vertex 6.05001 72.05 28.11
      vertex 25.9852 69.847 28.11
    endloop
  endfacet
  facet normal 0 0 1
    outer loop
      vertex 26.2349 70.45 28.11
      vertex 6.05001 72.05 28.11
      vertex 26.0903 70.1567 28.11
    endloop
  endfacet
  facet normal 0 0 1
    outer loop
      vertex 26.4166 70.7219 28.11
      vertex 6.05001 72.05 28.11
      vertex 26.2349 70.45 28.11
    endloop
  endfacet
  facet normal 0 0 1
    outer loop
      vertex 26.6322 70.9678 28.11
      vertex 6.05001 72.05 28.11
      vertex 26.4166 70.7219 28.11
    endloop
  endfacet
  facet normal 0 0 1
    outer loop
      vertex 26.8781 71.1834 28.11
      vertex 6.05001 72.05 28.11
      vertex 26.6322 70.9678 28.11
    endloop
  endfacet
  facet normal 0 0 1
    outer loop
      vertex 27.15 71.3651 28.11
      vertex 6.05001 72.05 28.11
      vertex 26.8781 71.1834 28.11
    endloop
  endfacet
  facet normal 0 0 1
    outer loop
      vertex 27.4433 71.5097 28.11
      vertex 6.05001 72.05 28.11
      vertex 27.15 71.3651 28.11
    endloop
  endfacet
  facet normal 0 0 1
    outer loop
      vertex 27.753 71.6148 28.11
      vertex 6.05001 72.05 28.11
      vertex 27.4433 71.5097 28.11
    endloop
  endfacet
  facet normal 0 0 1
    outer loop
      vertex 28.0737 71.6786 28.11
      vertex 6.05001 72.05 28.11
      vertex 27.753 71.6148 28.11
    endloop
  endfacet
  facet normal 0 0 1
    outer loop
      vertex 28.4 71.7 28.11
      vertex 6.05001 72.05 28.11
      vertex 28.0737 71.6786 28.11
    endloop
  endfacet
  facet normal -0 0 1
    outer loop
      vertex 6.05001 72.05 28.11
      vertex 28.4 71.7 28.11
      vertex 163.55 72.05 28.11
    endloop
  endfacet
  facet normal 0 -0 1
    outer loop
      vertex 164.507 3.74031 28.11
      vertex 164.977 4.00353 28.11
      vertex 163.55 3.55 28.11
    endloop
  endfacet
  facet normal 0 0 1
    outer loop
      vertex 124.45 25.099 28.11
      vertex 124.7 25.2109 28.11
      vertex 124.626 25.1858 28.11
    endloop
  endfacet
  facet normal 0 0 1
    outer loop
      vertex 124.7 25.2109 28.11
      vertex 124.45 25.099 28.11
      vertex 123.7 23.8 28.11
    endloop
  endfacet
  facet normal 0 0 1
    outer loop
      vertex 123.7 23.8 28.11
      vertex 124.45 25.099 28.11
      vertex 124.287 24.99 28.11
    endloop
  endfacet
  facet normal 0 0 1
    outer loop
      vertex 123.7 23.8 28.11
      vertex 124.287 24.99 28.11
      vertex 124.139 24.8607 28.11
    endloop
  endfacet
  facet normal 0 0 1
    outer loop
      vertex 123.7 23.8 28.11
      vertex 124.139 24.8607 28.11
      vertex 124.01 24.7131 28.11
    endloop
  endfacet
  facet normal 0 0 1
    outer loop
      vertex 123.7 23.8 28.11
      vertex 124.01 24.7131 28.11
      vertex 123.901 24.55 28.11
    endloop
  endfacet
  facet normal 0 0 1
    outer loop
      vertex 123.7 23.8 28.11
      vertex 123.901 24.55 28.11
      vertex 123.814 24.374 28.11
    endloop
  endfacet
  facet normal 0 0 1
    outer loop
      vertex 123.7 23.8 28.11
      vertex 123.814 24.374 28.11
      vertex 123.751 24.1882 28.11
    endloop
  endfacet
  facet normal 0 0 1
    outer loop
      vertex 123.7 23.8 28.11
      vertex 123.751 24.1882 28.11
      vertex 123.713 23.9958 28.11
    endloop
  endfacet
  facet normal 0 0 1
    outer loop
      vertex 124.7 25.2109 28.11
      vertex 123.7 23.8 28.11
      vertex 123.7 6.40002 28.11
    endloop
  endfacet
  facet normal 0 0 1
    outer loop
      vertex 124.7 25.2109 28.11
      vertex 123.7 6.40002 28.11
      vertex 163.55 3.55 28.11
    endloop
  endfacet
  facet normal -0 0 1
    outer loop
      vertex 123.679 6.07368 28.11
      vertex 163.55 3.55 28.11
      vertex 123.7 6.40002 28.11
    endloop
  endfacet
  facet normal -0 0 1
    outer loop
      vertex 123.615 5.75297 28.11
      vertex 163.55 3.55 28.11
      vertex 123.679 6.07368 28.11
    endloop
  endfacet
  facet normal -0 0 1
    outer loop
      vertex 123.51 5.4433 28.11
      vertex 163.55 3.55 28.11
      vertex 123.615 5.75297 28.11
    endloop
  endfacet
  facet normal -0 0 1
    outer loop
      vertex 123.365 5.15001 28.11
      vertex 163.55 3.55 28.11
      vertex 123.51 5.4433 28.11
    endloop
  endfacet
  facet normal -0 0 1
    outer loop
      vertex 123.183 4.87809 28.11
      vertex 163.55 3.55 28.11
      vertex 123.365 5.15001 28.11
    endloop
  endfacet
  facet normal -0 0 1
    outer loop
      vertex 122.968 4.63224 28.11
      vertex 163.55 3.55 28.11
      vertex 123.183 4.87809 28.11
    endloop
  endfacet
  facet normal -0 0 1
    outer loop
      vertex 122.722 4.41663 28.11
      vertex 163.55 3.55 28.11
      vertex 122.968 4.63224 28.11
    endloop
  endfacet
  facet normal -0 0 1
    outer loop
      vertex 122.45 4.23495 28.11
      vertex 163.55 3.55 28.11
      vertex 122.722 4.41663 28.11
    endloop
  endfacet
  facet normal -0 0 1
    outer loop
      vertex 122.157 4.09031 28.11
      vertex 163.55 3.55 28.11
      vertex 122.45 4.23495 28.11
    endloop
  endfacet
  facet normal -0 0 1
    outer loop
      vertex 121.847 3.98519 28.11
      vertex 163.55 3.55 28.11
      vertex 122.157 4.09031 28.11
    endloop
  endfacet
  facet normal -0 0 1
    outer loop
      vertex 121.526 3.9214 28.11
      vertex 163.55 3.55 28.11
      vertex 121.847 3.98519 28.11
    endloop
  endfacet
  facet normal -0 0 1
    outer loop
      vertex 121.2 3.90001 28.11
      vertex 163.55 3.55 28.11
      vertex 121.526 3.9214 28.11
    endloop
  endfacet
  facet normal -0 0 1
    outer loop
      vertex 28.4 3.90001 28.11
      vertex 163.55 3.55 28.11
      vertex 121.2 3.90001 28.11
    endloop
  endfacet
  facet normal 0 0 1
    outer loop
      vertex 25.9 69.2 28.11
      vertex 3.55 69.55 28.11
      vertex 25.9 6.40002 28.11
    endloop
  endfacet
  facet normal 0 0 1
    outer loop
      vertex 3.55 6.05001 28.11
      vertex 25.9 6.40002 28.11
      vertex 3.55 69.55 28.11
    endloop
  endfacet
  facet normal 0 0 1
    outer loop
      vertex 28.4 3.90001 28.11
      vertex 6.05001 3.55 28.11
      vertex 163.55 3.55 28.11
    endloop
  endfacet
  facet normal 0 0 1
    outer loop
      vertex 28.0737 3.9214 28.11
      vertex 6.05001 3.55 28.11
      vertex 28.4 3.90001 28.11
    endloop
  endfacet
  facet normal 0 0 1
    outer loop
      vertex 27.753 3.98519 28.11
      vertex 6.05001 3.55 28.11
      vertex 28.0737 3.9214 28.11
    endloop
  endfacet
  facet normal 0 0 1
    outer loop
      vertex 27.4433 4.09031 28.11
      vertex 6.05001 3.55 28.11
      vertex 27.753 3.98519 28.11
    endloop
  endfacet
  facet normal 0 0 1
    outer loop
      vertex 27.15 4.23495 28.11
      vertex 6.05001 3.55 28.11
      vertex 27.4433 4.09031 28.11
    endloop
  endfacet
  facet normal 0 0 1
    outer loop
      vertex 26.8781 4.41663 28.11
      vertex 6.05001 3.55 28.11
      vertex 27.15 4.23495 28.11
    endloop
  endfacet
  facet normal 0 0 1
    outer loop
      vertex 26.6322 4.63224 28.11
      vertex 6.05001 3.55 28.11
      vertex 26.8781 4.41663 28.11
    endloop
  endfacet
  facet normal 0 0 1
    outer loop
      vertex 26.4166 4.87809 28.11
      vertex 6.05001 3.55 28.11
      vertex 26.6322 4.63224 28.11
    endloop
  endfacet
  facet normal 0 0 1
    outer loop
      vertex 26.2349 5.15001 28.11
      vertex 6.05001 3.55 28.11
      vertex 26.4166 4.87809 28.11
    endloop
  endfacet
  facet normal 0 0 1
    outer loop
      vertex 26.0903 5.4433 28.11
      vertex 6.05001 3.55 28.11
      vertex 26.2349 5.15001 28.11
    endloop
  endfacet
  facet normal 0 0 1
    outer loop
      vertex 25.9852 5.75297 28.11
      vertex 6.05001 3.55 28.11
      vertex 26.0903 5.4433 28.11
    endloop
  endfacet
  facet normal 0 -0 1
    outer loop
      vertex 6.05001 3.55 28.11
      vertex 25.9 6.40002 28.11
      vertex 3.55 6.05001 28.11
    endloop
  endfacet
  facet normal 0 0 1
    outer loop
      vertex 3.55 69.55 28.11
      vertex 6.05001 72.05 28.11
      vertex 5.72368 72.0286 28.11
    endloop
  endfacet
  facet normal 0 0 1
    outer loop
      vertex 25.9 6.40002 28.11
      vertex 6.05001 3.55 28.11
      vertex 25.9214 6.07368 28.11
    endloop
  endfacet
  facet normal 0 0 1
    outer loop
      vertex 3.55 69.55 28.11
      vertex 5.72368 72.0286 28.11
      vertex 5.40296 71.9648 28.11
    endloop
  endfacet
  facet normal 0 0 1
    outer loop
      vertex 25.9214 6.07368 28.11
      vertex 6.05001 3.55 28.11
      vertex 25.9852 5.75297 28.11
    endloop
  endfacet
  facet normal 0 0 1
    outer loop
      vertex 3.55 69.55 28.11
      vertex 5.40296 71.9648 28.11
      vertex 5.09329 71.8597 28.11
    endloop
  endfacet
  facet normal 0 0 1
    outer loop
      vertex 6.05001 3.55 28.11
      vertex 3.55 6.05001 28.11
      vertex 5.72368 3.57139 28.11
    endloop
  endfacet
  facet normal 0 0 1
    outer loop
      vertex 3.55 69.55 28.11
      vertex 5.09329 71.8597 28.11
      vertex 4.8 71.7151 28.11
    endloop
  endfacet
  facet normal 0 0 1
    outer loop
      vertex 5.72368 3.57139 28.11
      vertex 3.55 6.05001 28.11
      vertex 5.40296 3.63518 28.11
    endloop
  endfacet
  facet normal 0 0 1
    outer loop
      vertex 3.55 69.55 28.11
      vertex 4.8 71.7151 28.11
      vertex 4.52808 71.5334 28.11
    endloop
  endfacet
  facet normal 0 0 1
    outer loop
      vertex 5.40296 3.63518 28.11
      vertex 3.55 6.05001 28.11
      vertex 5.09329 3.74031 28.11
    endloop
  endfacet
  facet normal 0 0 1
    outer loop
      vertex 3.55 69.55 28.11
      vertex 4.52808 71.5334 28.11
      vertex 4.28223 71.3178 28.11
    endloop
  endfacet
  facet normal 0 0 1
    outer loop
      vertex 5.09329 3.74031 28.11
      vertex 3.55 6.05001 28.11
      vertex 4.8 3.88494 28.11
    endloop
  endfacet
  facet normal 0 0 1
    outer loop
      vertex 3.55 69.55 28.11
      vertex 4.28223 71.3178 28.11
      vertex 4.06663 71.0719 28.11
    endloop
  endfacet
  facet normal 0 0 1
    outer loop
      vertex 4.8 3.88494 28.11
      vertex 3.55 6.05001 28.11
      vertex 4.52808 4.06663 28.11
    endloop
  endfacet
  facet normal 0 0 1
    outer loop
      vertex 3.55 69.55 28.11
      vertex 4.06663 71.0719 28.11
      vertex 3.88494 70.8 28.11
    endloop
  endfacet
  facet normal 0 0 1
    outer loop
      vertex 4.52808 4.06663 28.11
      vertex 3.55 6.05001 28.11
      vertex 4.28223 4.28223 28.11
    endloop
  endfacet
  facet normal 0 0 1
    outer loop
      vertex 3.55 69.55 28.11
      vertex 3.88494 70.8 28.11
      vertex 3.74031 70.5067 28.11
    endloop
  endfacet
  facet normal 0 0 1
    outer loop
      vertex 4.28223 4.28223 28.11
      vertex 3.55 6.05001 28.11
      vertex 4.06663 4.52808 28.11
    endloop
  endfacet
  facet normal 0 0 1
    outer loop
      vertex 3.55 69.55 28.11
      vertex 3.74031 70.5067 28.11
      vertex 3.63518 70.197 28.11
    endloop
  endfacet
  facet normal 0 0 1
    outer loop
      vertex 4.06663 4.52808 28.11
      vertex 3.55 6.05001 28.11
      vertex 3.88494 4.8 28.11
    endloop
  endfacet
  facet normal 0 0 1
    outer loop
      vertex 3.55 69.55 28.11
      vertex 3.63518 70.197 28.11
      vertex 3.57139 69.8763 28.11
    endloop
  endfacet
  facet normal 0 0 1
    outer loop
      vertex 3.88494 4.8 28.11
      vertex 3.55 6.05001 28.11
      vertex 3.74031 5.09329 28.11
    endloop
  endfacet
  facet normal 0 0 1
    outer loop
      vertex 3.74031 5.09329 28.11
      vertex 3.55 6.05001 28.11
      vertex 3.63518 5.40296 28.11
    endloop
  endfacet
  facet normal 0 0 1
    outer loop
      vertex 3.63518 5.40296 28.11
      vertex 3.55 6.05001 28.11
      vertex 3.57139 5.72368 28.11
    endloop
  endfacet
  facet normal 0 0 1
    outer loop
      vertex 123.751 51.4118 28.11
      vertex 123.7 51.8 28.11
      vertex 123.713 51.6042 28.11
    endloop
  endfacet
  facet normal 0 0 -1
    outer loop
      vertex -0.110508 73.6455 28.11
      vertex -0.03127 73.7641 28.11
      vertex 0.00187397 73.8137 28.11
    endloop
  endfacet
  facet normal -0 0 -1
    outer loop
      vertex -0.110508 73.6455 28.11
      vertex -0.22549 73.4734 28.11
      vertex -0.03127 73.7641 28.11
    endloop
  endfacet
  facet normal 0 -0 1
    outer loop
      vertex -0.22549 73.4734 28.11
      vertex -0.110508 73.6455 28.11
      vertex -0.265129 73.4141 28.11
    endloop
  endfacet
  facet normal 0 0 -1
    outer loop
      vertex 171.032 70.2312 28.11
      vertex 170.996 70.4158 28.11
      vertex 171.02 70.2944 28.11
    endloop
  endfacet
  facet normal 0 0 1
    outer loop
      vertex 169.825 2.12658 28.11
      vertex 169.865 2.18591 28.11
      vertex 170.042 2.45001 28.11
    endloop
  endfacet
  facet normal -0 0 1
    outer loop
      vertex 169.825 2.12658 28.11
      vertex 169.711 1.95449 28.11
      vertex 169.865 2.18591 28.11
    endloop
  endfacet
  facet normal 0 -0 1
    outer loop
      vertex 169.711 1.95449 28.11
      vertex 169.825 2.12658 28.11
      vertex 169.631 1.8359 28.11
    endloop
  endfacet
  facet normal 0 0 1
    outer loop
      vertex 170.042 73.15 28.11
      vertex 169.865 73.4141 28.11
      vertex 169.825 73.4734 28.11
    endloop
  endfacet
  facet normal 0 0 1
    outer loop
      vertex 169.865 73.4141 28.11
      vertex 169.711 73.6455 28.11
      vertex 169.825 73.4734 28.11
    endloop
  endfacet
  facet normal 0 0 1
    outer loop
      vertex 169.631 73.7641 28.11
      vertex 169.825 73.4734 28.11
      vertex 169.711 73.6455 28.11
    endloop
  endfacet
  facet normal 0 0 -1
    outer loop
      vertex -1.30728 70.8603 28.11
      vertex -1.3619 70.5856 28.11
      vertex -1.32303 70.7811 28.11
    endloop
  endfacet
  facet normal 0 0 1
    outer loop
      vertex 170.052 2.47157 28.11
      vertex 170.055 2.47659 28.11
      vertex 170.07 2.50691 28.11
    endloop
  endfacet
  facet normal 0 0 1
    outer loop
      vertex 170.055 2.47659 28.11
      vertex 170.052 2.47157 28.11
      vertex 170.042 2.45001 28.11
    endloop
  endfacet
  facet normal 0 0 1
    outer loop
      vertex 170.055 73.1234 28.11
      vertex 170.052 73.1284 28.11
      vertex 170.07 73.0931 28.11
    endloop
  endfacet
  facet normal -0 -0 1
    outer loop
      vertex 170.052 73.1284 28.11
      vertex 170.055 73.1234 28.11
      vertex 170.042 73.15 28.11
    endloop
  endfacet
  facet normal 0 0 1
    outer loop
      vertex -1.0916 3.94524 28.11
      vertex -1.16774 4.16953 28.11
      vertex -1.05112 3.82598 28.11
    endloop
  endfacet
  facet normal -0 0 -1
    outer loop
      vertex 171.02 5.30557 28.11
      vertex 170.996 5.18422 28.11
      vertex 171.032 5.36884 28.11
    endloop
  endfacet
  facet normal 0 0 -1
    outer loop
      vertex 168.97 74.5764 28.11
      vertex 168.786 74.7861 28.11
      vertex 168.94 74.6107 28.11
    endloop
  endfacet
  facet normal -0 -0 -1
    outer loop
      vertex 169.06 74.4744 28.11
      vertex 169.203 74.3103 28.11
      vertex 168.786 74.7861 28.11
    endloop
  endfacet
  facet normal 0 0 1
    outer loop
      vertex 168.786 74.7861 28.11
      vertex 168.97 74.5764 28.11
      vertex 169.06 74.4744 28.11
    endloop
  endfacet
  facet normal 0 0 1
    outer loop
      vertex -0.452222 2.47157 28.11
      vertex -0.454698 2.47659 28.11
      vertex -0.441589 2.45001 28.11
    endloop
  endfacet
  facet normal -0 0 -1
    outer loop
      vertex 170.692 3.94524 28.11
      vertex 170.651 3.82598 28.11
      vertex 170.768 4.16953 28.11
    endloop
  endfacet
  facet normal 0 -0 -1
    outer loop
      vertex 170.651 3.82598 28.11
      vertex 170.692 3.94524 28.11
      vertex 170.532 3.47598 28.11
    endloop
  endfacet
  facet normal 0 0 -1
    outer loop
      vertex -1.05112 71.774 28.11
      vertex -1.16774 71.4305 28.11
      vertex -1.0916 71.6548 28.11
    endloop
  endfacet
  facet normal 0 0 1
    outer loop
      vertex -0.441589 73.15 28.11
      vertex -0.454698 73.1234 28.11
      vertex -0.452222 73.1284 28.11
    endloop
  endfacet
  facet normal 0 0 -1
    outer loop
      vertex 170.962 70.5856 28.11
      vertex 170.907 70.8603 28.11
      vertex 170.923 70.7811 28.11
    endloop
  endfacet
  facet normal 0 0 -1
    outer loop
      vertex 168.97 1.02357 28.11
      vertex 169.194 1.27879 28.11
      vertex 169.06 1.12563 28.11
    endloop
  endfacet
  facet normal 0 0 1
    outer loop
      vertex 169.194 1.27879 28.11
      vertex 168.97 1.02357 28.11
      vertex 168.94 0.98934 28.11
    endloop
  endfacet
  facet normal 0 0 1
    outer loop
      vertex 0.540446 1.12563 28.11
      vertex 0.659972 0.98934 28.11
      vertex 0.629957 1.02357 28.11
    endloop
  endfacet
  facet normal 0 0 -1
    outer loop
      vertex 0.659972 0.98934 28.11
      vertex 0.540446 1.12563 28.11
      vertex 0.406126 1.27879 28.11
    endloop
  endfacet
  facet normal -0 0 -1
    outer loop
      vertex 170.923 4.81893 28.11
      vertex 170.907 4.73975 28.11
      vertex 170.962 5.01438 28.11
    endloop
  endfacet
  facet normal 0 0 -1
    outer loop
      vertex 170.651 71.774 28.11
      vertex 170.692 71.6548 28.11
      vertex 170.768 71.4305 28.11
    endloop
  endfacet
  facet normal 0 0 -1
    outer loop
      vertex 170.692 71.6548 28.11
      vertex 170.651 71.774 28.11
      vertex 170.532 72.124 28.11
    endloop
  endfacet
  facet normal 0 0 1
    outer loop
      vertex -1.39568 70.4158 28.11
      vertex -1.43241 70.2312 28.11
      vertex -1.41982 70.2944 28.11
    endloop
  endfacet
  facet normal 0 0 1
    outer loop
      vertex -1.41982 5.30557 28.11
      vertex -1.43241 5.36884 28.11
      vertex -1.39568 5.18422 28.11
    endloop
  endfacet
  facet normal 0 0 1
    outer loop
      vertex 0.640072 74.588 28.11
      vertex 0.540446 74.4744 28.11
      vertex 0.629957 74.5764 28.11
    endloop
  endfacet
  facet normal 0 -0 -1
    outer loop
      vertex 0.540446 74.4744 28.11
      vertex 0.640072 74.588 28.11
      vertex 0.421969 74.3393 28.11
    endloop
  endfacet
  facet normal 0 0 -1
    outer loop
      vertex -1.32303 4.81893 28.11
      vertex -1.3619 5.01438 28.11
      vertex -1.30728 4.73975 28.11
    endloop
  endfacet
  facet normal -0.831467 -0.555574 0
    outer loop
      vertex 0.00187397 1.7863 3.51
      vertex -0.110508 1.95449 28.11
      vertex -0.110508 1.95449 3.51
    endloop
  endfacet
  facet normal -0.831467 -0.555574 0
    outer loop
      vertex -0.110508 1.95449 28.11
      vertex 0.00187397 1.7863 3.51
      vertex 0.00187397 1.7863 28.11
    endloop
  endfacet
  facet normal 0.321415 0.946938 -0
    outer loop
      vertex 27.753 3.98519 3.51
      vertex 27.4433 4.09031 28.11
      vertex 27.753 3.98519 28.11
    endloop
  endfacet
  facet normal 0.321415 0.946938 0
    outer loop
      vertex 27.4433 4.09031 28.11
      vertex 27.753 3.98519 3.51
      vertex 27.4433 4.09031 3.51
    endloop
  endfacet
  facet normal 0.195087 0.980786 -0
    outer loop
      vertex 28.0737 3.9214 3.51
      vertex 27.753 3.98519 28.11
      vertex 28.0737 3.9214 28.11
    endloop
  endfacet
  facet normal 0.195087 0.980786 0
    outer loop
      vertex 27.753 3.98519 28.11
      vertex 28.0737 3.9214 3.51
      vertex 27.753 3.98519 3.51
    endloop
  endfacet
  facet normal -0.751825 -0.659363 0
    outer loop
      vertex 0.323005 1.37357 3.51
      vertex 0.261877 1.44327 28.1
      vertex 0.261877 1.44327 3.51
    endloop
  endfacet
  facet normal -0.751825 -0.659363 0
    outer loop
      vertex 0.261877 1.44327 28.1
      vertex 0.323005 1.37357 3.51
      vertex 0.323005 1.37357 28.1
    endloop
  endfacet
  facet normal -0.743294 -0.668965 0.000533455
    outer loop
      vertex -0.624827 2.82158 3.51
      vertex -0.646221 2.86496 28.1
      vertex -0.624836 2.82159 3.51
    endloop
  endfacet
  facet normal -0.896862 -0.442311 0
    outer loop
      vertex -0.646221 2.86496 28.1
      vertex -0.624827 2.82158 3.51
      vertex -0.624827 2.82158 28.1
    endloop
  endfacet
  facet normal -0.946921 -0.321467 1.31727e-07
    outer loop
      vertex -0.89864 3.37681 3.51
      vertex -0.909547 3.40894 8.70786
      vertex -0.911218 3.41386 3.51
    endloop
  endfacet
  facet normal -0.946927 -0.321448 -0
    outer loop
      vertex -0.89864 3.37681 28.1
      vertex -0.909547 3.40894 8.70786
      vertex -0.89864 3.37681 3.51
    endloop
  endfacet
  facet normal -0.946927 -0.321448 0
    outer loop
      vertex -0.909547 3.40894 8.70786
      vertex -0.89864 3.37681 28.1
      vertex -0.909547 3.40894 28.1
    endloop
  endfacet
  facet normal 0.751847 0.659338 0
    outer loop
      vertex 26.6322 4.63224 28.11
      vertex 26.4166 4.87809 3.51
      vertex 26.4166 4.87809 28.11
    endloop
  endfacet
  facet normal 0.751847 0.659338 0
    outer loop
      vertex 26.4166 4.87809 3.51
      vertex 26.6322 4.63224 28.11
      vertex 26.6322 4.63224 3.51
    endloop
  endfacet
  facet normal -0.896873 -0.442288 9.75896e-08
    outer loop
      vertex -0.646221 2.86496 28.1
      vertex -0.811792 3.2007 3.51
      vertex -0.624836 2.82159 3.51
    endloop
  endfacet
  facet normal 0.659279 0.751898 -0
    outer loop
      vertex 26.8781 4.41663 3.51
      vertex 26.6322 4.63224 28.11
      vertex 26.8781 4.41663 28.11
    endloop
  endfacet
  facet normal 0.659279 0.751898 0
    outer loop
      vertex 26.6322 4.63224 28.11
      vertex 26.8781 4.41663 3.51
      vertex 26.6322 4.63224 3.51
    endloop
  endfacet
  facet normal -0.896874 -0.442286 0
    outer loop
      vertex -0.454698 2.47659 3.51
      vertex -0.624827 2.82158 28.1
      vertex -0.624827 2.82158 3.51
    endloop
  endfacet
  facet normal -0.896874 -0.442286 0
    outer loop
      vertex -0.624827 2.82158 28.1
      vertex -0.454698 2.47659 3.51
      vertex -0.454698 2.47659 28.1
    endloop
  endfacet
  facet normal -0.831484 -0.555548 0
    outer loop
      vertex -0.110508 1.95449 3.51
      vertex -0.265129 2.18591 28.11
      vertex -0.265129 2.18591 3.51
    endloop
  endfacet
  facet normal -0.831484 -0.555548 0
    outer loop
      vertex -0.265129 2.18591 28.11
      vertex -0.110508 1.95449 3.51
      vertex -0.110508 1.95449 28.11
    endloop
  endfacet
  facet normal 0.44229 0.896872 -0
    outer loop
      vertex 27.4433 4.09031 3.51
      vertex 27.15 4.23495 28.11
      vertex 27.4433 4.09031 28.11
    endloop
  endfacet
  facet normal 0.44229 0.896872 0
    outer loop
      vertex 27.15 4.23495 28.11
      vertex 27.4433 4.09031 3.51
      vertex 27.15 4.23495 3.51
    endloop
  endfacet
  facet normal 0.997886 -0.0649827 0
    outer loop
      vertex 171.066 5.8779 28.1
      vertex 171.1 6.40001 3.51
      vertex 171.1 6.40001 28.1
    endloop
  endfacet
  facet normal 0.997886 -0.0649827 0
    outer loop
      vertex 171.1 6.40001 3.51
      vertex 171.066 5.8779 28.1
      vertex 171.066 5.8779 3.51
    endloop
  endfacet
  facet normal -0.997936 0.0642172 0
    outer loop
      vertex 123.679 6.07368 3.51
      vertex 123.7 6.40002 28.11
      vertex 123.7 6.40002 3.51
    endloop
  endfacet
  facet normal -0.997936 0.0642172 0
    outer loop
      vertex 123.7 6.40002 28.11
      vertex 123.679 6.07368 3.51
      vertex 123.679 6.07368 28.11
    endloop
  endfacet
  facet normal 0.981514 -0.19139 0
    outer loop
      vertex 170.996 5.18422 28.1
      vertex 171.032 5.36884 28.11
      vertex 170.996 5.18422 28.11
    endloop
  endfacet
  facet normal 0.981514 -0.19139 0
    outer loop
      vertex 171.032 5.36884 28.11
      vertex 170.996 5.18422 28.1
      vertex 171.032 5.36884 3.51
    endloop
  endfacet
  facet normal 0.981266 -0.192657 -9.87181e-06
    outer loop
      vertex 170.993 5.16894 28.1
      vertex 171.032 5.36884 3.51
      vertex 170.996 5.18422 28.1
    endloop
  endfacet
  facet normal 0.981495 -0.191487 0
    outer loop
      vertex 171.032 5.36884 3.51
      vertex 170.993 5.16894 28.1
      vertex 170.993 5.16894 3.51
    endloop
  endfacet
  facet normal 0.997761 -0.0668847 0
    outer loop
      vertex 171.045 5.56463 28.1
      vertex 171.066 5.8779 3.51
      vertex 171.066 5.8779 28.1
    endloop
  endfacet
  facet normal 0.997761 -0.0668847 0
    outer loop
      vertex 171.066 5.8779 3.51
      vertex 171.045 5.56463 28.1
      vertex 171.045 5.56463 3.51
    endloop
  endfacet
  facet normal -0.980664 0.195699 0
    outer loop
      vertex 123.615 5.75297 3.51
      vertex 123.679 6.07368 28.11
      vertex 123.679 6.07368 3.51
    endloop
  endfacet
  facet normal -0.980664 0.195699 0
    outer loop
      vertex 123.679 6.07368 28.11
      vertex 123.615 5.75297 3.51
      vertex 123.615 5.75297 28.11
    endloop
  endfacet
  facet normal 0.75251 0.658581 0
    outer loop
      vertex 169.338 74.1567 28.1
      vertex 169.277 74.2264 3.51
      vertex 169.277 74.2264 28.1
    endloop
  endfacet
  facet normal 0.75251 0.658581 0
    outer loop
      vertex 169.277 74.2264 3.51
      vertex 169.338 74.1567 28.1
      vertex 169.338 74.1567 3.51
    endloop
  endfacet
  facet normal -0.194941 -0.980815 0
    outer loop
      vertex 121.526 71.6786 3.51
      vertex 121.847 71.6148 28.11
      vertex 121.526 71.6786 28.11
    endloop
  endfacet
  facet normal -0.194941 -0.980815 -0
    outer loop
      vertex 121.847 71.6148 28.11
      vertex 121.526 71.6786 3.51
      vertex 121.847 71.6148 3.51
    endloop
  endfacet
  facet normal 0.839153 0.543895 0
    outer loop
      vertex 169.598 73.8137 28.1
      vertex 169.577 73.8461 3.51
      vertex 169.577 73.8461 28.1
    endloop
  endfacet
  facet normal 0.839153 0.543895 0
    outer loop
      vertex 169.577 73.8461 3.51
      vertex 169.598 73.8137 28.1
      vertex 169.598 73.8137 3.51
    endloop
  endfacet
  facet normal 0.832566 0.553925 -0
    outer loop
      vertex 169.598 73.8137 3.51
      vertex 169.598 73.8137 28.1
      vertex 169.631 73.7641 28.1
    endloop
  endfacet
  facet normal -0.321081 -0.947052 0
    outer loop
      vertex 121.847 71.6148 3.51
      vertex 122.157 71.5097 28.11
      vertex 121.847 71.6148 28.11
    endloop
  endfacet
  facet normal -0.321081 -0.947052 -0
    outer loop
      vertex 122.157 71.5097 28.11
      vertex 121.847 71.6148 3.51
      vertex 122.157 71.5097 3.51
    endloop
  endfacet
  facet normal 0.832203 0.554472 1.59049e-06
    outer loop
      vertex 169.71 73.6456 3.51
      vertex 169.598 73.8137 3.51
      vertex 169.631 73.7641 28.1
    endloop
  endfacet
  facet normal 0.829027 0.559209 0
    outer loop
      vertex 169.711 73.6455 28.11
      vertex 169.631 73.7641 28.1
      vertex 169.631 73.7641 28.11
    endloop
  endfacet
  facet normal 0.829027 0.559209 -0
    outer loop
      vertex 169.711 73.6455 3.51
      vertex 169.631 73.7641 28.1
      vertex 169.711 73.6455 28.11
    endloop
  endfacet
  facet normal 0.0995027 0.995027 -0.0044754
    outer loop
      vertex 169.631 73.7641 28.1
      vertex 169.711 73.6455 3.51
      vertex 169.71 73.6456 3.51
    endloop
  endfacet
  facet normal 0.555575 0.831466 -0
    outer loop
      vertex 27.15 4.23495 3.51
      vertex 26.8781 4.41663 28.11
      vertex 27.15 4.23495 28.11
    endloop
  endfacet
  facet normal 0.555575 0.831466 0
    outer loop
      vertex 26.8781 4.41663 28.11
      vertex 27.15 4.23495 3.51
      vertex 26.8781 4.41663 3.51
    endloop
  endfacet
  facet normal -0.896857 -0.442321 0
    outer loop
      vertex -0.441589 2.45001 3.51
      vertex -0.454698 2.47659 28.1
      vertex -0.454698 2.47659 3.51
    endloop
  endfacet
  facet normal -0.896857 -0.442321 -0
    outer loop
      vertex -0.441589 2.45001 28.11
      vertex -0.454698 2.47659 28.1
      vertex -0.441589 2.45001 3.51
    endloop
  endfacet
  facet normal -0.896857 -0.442321 0
    outer loop
      vertex -0.454698 2.47659 28.1
      vertex -0.441589 2.45001 28.11
      vertex -0.454698 2.47659 28.11
    endloop
  endfacet
  facet normal -0.980781 -0.195111 0
    outer loop
      vertex -1.26909 4.54777 3.51
      vertex -1.2941 4.67349 28.1
      vertex -1.2941 4.67349 3.51
    endloop
  endfacet
  facet normal -0.980781 -0.195111 0
    outer loop
      vertex -1.2941 4.67349 28.1
      vertex -1.26909 4.54777 3.51
      vertex -1.26909 4.54777 28.1
    endloop
  endfacet
  facet normal 0.896915 0.442204 0
    outer loop
      vertex 26.2349 5.15001 28.11
      vertex 26.0903 5.4433 3.51
      vertex 26.0903 5.4433 28.11
    endloop
  endfacet
  facet normal 0.896915 0.442204 0
    outer loop
      vertex 26.0903 5.4433 3.51
      vertex 26.2349 5.15001 28.11
      vertex 26.2349 5.15001 3.51
    endloop
  endfacet
  facet normal -0.94693 -0.321441 0
    outer loop
      vertex -1.05112 3.82598 3.51
      vertex -1.16774 4.16953 28.11
      vertex -1.16774 4.16953 3.51
    endloop
  endfacet
  facet normal -0.94693 -0.321441 0
    outer loop
      vertex -1.16774 4.16953 28.11
      vertex -1.05112 3.82598 3.51
      vertex -1.05112 3.82598 28.11
    endloop
  endfacet
  facet normal 0.831457 0.555589 0
    outer loop
      vertex 26.4166 4.87809 28.11
      vertex 26.2349 5.15001 3.51
      vertex 26.2349 5.15001 28.11
    endloop
  endfacet
  facet normal 0.831457 0.555589 0
    outer loop
      vertex 26.2349 5.15001 3.51
      vertex 26.4166 4.87809 28.11
      vertex 26.4166 4.87809 3.51
    endloop
  endfacet
  facet normal -0.946928 -0.321447 1.53327e-07
    outer loop
      vertex -0.909547 3.40894 8.70786
      vertex -1.05107 3.82584 3.51
      vertex -0.911218 3.41386 3.51
    endloop
  endfacet
  facet normal -0.946927 -0.321448 8.1467e-08
    outer loop
      vertex -1.05107 3.82584 3.51
      vertex -0.909547 3.40894 8.70786
      vertex -0.932303 3.47598 28.1
    endloop
  endfacet
  facet normal -0.941742 -0.336336 -0.000236795
    outer loop
      vertex -0.932303 3.47598 28.1
      vertex -1.05112 3.82598 3.51
      vertex -1.05107 3.82584 3.51
    endloop
  endfacet
  facet normal -0.946924 -0.321459 0
    outer loop
      vertex -1.05112 3.82598 3.51
      vertex -0.932303 3.47598 28.1
      vertex -1.05112 3.82598 28.11
    endloop
  endfacet
  facet normal -0.946924 -0.321459 0
    outer loop
      vertex -1.05112 3.82598 28.11
      vertex -0.932303 3.47598 28.1
      vertex -0.932303 3.47598 30.11
    endloop
  endfacet
  facet normal -0.946934 -0.321427 -0
    outer loop
      vertex -0.909547 3.40894 28.1
      vertex -0.932303 3.47598 28.1
      vertex -0.909547 3.40894 8.70786
    endloop
  endfacet
  facet normal 0.195116 -0.98078 0
    outer loop
      vertex 27.753 71.6148 3.51
      vertex 28.0737 71.6786 28.11
      vertex 27.753 71.6148 28.11
    endloop
  endfacet
  facet normal 0.195116 -0.98078 0
    outer loop
      vertex 28.0737 71.6786 28.11
      vertex 27.753 71.6148 3.51
      vertex 28.0737 71.6786 3.51
    endloop
  endfacet
  facet normal -0.751825 0.659363 0
    outer loop
      vertex 0.261877 74.1567 3.51
      vertex 0.323005 74.2264 28.1
      vertex 0.323005 74.2264 3.51
    endloop
  endfacet
  facet normal -0.751825 0.659363 0
    outer loop
      vertex 0.323005 74.2264 28.1
      vertex 0.261877 74.1567 3.51
      vertex 0.261877 74.1567 28.1
    endloop
  endfacet
  facet normal 0.32136 -0.946957 0
    outer loop
      vertex 27.4433 71.5097 3.51
      vertex 27.753 71.6148 28.11
      vertex 27.4433 71.5097 28.11
    endloop
  endfacet
  facet normal 0.32136 -0.946957 0
    outer loop
      vertex 27.753 71.6148 28.11
      vertex 27.4433 71.5097 3.51
      vertex 27.753 71.6148 3.51
    endloop
  endfacet
  facet normal -0.831483 0.555551 0
    outer loop
      vertex -0.110508 73.6455 3.51
      vertex 0.00187397 73.8137 28.11
      vertex 0.00187397 73.8137 3.51
    endloop
  endfacet
  facet normal -0.831483 0.555551 0
    outer loop
      vertex 0.00187397 73.8137 28.11
      vertex -0.110508 73.6455 3.51
      vertex -0.110508 73.6455 28.11
    endloop
  endfacet
  facet normal -0.0654727 0.997854 0
    outer loop
      vertex 121.526 3.9214 3.51
      vertex 121.2 3.90001 28.11
      vertex 121.526 3.9214 28.11
    endloop
  endfacet
  facet normal -0.0654727 0.997854 0
    outer loop
      vertex 121.2 3.90001 28.11
      vertex 121.526 3.9214 3.51
      vertex 121.2 3.90001 3.51
    endloop
  endfacet
  facet normal 0.75195 -0.65922 0
    outer loop
      vertex 169.247 1.33935 28.1
      vertex 169.277 1.37357 3.51
      vertex 169.277 1.37357 28.1
    endloop
  endfacet
  facet normal 0.75195 -0.65922 0
    outer loop
      vertex 169.277 1.37357 3.51
      vertex 169.247 1.33935 28.1
      vertex 169.247 1.33935 3.51
    endloop
  endfacet
  facet normal 0.0654128 0.997858 -0
    outer loop
      vertex 28.4 3.90001 3.51
      vertex 28.0737 3.9214 28.11
      vertex 28.4 3.90001 28.11
    endloop
  endfacet
  facet normal 0.0654128 0.997858 0
    outer loop
      vertex 28.0737 3.9214 28.11
      vertex 28.4 3.90001 3.51
      vertex 28.0737 3.9214 3.51
    endloop
  endfacet
  facet normal -0.751787 -0.659406 0
    outer loop
      vertex 0.35302 1.33935 3.51
      vertex 0.323005 1.37357 28.1
      vertex 0.323005 1.37357 3.51
    endloop
  endfacet
  facet normal -0.751787 -0.659406 0
    outer loop
      vertex 0.323005 1.37357 28.1
      vertex 0.35302 1.33935 3.51
      vertex 0.35302 1.33935 28.1
    endloop
  endfacet
  facet normal 0.947407 -0.32003 3.15509e-05
    outer loop
      vertex 170.51 3.40894 8.70786
      vertex 170.651 3.82584 3.51
      vertex 170.532 3.47598 28.1
    endloop
  endfacet
  facet normal 0.946824 -0.321752 -0.000122396
    outer loop
      vertex 170.651 3.82584 3.51
      vertex 170.51 3.40894 8.70786
      vertex 170.511 3.41386 3.51
    endloop
  endfacet
  facet normal -0.831033 0.556223 0
    outer loop
      vertex 123.183 4.87809 3.51
      vertex 123.365 5.15001 28.11
      vertex 123.365 5.15001 3.51
    endloop
  endfacet
  facet normal -0.831033 0.556223 0
    outer loop
      vertex 123.365 5.15001 28.11
      vertex 123.183 4.87809 3.51
      vertex 123.183 4.87809 28.11
    endloop
  endfacet
  facet normal 0.946773 -0.321903 0
    outer loop
      vertex 170.532 3.47598 28.1
      vertex 170.651 3.82598 3.51
      vertex 170.651 3.82598 28.11
    endloop
  endfacet
  facet normal 0.946773 -0.321903 0
    outer loop
      vertex 170.532 3.47598 28.1
      vertex 170.651 3.82598 28.11
      vertex 170.532 3.47598 28.11
    endloop
  endfacet
  facet normal 0.999988 0 0.00483931
    outer loop
      vertex 170.651 3.82598 3.51
      vertex 170.532 3.47598 28.1
      vertex 170.651 3.82584 3.51
    endloop
  endfacet
  facet normal 0.950147 -0.311802 0
    outer loop
      vertex 170.51 3.40894 28.1
      vertex 170.51 3.40894 8.70786
      vertex 170.532 3.47598 28.1
    endloop
  endfacet
  facet normal 0.896897 -0.44224 0
    outer loop
      vertex 170.225 2.82158 28.1
      vertex 170.412 3.20083 3.51
      vertex 170.412 3.20083 28.1
    endloop
  endfacet
  facet normal 0.896897 -0.44224 0
    outer loop
      vertex 170.412 3.20083 3.51
      vertex 170.225 2.82158 28.1
      vertex 170.225 2.82158 3.51
    endloop
  endfacet
  facet normal -0.752757 0.658299 0
    outer loop
      vertex 122.968 4.63224 3.51
      vertex 123.183 4.87809 28.11
      vertex 123.183 4.87809 3.51
    endloop
  endfacet
  facet normal -0.752757 0.658299 0
    outer loop
      vertex 123.183 4.87809 28.11
      vertex 122.968 4.63224 3.51
      vertex 122.968 4.63224 28.11
    endloop
  endfacet
  facet normal 0.94609 -0.323903 0
    outer loop
      vertex 170.51 3.40894 28.1
      vertex 170.499 3.37681 28.1
      vertex 170.51 3.40894 8.70786
    endloop
  endfacet
  facet normal 0.94609 -0.323903 0
    outer loop
      vertex 170.499 3.37681 3.51
      vertex 170.51 3.40894 8.70786
      vertex 170.499 3.37681 28.1
    endloop
  endfacet
  facet normal 0.951345 -0.308128 -0.00010863
    outer loop
      vertex 170.51 3.40894 8.70786
      vertex 170.499 3.37681 3.51
      vertex 170.511 3.41386 3.51
    endloop
  endfacet
  facet normal 0.442191 -0.896921 0
    outer loop
      vertex 27.15 71.3651 3.51
      vertex 27.4433 71.5097 28.11
      vertex 27.15 71.3651 28.11
    endloop
  endfacet
  facet normal 0.442191 -0.896921 0
    outer loop
      vertex 27.4433 71.5097 28.11
      vertex 27.15 71.3651 3.51
      vertex 27.4433 71.5097 3.51
    endloop
  endfacet
  facet normal -0.831462 0.555581 0
    outer loop
      vertex -0.265129 73.4141 3.51
      vertex -0.110508 73.6455 28.11
      vertex -0.110508 73.6455 3.51
    endloop
  endfacet
  facet normal -0.831462 0.555581 0
    outer loop
      vertex -0.110508 73.6455 28.11
      vertex -0.265129 73.4141 3.51
      vertex -0.265129 73.4141 28.11
    endloop
  endfacet
  facet normal 0.555617 -0.831438 0
    outer loop
      vertex 26.8781 71.1834 3.51
      vertex 27.15 71.3651 28.11
      vertex 26.8781 71.1834 28.11
    endloop
  endfacet
  facet normal 0.555617 -0.831438 0
    outer loop
      vertex 27.15 71.3651 28.11
      vertex 26.8781 71.1834 3.51
      vertex 27.15 71.3651 3.51
    endloop
  endfacet
  facet normal -0.896989 0.442054 0
    outer loop
      vertex -0.454698 73.1234 28.1
      vertex -0.441589 73.15 3.51
      vertex -0.454698 73.1234 3.51
    endloop
  endfacet
  facet normal -0.896989 0.442054 0
    outer loop
      vertex -0.441589 73.15 3.51
      vertex -0.454698 73.1234 28.1
      vertex -0.441589 73.15 28.11
    endloop
  endfacet
  facet normal -0.896989 0.442054 0
    outer loop
      vertex -0.441589 73.15 28.11
      vertex -0.454698 73.1234 28.1
      vertex -0.454698 73.1234 28.11
    endloop
  endfacet
  facet normal -0.659128 0.752031 0
    outer loop
      vertex 122.968 4.63224 3.51
      vertex 122.722 4.41663 28.11
      vertex 122.968 4.63224 28.11
    endloop
  endfacet
  facet normal -0.659128 0.752031 0
    outer loop
      vertex 122.722 4.41663 28.11
      vertex 122.968 4.63224 3.51
      vertex 122.722 4.41663 3.51
    endloop
  endfacet
  facet normal 0.896311 -0.443426 0
    outer loop
      vertex 170.07 2.50691 28.11
      vertex 170.055 2.47659 28.11
      vertex 170.07 2.50691 28.1
    endloop
  endfacet
  facet normal 0.897074 -0.44188 0
    outer loop
      vertex 170.07 2.50691 28.1
      vertex 170.225 2.82158 3.51
      vertex 170.225 2.82158 28.1
    endloop
  endfacet
  facet normal 0.896311 -0.443426 0
    outer loop
      vertex 170.055 2.47659 3.51
      vertex 170.07 2.50691 28.1
      vertex 170.055 2.47659 28.11
    endloop
  endfacet
  facet normal 0.897007 -0.442016 -2.16234e-06
    outer loop
      vertex 170.07 2.50691 28.1
      vertex 170.055 2.47659 3.51
      vertex 170.225 2.82158 3.51
    endloop
  endfacet
  facet normal 0.98151 0.19141 0
    outer loop
      vertex 170.996 70.4158 28.11
      vertex 171.032 70.2312 28.11
      vertex 170.996 70.4158 28.1
    endloop
  endfacet
  facet normal 0.981314 0.192414 0
    outer loop
      vertex 170.996 70.4158 28.1
      vertex 170.993 70.4311 3.51
      vertex 170.993 70.4311 28.1
    endloop
  endfacet
  facet normal 0.98151 0.19141 -0
    outer loop
      vertex 171.032 70.2312 3.51
      vertex 170.996 70.4158 28.1
      vertex 171.032 70.2312 28.11
    endloop
  endfacet
  facet normal 0.981495 0.191487 -5.99016e-07
    outer loop
      vertex 170.996 70.4158 28.1
      vertex 171.032 70.2312 3.51
      vertex 170.993 70.4311 3.51
    endloop
  endfacet
  facet normal -0.980663 -0.195704 0
    outer loop
      vertex 123.679 69.5263 3.51
      vertex 123.615 69.847 28.11
      vertex 123.615 69.847 3.51
    endloop
  endfacet
  facet normal -0.980663 -0.195704 0
    outer loop
      vertex 123.615 69.847 28.11
      vertex 123.679 69.5263 3.51
      vertex 123.679 69.5263 28.11
    endloop
  endfacet
  facet normal 0.997761 0.0668783 0
    outer loop
      vertex 171.066 69.7221 28.1
      vertex 171.045 70.0354 3.51
      vertex 171.045 70.0354 28.1
    endloop
  endfacet
  facet normal 0.997761 0.0668783 0
    outer loop
      vertex 171.045 70.0354 3.51
      vertex 171.066 69.7221 28.1
      vertex 171.066 69.7221 3.51
    endloop
  endfacet
  facet normal 0.997886 0.064984 0
    outer loop
      vertex 171.1 69.2 28.1
      vertex 171.066 69.7221 3.51
      vertex 171.066 69.7221 28.1
    endloop
  endfacet
  facet normal 0.997886 0.064984 0
    outer loop
      vertex 171.066 69.7221 3.51
      vertex 171.1 69.2 28.1
      vertex 171.1 69.2 3.51
    endloop
  endfacet
  facet normal -0.997935 -0.0642251 0
    outer loop
      vertex 123.7 69.2 3.51
      vertex 123.679 69.5263 28.11
      vertex 123.679 69.5263 3.51
    endloop
  endfacet
  facet normal -0.997935 -0.0642251 0
    outer loop
      vertex 123.679 69.5263 28.11
      vertex 123.7 69.2 3.51
      vertex 123.7 69.2 28.11
    endloop
  endfacet
  facet normal 0.896195 0.443661 -0
    outer loop
      vertex 170.07 73.0931 28.1
      vertex 170.055 73.1234 28.11
      vertex 170.07 73.0931 28.11
    endloop
  endfacet
  facet normal 0.896195 0.443661 0
    outer loop
      vertex 170.055 73.1234 28.11
      vertex 170.07 73.0931 28.1
      vertex 170.055 73.1234 3.51
    endloop
  endfacet
  facet normal 0.897091 0.441846 -2.78223e-06
    outer loop
      vertex 170.225 72.7784 28.1
      vertex 170.055 73.1234 3.51
      vertex 170.07 73.0931 28.1
    endloop
  endfacet
  facet normal 0.897012 0.442006 0
    outer loop
      vertex 170.055 73.1234 3.51
      vertex 170.225 72.7784 28.1
      vertex 170.225 72.7784 3.51
    endloop
  endfacet
  facet normal -0.65911 -0.752046 0
    outer loop
      vertex 122.722 71.1834 3.51
      vertex 122.968 70.9678 28.11
      vertex 122.722 71.1834 28.11
    endloop
  endfacet
  facet normal -0.65911 -0.752046 -0
    outer loop
      vertex 122.968 70.9678 28.11
      vertex 122.722 71.1834 3.51
      vertex 122.968 70.9678 3.51
    endloop
  endfacet
  facet normal 0.945998 0.324174 -0
    outer loop
      vertex 170.51 72.1911 8.70786
      vertex 170.499 72.2232 28.1
      vertex 170.51 72.1911 28.1
    endloop
  endfacet
  facet normal 0.945998 0.324174 0
    outer loop
      vertex 170.499 72.2232 28.1
      vertex 170.51 72.1911 8.70786
      vertex 170.499 72.2232 3.51
    endloop
  endfacet
  facet normal 0.951467 0.307752 -0.000112988
    outer loop
      vertex 170.499 72.2232 3.51
      vertex 170.51 72.1911 8.70786
      vertex 170.511 72.1861 3.51
    endloop
  endfacet
  facet normal 0.896873 0.442287 0
    outer loop
      vertex 170.412 72.3992 28.1
      vertex 170.225 72.7784 3.51
      vertex 170.225 72.7784 28.1
    endloop
  endfacet
  facet normal 0.896873 0.442287 0
    outer loop
      vertex 170.225 72.7784 3.51
      vertex 170.412 72.3992 28.1
      vertex 170.412 72.3992 3.51
    endloop
  endfacet
  facet normal -0.752823 -0.658223 0
    outer loop
      vertex 123.183 70.7219 3.51
      vertex 122.968 70.9678 28.11
      vertex 122.968 70.9678 3.51
    endloop
  endfacet
  facet normal -0.752823 -0.658223 0
    outer loop
      vertex 122.968 70.9678 28.11
      vertex 123.183 70.7219 3.51
      vertex 123.183 70.7219 28.11
    endloop
  endfacet
  facet normal 0.832566 -0.553925 -4.50529e-07
    outer loop
      vertex 169.598 1.7863 28.1
      vertex 169.598 1.78632 3.51
      vertex 169.631 1.8359 28.1
    endloop
  endfacet
  facet normal 1 0 0
    outer loop
      vertex 169.598 1.78632 3.51
      vertex 169.598 1.7863 28.1
      vertex 169.598 1.7863 3.51
    endloop
  endfacet
  facet normal 0.832248 -0.554403 9.40083e-07
    outer loop
      vertex 169.631 1.8359 28.1
      vertex 169.598 1.78632 3.51
      vertex 169.71 1.95445 3.51
    endloop
  endfacet
  facet normal -0.321136 0.947033 0
    outer loop
      vertex 122.157 4.09031 3.51
      vertex 121.847 3.98519 28.11
      vertex 122.157 4.09031 28.11
    endloop
  endfacet
  facet normal -0.321136 0.947033 0
    outer loop
      vertex 121.847 3.98519 28.11
      vertex 122.157 4.09031 3.51
      vertex 121.847 3.98519 3.51
    endloop
  endfacet
  facet normal 0.829005 -0.559241 0
    outer loop
      vertex 169.631 1.8359 28.1
      vertex 169.711 1.95449 3.51
      vertex 169.711 1.95449 28.11
    endloop
  endfacet
  facet normal 0.829005 -0.559241 0
    outer loop
      vertex 169.631 1.8359 28.1
      vertex 169.711 1.95449 28.11
      vertex 169.631 1.8359 28.11
    endloop
  endfacet
  facet normal 0.0399676 -0.99919 -0.00468876
    outer loop
      vertex 169.711 1.95449 3.51
      vertex 169.631 1.8359 28.1
      vertex 169.71 1.95445 3.51
    endloop
  endfacet
  facet normal -0.194911 0.980821 0
    outer loop
      vertex 121.847 3.98519 3.51
      vertex 121.526 3.9214 28.11
      vertex 121.847 3.98519 28.11
    endloop
  endfacet
  facet normal -0.194911 0.980821 0
    outer loop
      vertex 121.526 3.9214 28.11
      vertex 121.847 3.98519 3.51
      vertex 121.526 3.9214 3.51
    endloop
  endfacet
  facet normal 0.838923 -0.54425 0
    outer loop
      vertex 169.577 1.75393 28.1
      vertex 169.598 1.7863 3.51
      vertex 169.598 1.7863 28.1
    endloop
  endfacet
  facet normal 0.838923 -0.54425 0
    outer loop
      vertex 169.598 1.7863 3.51
      vertex 169.577 1.75393 28.1
      vertex 169.577 1.75393 3.51
    endloop
  endfacet
  facet normal 0.75251 -0.658581 0
    outer loop
      vertex 169.277 1.37357 28.1
      vertex 169.338 1.44327 3.51
      vertex 169.338 1.44327 28.1
    endloop
  endfacet
  facet normal 0.75251 -0.658581 0
    outer loop
      vertex 169.338 1.44327 3.51
      vertex 169.277 1.37357 28.1
      vertex 169.277 1.37357 3.51
    endloop
  endfacet
  facet normal 0.896921 -0.442191 0
    outer loop
      vertex 26.0903 70.1567 28.11
      vertex 26.2349 70.45 3.51
      vertex 26.2349 70.45 28.11
    endloop
  endfacet
  facet normal 0.896921 -0.442191 0
    outer loop
      vertex 26.2349 70.45 3.51
      vertex 26.0903 70.1567 28.11
      vertex 26.0903 70.1567 3.51
    endloop
  endfacet
  facet normal -0.946915 0.321483 0
    outer loop
      vertex -1.16774 71.4305 3.51
      vertex -1.05112 71.774 28.11
      vertex -1.05112 71.774 3.51
    endloop
  endfacet
  facet normal -0.946915 0.321483 0
    outer loop
      vertex -1.05112 71.774 28.11
      vertex -1.16774 71.4305 3.51
      vertex -1.16774 71.4305 28.11
    endloop
  endfacet
  facet normal -0.980775 0.195141 0
    outer loop
      vertex -1.2941 70.9265 3.51
      vertex -1.26909 71.0522 28.1
      vertex -1.26909 71.0522 3.51
    endloop
  endfacet
  facet normal -0.980775 0.195141 0
    outer loop
      vertex -1.26909 71.0522 28.1
      vertex -1.2941 70.9265 3.51
      vertex -1.2941 70.9265 28.1
    endloop
  endfacet
  facet normal -0.980751 0.195261 0
    outer loop
      vertex -1.2941 70.9265 3.51
      vertex -1.30728 70.8603 28.1
      vertex -1.2941 70.9265 28.1
    endloop
  endfacet
  facet normal -0.9808 0.195017 0
    outer loop
      vertex -1.30728 70.8603 28.1
      vertex -1.3619 70.5856 28.1
      vertex -1.30728 70.8603 28.11
    endloop
  endfacet
  facet normal -0.9808 0.195017 -6.82725e-07
    outer loop
      vertex -1.2941 70.9265 3.51
      vertex -1.3619 70.5856 28.1
      vertex -1.30728 70.8603 28.1
    endloop
  endfacet
  facet normal -0.980786 0.195088 3.35412e-07
    outer loop
      vertex -1.39264 70.4311 3.51
      vertex -1.3619 70.5856 28.1
      vertex -1.2941 70.9265 3.51
    endloop
  endfacet
  facet normal -0.980776 0.195139 0
    outer loop
      vertex -1.3619 70.5856 28.1
      vertex -1.39264 70.4311 3.51
      vertex -1.39264 70.4311 28.1
    endloop
  endfacet
  facet normal -0.9808 0.195017 0
    outer loop
      vertex -1.30728 70.8603 28.11
      vertex -1.3619 70.5856 28.1
      vertex -1.3619 70.5856 28.11
    endloop
  endfacet
  facet normal 0.946957 -0.32136 0
    outer loop
      vertex 25.9852 69.847 28.11
      vertex 26.0903 70.1567 3.51
      vertex 26.0903 70.1567 28.11
    endloop
  endfacet
  facet normal 0.946957 -0.32136 0
    outer loop
      vertex 26.0903 70.1567 3.51
      vertex 25.9852 69.847 28.11
      vertex 25.9852 69.847 3.51
    endloop
  endfacet
  facet normal 0 -1 0
    outer loop
      vertex 125.2 55.4 17.75
      vertex 152.2 55.4 4.02
      vertex 165.95 55.4 17.75
    endloop
  endfacet
  facet normal 0 -1 0
    outer loop
      vertex 126.45 55.4 3.51
      vertex 152.2 55.4 4.02
      vertex 125.2 55.4 17.75
    endloop
  endfacet
  facet normal 0 -1 -0
    outer loop
      vertex 152.2 55.4 4.02
      vertex 126.45 55.4 3.51
      vertex 152.2 55.4 3.52
    endloop
  endfacet
  facet normal 0 -1 0
    outer loop
      vertex 126.45 55.4 3.51
      vertex 125.2 55.4 17.75
      vertex 125.2 55.4 3.51
    endloop
  endfacet
  facet normal 0 -1 0
    outer loop
      vertex 164.2 55.4 4.02
      vertex 165.95 55.4 17.75
      vertex 152.2 55.4 4.02
    endloop
  endfacet
  facet normal 0 -1 0
    outer loop
      vertex 165.95 55.4 3.26
      vertex 164.2 55.4 4.02
      vertex 164.2 55.4 3.52
    endloop
  endfacet
  facet normal 0 -1 0
    outer loop
      vertex 126.45 55.4 3.26
      vertex 152.2 55.4 3.52
      vertex 126.45 55.4 3.51
    endloop
  endfacet
  facet normal 0 -1 0
    outer loop
      vertex 165.95 55.4 3.26
      vertex 152.2 55.4 3.52
      vertex 126.45 55.4 3.26
    endloop
  endfacet
  facet normal 0 -1 0
    outer loop
      vertex 164.2 55.4 4.02
      vertex 165.95 55.4 3.26
      vertex 165.95 55.4 17.75
    endloop
  endfacet
  facet normal 0 -1 0
    outer loop
      vertex 152.2 55.4 3.52
      vertex 165.95 55.4 3.26
      vertex 164.2 55.4 3.52
    endloop
  endfacet
  facet normal -1 0 0
    outer loop
      vertex 123.7 56.9 17.75
      vertex 123.7 69.2 3.51
      vertex 123.7 56.9 3.51
    endloop
  endfacet
  facet normal -1 0 0
    outer loop
      vertex 123.7 69.2 3.51
      vertex 123.7 56.9 17.75
      vertex 123.7 69.2 28.11
    endloop
  endfacet
  facet normal -1 0 0
    outer loop
      vertex 123.7 51.8 28.11
      vertex 123.7 56.9 17.75
      vertex 123.7 51.8 17.75
    endloop
  endfacet
  facet normal -1 0 0
    outer loop
      vertex 123.7 56.9 17.75
      vertex 123.7 51.8 28.11
      vertex 123.7 69.2 28.11
    endloop
  endfacet
  facet normal -0.896455 -0.443134 0
    outer loop
      vertex 123.901 56.15 3.51
      vertex 123.814 56.326 17.75
      vertex 123.814 56.326 3.51
    endloop
  endfacet
  facet normal -0.896455 -0.443134 0
    outer loop
      vertex 123.814 56.326 17.75
      vertex 123.901 56.15 3.51
      vertex 123.901 56.15 17.75
    endloop
  endfacet
  facet normal -0.0651673 -0.997874 0
    outer loop
      vertex 125.004 55.4128 3.51
      vertex 125.2 55.4 17.75
      vertex 125.004 55.4128 17.75
    endloop
  endfacet
  facet normal -0.0651673 -0.997874 -0
    outer loop
      vertex 125.2 55.4 17.75
      vertex 125.004 55.4128 3.51
      vertex 125.2 55.4 3.51
    endloop
  endfacet
  facet normal -0.94704 -0.321117 0
    outer loop
      vertex 123.814 56.326 3.51
      vertex 123.751 56.5118 17.75
      vertex 123.751 56.5118 3.51
    endloop
  endfacet
  facet normal -0.94704 -0.321117 0
    outer loop
      vertex 123.751 56.5118 17.75
      vertex 123.814 56.326 3.51
      vertex 123.814 56.326 17.75
    endloop
  endfacet
  facet normal -0.981049 -0.193762 0
    outer loop
      vertex 123.751 56.5118 3.51
      vertex 123.713 56.7042 17.75
      vertex 123.713 56.7042 3.51
    endloop
  endfacet
  facet normal -0.981049 -0.193762 0
    outer loop
      vertex 123.713 56.7042 17.75
      vertex 123.751 56.5118 3.51
      vertex 123.751 56.5118 17.75
    endloop
  endfacet
  facet normal -0.195625 -0.980679 0
    outer loop
      vertex 124.812 55.4511 3.51
      vertex 125.004 55.4128 17.75
      vertex 124.812 55.4511 17.75
    endloop
  endfacet
  facet normal -0.195625 -0.980679 -0
    outer loop
      vertex 125.004 55.4128 17.75
      vertex 124.812 55.4511 3.51
      vertex 125.004 55.4128 3.51
    endloop
  endfacet
  facet normal -0.442315 -0.89686 0
    outer loop
      vertex 124.45 55.601 3.51
      vertex 124.626 55.5142 17.75
      vertex 124.45 55.601 17.75
    endloop
  endfacet
  facet normal -0.442315 -0.89686 -0
    outer loop
      vertex 124.626 55.5142 17.75
      vertex 124.45 55.601 3.51
      vertex 124.626 55.5142 3.51
    endloop
  endfacet
  facet normal -0.997803 -0.0662484 0
    outer loop
      vertex 123.713 56.7042 3.51
      vertex 123.7 56.9 17.75
      vertex 123.7 56.9 3.51
    endloop
  endfacet
  facet normal -0.997803 -0.0662484 0
    outer loop
      vertex 123.7 56.9 17.75
      vertex 123.713 56.7042 3.51
      vertex 123.713 56.7042 17.75
    endloop
  endfacet
  facet normal -0.831422 -0.555641 0
    outer loop
      vertex 124.01 55.9869 3.51
      vertex 123.901 56.15 17.75
      vertex 123.901 56.15 3.51
    endloop
  endfacet
  facet normal -0.831422 -0.555641 0
    outer loop
      vertex 123.901 56.15 17.75
      vertex 124.01 55.9869 3.51
      vertex 124.01 55.9869 17.75
    endloop
  endfacet
  facet normal -0.555877 -0.831265 0
    outer loop
      vertex 124.287 55.71 3.51
      vertex 124.45 55.601 17.75
      vertex 124.287 55.71 17.75
    endloop
  endfacet
  facet normal -0.555877 -0.831265 -0
    outer loop
      vertex 124.45 55.601 17.75
      vertex 124.287 55.71 3.51
      vertex 124.45 55.601 3.51
    endloop
  endfacet
  facet normal -0 0 1
    outer loop
      vertex 153.693 56.8 3.52
      vertex 162.713 56.7042 3.52
      vertex 162.707 56.8 3.52
    endloop
  endfacet
  facet normal 0 0 1
    outer loop
      vertex 153.687 56.7042 3.52
      vertex 162.713 56.7042 3.52
      vertex 153.693 56.8 3.52
    endloop
  endfacet
  facet normal 0 0 1
    outer loop
      vertex 162.713 56.7042 3.52
      vertex 153.687 56.7042 3.52
      vertex 162.751 56.5118 3.52
    endloop
  endfacet
  facet normal 0 0 1
    outer loop
      vertex 153.649 56.5118 3.52
      vertex 162.751 56.5118 3.52
      vertex 153.687 56.7042 3.52
    endloop
  endfacet
  facet normal 0 0 1
    outer loop
      vertex 162.751 56.5118 3.52
      vertex 153.649 56.5118 3.52
      vertex 162.814 56.326 3.52
    endloop
  endfacet
  facet normal 0 0 1
    outer loop
      vertex 153.586 56.326 3.52
      vertex 162.814 56.326 3.52
      vertex 153.649 56.5118 3.52
    endloop
  endfacet
  facet normal 0 0 1
    outer loop
      vertex 162.814 56.326 3.52
      vertex 153.586 56.326 3.52
      vertex 162.901 56.15 3.52
    endloop
  endfacet
  facet normal 0 0 1
    outer loop
      vertex 153.499 56.15 3.52
      vertex 162.901 56.15 3.52
      vertex 153.586 56.326 3.52
    endloop
  endfacet
  facet normal 0 0 1
    outer loop
      vertex 162.901 56.15 3.52
      vertex 153.499 56.15 3.52
      vertex 163.01 55.9869 3.52
    endloop
  endfacet
  facet normal 0 0 1
    outer loop
      vertex 153.39 55.9869 3.52
      vertex 163.01 55.9869 3.52
      vertex 153.499 56.15 3.52
    endloop
  endfacet
  facet normal 0 0 1
    outer loop
      vertex 163.01 55.9869 3.52
      vertex 153.39 55.9869 3.52
      vertex 163.139 55.8393 3.52
    endloop
  endfacet
  facet normal 0 0 1
    outer loop
      vertex 153.261 55.8393 3.52
      vertex 163.139 55.8393 3.52
      vertex 153.39 55.9869 3.52
    endloop
  endfacet
  facet normal 0 0 1
    outer loop
      vertex 163.139 55.8393 3.52
      vertex 153.261 55.8393 3.52
      vertex 163.287 55.71 3.52
    endloop
  endfacet
  facet normal 0 0 1
    outer loop
      vertex 153.113 55.71 3.52
      vertex 163.287 55.71 3.52
      vertex 153.261 55.8393 3.52
    endloop
  endfacet
  facet normal 0 0 1
    outer loop
      vertex 163.287 55.71 3.52
      vertex 153.113 55.71 3.52
      vertex 163.45 55.601 3.52
    endloop
  endfacet
  facet normal 0 0 1
    outer loop
      vertex 152.95 55.601 3.52
      vertex 163.45 55.601 3.52
      vertex 153.113 55.71 3.52
    endloop
  endfacet
  facet normal 0 0 1
    outer loop
      vertex 163.45 55.601 3.52
      vertex 152.95 55.601 3.52
      vertex 163.626 55.5142 3.52
    endloop
  endfacet
  facet normal 0 0 1
    outer loop
      vertex 152.774 55.5142 3.52
      vertex 163.626 55.5142 3.52
      vertex 152.95 55.601 3.52
    endloop
  endfacet
  facet normal 0 0 1
    outer loop
      vertex 163.626 55.5142 3.52
      vertex 152.774 55.5142 3.52
      vertex 163.812 55.4511 3.52
    endloop
  endfacet
  facet normal 0 0 1
    outer loop
      vertex 152.588 55.4511 3.52
      vertex 163.812 55.4511 3.52
      vertex 152.774 55.5142 3.52
    endloop
  endfacet
  facet normal 0 0 1
    outer loop
      vertex 163.812 55.4511 3.52
      vertex 152.588 55.4511 3.52
      vertex 164.004 55.4128 3.52
    endloop
  endfacet
  facet normal 0 0 1
    outer loop
      vertex 152.396 55.4128 3.52
      vertex 164.004 55.4128 3.52
      vertex 152.588 55.4511 3.52
    endloop
  endfacet
  facet normal 0 0 1
    outer loop
      vertex 164.004 55.4128 3.52
      vertex 152.396 55.4128 3.52
      vertex 164.2 55.4 3.52
    endloop
  endfacet
  facet normal 0 0 1
    outer loop
      vertex 164.2 55.4 3.52
      vertex 152.396 55.4128 3.52
      vertex 152.2 55.4 3.52
    endloop
  endfacet
  facet normal -0.321264 -0.94699 0
    outer loop
      vertex 124.626 55.5142 3.51
      vertex 124.812 55.4511 17.75
      vertex 124.626 55.5142 17.75
    endloop
  endfacet
  facet normal -0.321264 -0.94699 -0
    outer loop
      vertex 124.812 55.4511 17.75
      vertex 124.626 55.5142 3.51
      vertex 124.812 55.4511 3.51
    endloop
  endfacet
  facet normal -0.752956 -0.658071 0
    outer loop
      vertex 124.139 55.8393 3.51
      vertex 124.01 55.9869 17.75
      vertex 124.01 55.9869 3.51
    endloop
  endfacet
  facet normal -0.752956 -0.658071 0
    outer loop
      vertex 124.01 55.9869 17.75
      vertex 124.139 55.8393 3.51
      vertex 124.139 55.8393 17.75
    endloop
  endfacet
  facet normal -0.657928 -0.753081 0
    outer loop
      vertex 124.139 55.8393 3.51
      vertex 124.287 55.71 17.75
      vertex 124.139 55.8393 17.75
    endloop
  endfacet
  facet normal -0.657928 -0.753081 -0
    outer loop
      vertex 124.287 55.71 17.75
      vertex 124.139 55.8393 3.51
      vertex 124.287 55.71 3.51
    endloop
  endfacet
  facet normal -0.896879 0.442276 0
    outer loop
      vertex -0.624827 72.7784 3.51
      vertex -0.454698 73.1234 28.1
      vertex -0.454698 73.1234 3.51
    endloop
  endfacet
  facet normal -0.896879 0.442276 0
    outer loop
      vertex -0.454698 73.1234 28.1
      vertex -0.624827 72.7784 3.51
      vertex -0.624827 72.7784 28.1
    endloop
  endfacet
  facet normal 0.659262 -0.751913 0
    outer loop
      vertex 26.6322 70.9678 3.51
      vertex 26.8781 71.1834 28.11
      vertex 26.6322 70.9678 28.11
    endloop
  endfacet
  facet normal 0.659262 -0.751913 0
    outer loop
      vertex 26.8781 71.1834 28.11
      vertex 26.6322 70.9678 3.51
      vertex 26.8781 71.1834 3.51
    endloop
  endfacet
  facet normal -0.896868 0.442297 6.57772e-07
    outer loop
      vertex -0.624836 72.7784 3.51
      vertex -0.811792 72.3993 3.51
      vertex -0.646221 72.735 28.1
    endloop
  endfacet
  facet normal 0 1 0
    outer loop
      vertex -0.624836 72.7784 3.51
      vertex -0.624827 72.7784 28.1
      vertex -0.624827 72.7784 3.51
    endloop
  endfacet
  facet normal -0.896943 0.442147 3.28283e-07
    outer loop
      vertex -0.624827 72.7784 28.1
      vertex -0.624836 72.7784 3.51
      vertex -0.646221 72.735 28.1
    endloop
  endfacet
  facet normal 0.751913 -0.659262 0
    outer loop
      vertex 26.4166 70.7219 28.11
      vertex 26.6322 70.9678 3.51
      vertex 26.6322 70.9678 28.11
    endloop
  endfacet
  facet normal 0.751913 -0.659262 0
    outer loop
      vertex 26.6322 70.9678 3.51
      vertex 26.4166 70.7219 28.11
      vertex 26.4166 70.7219 3.51
    endloop
  endfacet
  facet normal -0.946836 0.321718 0
    outer loop
      vertex -0.89864 72.2232 3.51
      vertex -0.909547 72.1911 8.70786
      vertex -0.89864 72.2232 28.1
    endloop
  endfacet
  facet normal -0.947052 0.321079 -4.39982e-06
    outer loop
      vertex -0.909547 72.1911 8.70786
      vertex -0.89864 72.2232 3.51
      vertex -0.911218 72.1861 3.51
    endloop
  endfacet
  facet normal -0.946836 0.321718 0
    outer loop
      vertex -0.89864 72.2232 28.1
      vertex -0.909547 72.1911 8.70786
      vertex -0.909547 72.1911 28.1
    endloop
  endfacet
  facet normal -0.997859 -0.0654014 0
    outer loop
      vertex -1.46577 5.8779 3.51
      vertex -1.49999 6.40001 28.1
      vertex -1.49999 6.40001 3.51
    endloop
  endfacet
  facet normal -0.997859 -0.0654014 0
    outer loop
      vertex -1.49999 6.40001 28.1
      vertex -1.46577 5.8779 3.51
      vertex -1.46577 5.8779 28.1
    endloop
  endfacet
  facet normal 0.997857 0.0654352 0
    outer loop
      vertex 25.9214 6.07368 28.11
      vertex 25.9 6.40002 3.51
      vertex 25.9 6.40002 28.11
    endloop
  endfacet
  facet normal 0.997857 0.0654352 0
    outer loop
      vertex 25.9 6.40002 3.51
      vertex 25.9214 6.07368 28.11
      vertex 25.9214 6.07368 3.51
    endloop
  endfacet
  facet normal -0.980778 -0.195125 0
    outer loop
      vertex -1.43241 5.36884 3.51
      vertex -1.39568 5.18422 28.1
      vertex -1.43241 5.36884 28.11
    endloop
  endfacet
  facet normal -0.980778 -0.195125 -2.07507e-09
    outer loop
      vertex -1.39264 5.16894 3.51
      vertex -1.39568 5.18422 28.1
      vertex -1.43241 5.36884 3.51
    endloop
  endfacet
  facet normal -0.980778 -0.195129 0
    outer loop
      vertex -1.39568 5.18422 28.1
      vertex -1.39264 5.16894 3.51
      vertex -1.39264 5.16894 28.1
    endloop
  endfacet
  facet normal -0.980778 -0.195125 0
    outer loop
      vertex -1.43241 5.36884 28.11
      vertex -1.39568 5.18422 28.1
      vertex -1.39568 5.18422 28.11
    endloop
  endfacet
  facet normal -0.99786 -0.0653942 0
    outer loop
      vertex -1.44524 5.56463 3.51
      vertex -1.46577 5.8779 28.1
      vertex -1.46577 5.8779 3.51
    endloop
  endfacet
  facet normal -0.99786 -0.0653942 0
    outer loop
      vertex -1.46577 5.8779 28.1
      vertex -1.44524 5.56463 3.51
      vertex -1.44524 5.56463 28.1
    endloop
  endfacet
  facet normal 0.980781 0.19511 0
    outer loop
      vertex 25.9852 5.75297 28.11
      vertex 25.9214 6.07368 3.51
      vertex 25.9214 6.07368 28.11
    endloop
  endfacet
  facet normal 0.980781 0.19511 0
    outer loop
      vertex 25.9214 6.07368 3.51
      vertex 25.9852 5.75297 28.11
      vertex 25.9852 5.75297 3.51
    endloop
  endfacet
  facet normal -0.980826 0.194883 0
    outer loop
      vertex -1.39264 70.4311 3.51
      vertex -1.39568 70.4158 28.1
      vertex -1.39264 70.4311 28.1
    endloop
  endfacet
  facet normal -0.980778 0.195125 1.56628e-07
    outer loop
      vertex -1.43241 70.2312 3.51
      vertex -1.39568 70.4158 28.1
      vertex -1.39264 70.4311 3.51
    endloop
  endfacet
  facet normal -0.980774 0.195145 0
    outer loop
      vertex -1.43241 70.2312 28.11
      vertex -1.39568 70.4158 28.1
      vertex -1.43241 70.2312 3.51
    endloop
  endfacet
  facet normal -0.980774 0.195145 0
    outer loop
      vertex -1.39568 70.4158 28.1
      vertex -1.43241 70.2312 28.11
      vertex -1.39568 70.4158 28.11
    endloop
  endfacet
  facet normal 0.98078 -0.195116 0
    outer loop
      vertex 25.9214 69.5263 28.11
      vertex 25.9852 69.847 3.51
      vertex 25.9852 69.847 28.11
    endloop
  endfacet
  facet normal 0.98078 -0.195116 0
    outer loop
      vertex 25.9852 69.847 3.51
      vertex 25.9214 69.5263 28.11
      vertex 25.9214 69.5263 3.51
    endloop
  endfacet
  facet normal -0.99786 0.065388 0
    outer loop
      vertex -1.46577 69.7221 3.51
      vertex -1.44524 70.0354 28.1
      vertex -1.44524 70.0354 3.51
    endloop
  endfacet
  facet normal -0.99786 0.065388 0
    outer loop
      vertex -1.44524 70.0354 28.1
      vertex -1.46577 69.7221 3.51
      vertex -1.46577 69.7221 28.1
    endloop
  endfacet
  facet normal 0.898313 -0.439356 0
    outer loop
      vertex 170.042 2.45001 28.11
      vertex 170.055 2.47659 3.51
      vertex 170.055 2.47659 28.11
    endloop
  endfacet
  facet normal 0.898313 -0.439356 0
    outer loop
      vertex 170.055 2.47659 3.51
      vertex 170.042 2.45001 28.11
      vertex 170.042 2.45001 3.51
    endloop
  endfacet
  facet normal -0.555434 0.831561 0
    outer loop
      vertex 122.722 4.41663 3.51
      vertex 122.45 4.23495 28.11
      vertex 122.722 4.41663 28.11
    endloop
  endfacet
  facet normal -0.555434 0.831561 0
    outer loop
      vertex 122.45 4.23495 28.11
      vertex 122.722 4.41663 3.51
      vertex 122.45 4.23495 3.51
    endloop
  endfacet
  facet normal 0.830693 -0.556731 0
    outer loop
      vertex 169.865 2.18591 28.11
      vertex 170.042 2.45001 3.51
      vertex 170.042 2.45001 28.11
    endloop
  endfacet
  facet normal 0.830693 -0.556731 0
    outer loop
      vertex 170.042 2.45001 3.51
      vertex 169.865 2.18591 28.11
      vertex 169.865 2.18591 3.51
    endloop
  endfacet
  facet normal 0 1 -0
    outer loop
      vertex 162.707 18.8 3.52
      vertex 153.693 18.8 4.02
      vertex 162.707 18.8 4.02
    endloop
  endfacet
  facet normal 0 1 0
    outer loop
      vertex 153.693 18.8 4.02
      vertex 162.707 18.8 3.52
      vertex 153.693 18.8 3.52
    endloop
  endfacet
  facet normal -1 0 0
    outer loop
      vertex 123.7 18.7 3.51
      vertex 123.7 6.40002 3.51
      vertex 123.7 18.7 17.75
    endloop
  endfacet
  facet normal -1 0 0
    outer loop
      vertex 123.7 18.7 17.75
      vertex 123.7 23.8 28.11
      vertex 123.7 23.8 17.75
    endloop
  endfacet
  facet normal -1 0 0
    outer loop
      vertex 123.7 6.40002 28.11
      vertex 123.7 18.7 17.75
      vertex 123.7 6.40002 3.51
    endloop
  endfacet
  facet normal -1 0 0
    outer loop
      vertex 123.7 18.7 17.75
      vertex 123.7 6.40002 28.11
      vertex 123.7 23.8 28.11
    endloop
  endfacet
  facet normal -0.442654 0.896693 0
    outer loop
      vertex 122.45 4.23495 3.51
      vertex 122.157 4.09031 28.11
      vertex 122.45 4.23495 28.11
    endloop
  endfacet
  facet normal -0.442654 0.896693 0
    outer loop
      vertex 122.157 4.09031 28.11
      vertex 122.45 4.23495 3.51
      vertex 122.157 4.09031 3.51
    endloop
  endfacet
  facet normal 0.832515 -0.554003 0
    outer loop
      vertex 169.711 1.95449 28.11
      vertex 169.865 2.18591 3.51
      vertex 169.865 2.18591 28.11
    endloop
  endfacet
  facet normal 0.832515 -0.554003 0
    outer loop
      vertex 169.865 2.18591 3.51
      vertex 169.711 1.95449 28.11
      vertex 169.711 1.95449 3.51
    endloop
  endfacet
  facet normal 0.946596 0.322421 0
    outer loop
      vertex 170.768 71.4305 28.11
      vertex 170.651 71.774 3.51
      vertex 170.651 71.774 28.11
    endloop
  endfacet
  facet normal 0.946596 0.322421 0
    outer loop
      vertex 170.651 71.774 3.51
      vertex 170.768 71.4305 28.11
      vertex 170.768 71.4305 3.51
    endloop
  endfacet
  facet normal 0.98079 0.195066 0
    outer loop
      vertex 170.894 70.9265 28.1
      vertex 170.869 71.0522 3.51
      vertex 170.869 71.0522 28.1
    endloop
  endfacet
  facet normal 0.98079 0.195066 0
    outer loop
      vertex 170.869 71.0522 3.51
      vertex 170.894 70.9265 28.1
      vertex 170.894 70.9265 3.51
    endloop
  endfacet
  facet normal -0.896435 -0.443175 0
    outer loop
      vertex 123.51 70.1567 3.51
      vertex 123.365 70.45 28.11
      vertex 123.365 70.45 3.51
    endloop
  endfacet
  facet normal -0.896435 -0.443175 0
    outer loop
      vertex 123.365 70.45 28.11
      vertex 123.51 70.1567 3.51
      vertex 123.51 70.1567 28.11
    endloop
  endfacet
  facet normal 0.980539 0.196322 0
    outer loop
      vertex 170.907 70.8603 28.11
      vertex 170.962 70.5856 28.11
      vertex 170.907 70.8603 28.1
    endloop
  endfacet
  facet normal 0.981259 0.192694 0
    outer loop
      vertex 170.907 70.8603 28.1
      vertex 170.894 70.9265 3.51
      vertex 170.894 70.9265 28.1
    endloop
  endfacet
  facet normal 0.980539 0.196322 -0
    outer loop
      vertex 170.962 70.5856 28.1
      vertex 170.907 70.8603 28.1
      vertex 170.962 70.5856 28.11
    endloop
  endfacet
  facet normal 0.980539 0.196322 1.01467e-05
    outer loop
      vertex 170.907 70.8603 28.1
      vertex 170.962 70.5856 28.1
      vertex 170.894 70.9265 3.51
    endloop
  endfacet
  facet normal 0.980458 0.196726 -0
    outer loop
      vertex 170.993 70.4311 3.51
      vertex 170.962 70.5856 28.1
      vertex 170.993 70.4311 28.1
    endloop
  endfacet
  facet normal 0.980611 0.195964 4.98279e-06
    outer loop
      vertex 170.962 70.5856 28.1
      vertex 170.993 70.4311 3.51
      vertex 170.894 70.9265 3.51
    endloop
  endfacet
  facet normal -0.94705 -0.321086 0
    outer loop
      vertex 123.615 69.847 3.51
      vertex 123.51 70.1567 28.11
      vertex 123.51 70.1567 3.51
    endloop
  endfacet
  facet normal -0.94705 -0.321086 0
    outer loop
      vertex 123.51 70.1567 28.11
      vertex 123.615 69.847 3.51
      vertex 123.615 69.847 28.11
    endloop
  endfacet
  facet normal 0.0654432 -0.997856 0
    outer loop
      vertex 28.0737 71.6786 3.51
      vertex 28.4 71.7 28.11
      vertex 28.0737 71.6786 28.11
    endloop
  endfacet
  facet normal 0.0654432 -0.997856 0
    outer loop
      vertex 28.4 71.7 28.11
      vertex 28.0737 71.6786 3.51
      vertex 28.4 71.7 3.51
    endloop
  endfacet
  facet normal -0.75255 0.658536 0
    outer loop
      vertex 0.323005 74.2264 3.51
      vertex 0.35302 74.2607 28.1
      vertex 0.35302 74.2607 3.51
    endloop
  endfacet
  facet normal -0.75255 0.658536 0
    outer loop
      vertex 0.35302 74.2607 28.1
      vertex 0.323005 74.2264 3.51
      vertex 0.323005 74.2264 28.1
    endloop
  endfacet
  facet normal -0.98079 -0.195067 0
    outer loop
      vertex -1.39264 5.16894 3.51
      vertex -1.3619 5.01438 28.1
      vertex -1.39264 5.16894 28.1
    endloop
  endfacet
  facet normal -0.98079 -0.195065 0
    outer loop
      vertex -1.3619 5.01438 28.1
      vertex -1.30728 4.73975 28.1
      vertex -1.3619 5.01438 28.11
    endloop
  endfacet
  facet normal -0.98079 -0.195065 8.56883e-09
    outer loop
      vertex -1.39264 5.16894 3.51
      vertex -1.30728 4.73975 28.1
      vertex -1.3619 5.01438 28.1
    endloop
  endfacet
  facet normal -0.980789 -0.195069 -6.20364e-08
    outer loop
      vertex -1.2941 4.67349 3.51
      vertex -1.30728 4.73975 28.1
      vertex -1.39264 5.16894 3.51
    endloop
  endfacet
  facet normal -0.980785 -0.195091 0
    outer loop
      vertex -1.30728 4.73975 28.1
      vertex -1.2941 4.67349 3.51
      vertex -1.2941 4.67349 28.1
    endloop
  endfacet
  facet normal -0.98079 -0.195065 0
    outer loop
      vertex -1.3619 5.01438 28.11
      vertex -1.30728 4.73975 28.1
      vertex -1.30728 4.73975 28.11
    endloop
  endfacet
  facet normal 0.946948 0.321388 0
    outer loop
      vertex 26.0903 5.4433 28.11
      vertex 25.9852 5.75297 3.51
      vertex 25.9852 5.75297 28.11
    endloop
  endfacet
  facet normal 0.946948 0.321388 0
    outer loop
      vertex 25.9852 5.75297 3.51
      vertex 26.0903 5.4433 28.11
      vertex 26.0903 5.4433 3.51
    endloop
  endfacet
  facet normal 0.752713 0.658349 0
    outer loop
      vertex 169.277 74.2264 28.1
      vertex 169.247 74.2607 3.51
      vertex 169.247 74.2607 28.1
    endloop
  endfacet
  facet normal 0.752713 0.658349 0
    outer loop
      vertex 169.247 74.2607 3.51
      vertex 169.277 74.2264 28.1
      vertex 169.277 74.2264 3.51
    endloop
  endfacet
  facet normal -0.0655032 -0.997852 0
    outer loop
      vertex 121.2 71.7 3.51
      vertex 121.526 71.6786 28.11
      vertex 121.2 71.7 28.11
    endloop
  endfacet
  facet normal -0.0655032 -0.997852 -0
    outer loop
      vertex 121.526 71.6786 28.11
      vertex 121.2 71.7 3.51
      vertex 121.526 71.6786 3.51
    endloop
  endfacet
  facet normal 0 -1 0
    outer loop
      vertex 28.4 71.7 3.51
      vertex 121.2 71.7 28.11
      vertex 28.4 71.7 28.11
    endloop
  endfacet
  facet normal 0 -1 -0
    outer loop
      vertex 121.2 71.7 28.11
      vertex 28.4 71.7 3.51
      vertex 121.2 71.7 3.51
    endloop
  endfacet
  facet normal 0.752048 0.659109 -0
    outer loop
      vertex 169.203 74.3103 28.1
      vertex 168.786 74.7861 28.11
      vertex 169.203 74.3103 28.11
    endloop
  endfacet
  facet normal 0.752048 0.659109 0
    outer loop
      vertex 168.786 74.7861 28.11
      vertex 169.203 74.3103 28.1
      vertex 168.786 74.7861 3.51
    endloop
  endfacet
  facet normal 0.748075 0.663615 -0
    outer loop
      vertex 169.247 74.2607 3.51
      vertex 169.203 74.3103 28.1
      vertex 169.247 74.2607 28.1
    endloop
  endfacet
  facet normal 0.751672 0.659537 1.46616e-05
    outer loop
      vertex 169.203 74.3103 28.1
      vertex 169.247 74.2607 3.51
      vertex 168.786 74.7861 3.51
    endloop
  endfacet
  facet normal -0.997859 0.0654027 0
    outer loop
      vertex -1.49999 69.2 3.51
      vertex -1.46577 69.7221 28.1
      vertex -1.46577 69.7221 3.51
    endloop
  endfacet
  facet normal -0.997859 0.0654027 0
    outer loop
      vertex -1.46577 69.7221 28.1
      vertex -1.49999 69.2 3.51
      vertex -1.49999 69.2 28.1
    endloop
  endfacet
  facet normal 0.997856 -0.0654432 0
    outer loop
      vertex 25.9 69.2 28.11
      vertex 25.9214 69.5263 3.51
      vertex 25.9214 69.5263 28.11
    endloop
  endfacet
  facet normal 0.997856 -0.0654432 0
    outer loop
      vertex 25.9214 69.5263 3.51
      vertex 25.9 69.2 28.11
      vertex 25.9 69.2 3.51
    endloop
  endfacet
  facet normal 1 -0 0
    outer loop
      vertex 25.9 6.40002 28.11
      vertex 25.9 69.2 3.51
      vertex 25.9 69.2 28.11
    endloop
  endfacet
  facet normal 1 0 0
    outer loop
      vertex 25.9 69.2 3.51
      vertex 25.9 6.40002 28.11
      vertex 25.9 6.40002 3.51
    endloop
  endfacet
  facet normal -0.946909 0.321503 -4.854e-06
    outer loop
      vertex -1.05107 71.7742 3.51
      vertex -0.909547 72.1911 8.70786
      vertex -0.911218 72.1861 3.51
    endloop
  endfacet
  facet normal -0.946931 0.321437 1.03491e-06
    outer loop
      vertex -0.909547 72.1911 8.70786
      vertex -1.05107 71.7742 3.51
      vertex -0.932303 72.124 28.1
    endloop
  endfacet
  facet normal 0.831438 -0.555617 0
    outer loop
      vertex 26.2349 70.45 28.11
      vertex 26.4166 70.7219 3.51
      vertex 26.4166 70.7219 28.11
    endloop
  endfacet
  facet normal 0.831438 -0.555617 0
    outer loop
      vertex 26.4166 70.7219 3.51
      vertex 26.2349 70.45 28.11
      vertex 26.2349 70.45 3.51
    endloop
  endfacet
  facet normal -0.947022 0.321169 0
    outer loop
      vertex -0.909547 72.1911 8.70786
      vertex -0.932303 72.124 28.1
      vertex -0.909547 72.1911 28.1
    endloop
  endfacet
  facet normal -0.970142 0.242535 0.00123554
    outer loop
      vertex -1.05112 71.774 3.51
      vertex -0.932303 72.124 28.1
      vertex -1.05107 71.7742 3.51
    endloop
  endfacet
  facet normal -0.946924 0.321459 0
    outer loop
      vertex -0.932303 72.124 28.1
      vertex -1.05112 71.774 3.51
      vertex -1.05112 71.774 28.11
    endloop
  endfacet
  facet normal -0.946924 0.321459 0
    outer loop
      vertex -0.932303 72.124 28.1
      vertex -1.05112 71.774 28.11
      vertex -0.932303 72.124 30.11
    endloop
  endfacet
  facet normal -0.896429 0.443187 0
    outer loop
      vertex 123.365 5.15001 3.51
      vertex 123.51 5.4433 28.11
      vertex 123.51 5.4433 3.51
    endloop
  endfacet
  facet normal -0.896429 0.443187 0
    outer loop
      vertex 123.51 5.4433 28.11
      vertex 123.365 5.15001 3.51
      vertex 123.365 5.15001 28.11
    endloop
  endfacet
  facet normal 0.946611 -0.322379 0
    outer loop
      vertex 170.651 3.82598 28.11
      vertex 170.768 4.16953 3.51
      vertex 170.768 4.16953 28.11
    endloop
  endfacet
  facet normal 0.946611 -0.322379 0
    outer loop
      vertex 170.768 4.16953 3.51
      vertex 170.651 3.82598 28.11
      vertex 170.651 3.82598 3.51
    endloop
  endfacet
  facet normal 0.980796 -0.195036 0
    outer loop
      vertex 170.869 4.54777 28.1
      vertex 170.894 4.67349 3.51
      vertex 170.894 4.67349 28.1
    endloop
  endfacet
  facet normal 0.980796 -0.195036 0
    outer loop
      vertex 170.894 4.67349 3.51
      vertex 170.869 4.54777 28.1
      vertex 170.869 4.54777 3.51
    endloop
  endfacet
  facet normal -0.947041 0.321114 0
    outer loop
      vertex 123.51 5.4433 3.51
      vertex 123.615 5.75297 28.11
      vertex 123.615 5.75297 3.51
    endloop
  endfacet
  facet normal -0.947041 0.321114 0
    outer loop
      vertex 123.615 5.75297 28.11
      vertex 123.51 5.4433 3.51
      vertex 123.51 5.4433 28.11
    endloop
  endfacet
  facet normal 0.98053 -0.19637 0
    outer loop
      vertex 170.962 5.01438 28.11
      vertex 170.907 4.73975 28.11
      vertex 170.962 5.01438 28.1
    endloop
  endfacet
  facet normal 0.980473 -0.196653 0
    outer loop
      vertex 170.962 5.01438 28.1
      vertex 170.993 5.16894 3.51
      vertex 170.993 5.16894 28.1
    endloop
  endfacet
  facet normal 0.98053 -0.19637 0
    outer loop
      vertex 170.907 4.73975 28.1
      vertex 170.962 5.01438 28.1
      vertex 170.907 4.73975 28.11
    endloop
  endfacet
  facet normal 0.98053 -0.19637 1.84834e-06
    outer loop
      vertex 170.962 5.01438 28.1
      vertex 170.907 4.73975 28.1
      vertex 170.993 5.16894 3.51
    endloop
  endfacet
  facet normal 0.981292 -0.192526 0
    outer loop
      vertex 170.894 4.67349 3.51
      vertex 170.907 4.73975 28.1
      vertex 170.894 4.67349 28.1
    endloop
  endfacet
  facet normal 0.980615 -0.195945 9.56942e-06
    outer loop
      vertex 170.907 4.73975 28.1
      vertex 170.894 4.67349 3.51
      vertex 170.993 5.16894 3.51
    endloop
  endfacet
  facet normal -0.442556 -0.896741 0
    outer loop
      vertex 122.157 71.5097 3.51
      vertex 122.45 71.3651 28.11
      vertex 122.157 71.5097 28.11
    endloop
  endfacet
  facet normal -0.442556 -0.896741 -0
    outer loop
      vertex 122.45 71.3651 28.11
      vertex 122.157 71.5097 3.51
      vertex 122.45 71.3651 3.51
    endloop
  endfacet
  facet normal 0.832493 0.554036 0
    outer loop
      vertex 169.865 73.4141 28.11
      vertex 169.711 73.6455 3.51
      vertex 169.711 73.6455 28.11
    endloop
  endfacet
  facet normal 0.832493 0.554036 0
    outer loop
      vertex 169.711 73.6455 3.51
      vertex 169.865 73.4141 28.11
      vertex 169.865 73.4141 3.51
    endloop
  endfacet
  facet normal 0.898444 0.439089 0
    outer loop
      vertex 170.055 73.1234 28.11
      vertex 170.042 73.15 3.51
      vertex 170.042 73.15 28.11
    endloop
  endfacet
  facet normal 0.898444 0.439089 0
    outer loop
      vertex 170.042 73.15 3.51
      vertex 170.055 73.1234 28.11
      vertex 170.055 73.1234 3.51
    endloop
  endfacet
  facet normal -0.555476 -0.831533 0
    outer loop
      vertex 122.45 71.3651 3.51
      vertex 122.722 71.1834 28.11
      vertex 122.45 71.3651 28.11
    endloop
  endfacet
  facet normal -0.555476 -0.831533 -0
    outer loop
      vertex 122.722 71.1834 28.11
      vertex 122.45 71.3651 3.51
      vertex 122.722 71.1834 3.51
    endloop
  endfacet
  facet normal 0.830693 0.556731 0
    outer loop
      vertex 170.042 73.15 28.11
      vertex 169.865 73.4141 3.51
      vertex 169.865 73.4141 28.11
    endloop
  endfacet
  facet normal 0.830693 0.556731 0
    outer loop
      vertex 169.865 73.4141 3.51
      vertex 170.042 73.15 28.11
      vertex 170.042 73.15 3.51
    endloop
  endfacet
  facet normal 0.947411 0.320019 3.25002e-05
    outer loop
      vertex 170.651 71.7742 3.51
      vertex 170.51 72.1911 8.70786
      vertex 170.532 72.124 28.1
    endloop
  endfacet
  facet normal 0.946805 0.321808 -0.000127405
    outer loop
      vertex 170.51 72.1911 8.70786
      vertex 170.651 71.7742 3.51
      vertex 170.511 72.1861 3.51
    endloop
  endfacet
  facet normal 0.95023 0.311551 0
    outer loop
      vertex 170.532 72.124 28.1
      vertex 170.51 72.1911 8.70786
      vertex 170.51 72.1911 28.1
    endloop
  endfacet
  facet normal -0.831014 -0.556251 0
    outer loop
      vertex 123.365 70.45 3.51
      vertex 123.183 70.7219 28.11
      vertex 123.183 70.7219 3.51
    endloop
  endfacet
  facet normal -0.831014 -0.556251 0
    outer loop
      vertex 123.183 70.7219 28.11
      vertex 123.365 70.45 3.51
      vertex 123.365 70.45 28.11
    endloop
  endfacet
  facet normal 0.946773 0.321903 0
    outer loop
      vertex 170.651 71.774 28.11
      vertex 170.532 72.124 28.1
      vertex 170.532 72.124 28.11
    endloop
  endfacet
  facet normal 0.946773 0.321903 -0
    outer loop
      vertex 170.651 71.774 3.51
      vertex 170.532 72.124 28.1
      vertex 170.651 71.774 28.11
    endloop
  endfacet
  facet normal 0.999988 0 0.00483931
    outer loop
      vertex 170.532 72.124 28.1
      vertex 170.651 71.774 3.51
      vertex 170.651 71.7742 3.51
    endloop
  endfacet
  facet normal 1 -0 0
    outer loop
      vertex 3.9 19.83 18.8
      vertex 3.9 55.77 1.5
      vertex 3.9 55.77 18.8
    endloop
  endfacet
  facet normal 1 0 0
    outer loop
      vertex 3.9 55.77 1.5
      vertex 3.9 19.83 18.8
      vertex 3.9 19.83 1.5
    endloop
  endfacet
  facet normal 0 0 -1
    outer loop
      vertex 3.9 19.83 18.8
      vertex 22.9 55.77 18.8
      vertex 22.9 19.83 18.8
    endloop
  endfacet
  facet normal -0 0 -1
    outer loop
      vertex 22.9 55.77 18.8
      vertex 3.9 19.83 18.8
      vertex 3.9 55.77 18.8
    endloop
  endfacet
  facet normal -1 0 0
    outer loop
      vertex 22.9 19.83 1.5
      vertex 22.9 55.77 18.8
      vertex 22.9 55.77 1.5
    endloop
  endfacet
  facet normal -1 -0 0
    outer loop
      vertex 22.9 55.77 18.8
      vertex 22.9 19.83 1.5
      vertex 22.9 19.83 18.8
    endloop
  endfacet
  facet normal -0 0 1
    outer loop
      vertex 126.45 55.4 3.26
      vertex 165.95 53.2 3.26
      vertex 165.95 55.4 3.26
    endloop
  endfacet
  facet normal 0 0 1
    outer loop
      vertex 165.95 53.2 3.26
      vertex 126.45 55.4 3.26
      vertex 126.45 53.2 3.26
    endloop
  endfacet
  facet normal 0 1 0
    outer loop
      vertex 152.2 20.2 4.02
      vertex 165.95 20.2 17.75
      vertex 164.2 20.2 4.02
    endloop
  endfacet
  facet normal 0 1 -0
    outer loop
      vertex 165.95 20.2 3.26
      vertex 164.2 20.2 4.02
      vertex 165.95 20.2 17.75
    endloop
  endfacet
  facet normal 0 1 0
    outer loop
      vertex 165.95 20.2 3.26
      vertex 152.2 20.2 3.52
      vertex 164.2 20.2 3.52
    endloop
  endfacet
  facet normal 0 1 0
    outer loop
      vertex 164.2 20.2 4.02
      vertex 165.95 20.2 3.26
      vertex 164.2 20.2 3.52
    endloop
  endfacet
  facet normal 0 1 0
    outer loop
      vertex 152.2 20.2 3.52
      vertex 165.95 20.2 3.26
      vertex 126.45 20.2 3.26
    endloop
  endfacet
  facet normal 0 1 0
    outer loop
      vertex 152.2 20.2 3.52
      vertex 126.45 20.2 3.26
      vertex 126.45 20.2 3.51
    endloop
  endfacet
  facet normal 0 1 0
    outer loop
      vertex 165.95 20.2 17.75
      vertex 152.2 20.2 4.02
      vertex 125.2 20.2 17.75
    endloop
  endfacet
  facet normal 0 1 0
    outer loop
      vertex 126.45 20.2 3.51
      vertex 152.2 20.2 4.02
      vertex 152.2 20.2 3.52
    endloop
  endfacet
  facet normal 0 1 0
    outer loop
      vertex 152.2 20.2 4.02
      vertex 126.45 20.2 3.51
      vertex 125.2 20.2 17.75
    endloop
  endfacet
  facet normal 0 1 0
    outer loop
      vertex 125.2 20.2 17.75
      vertex 126.45 20.2 3.51
      vertex 125.2 20.2 3.51
    endloop
  endfacet
  facet normal -1 0 0
    outer loop
      vertex 165.95 26.8 3.26
      vertex 165.95 29 17.75
      vertex 165.95 29 3.26
    endloop
  endfacet
  facet normal -1 -0 0
    outer loop
      vertex 165.95 29 17.75
      vertex 165.95 26.8 3.26
      vertex 165.95 26.8 17.75
    endloop
  endfacet
  facet normal -0.0651673 -0.997874 0
    outer loop
      vertex 126.004 29.0128 14.61
      vertex 126.2 29 17.75
      vertex 126.004 29.0128 17.75
    endloop
  endfacet
  facet normal -0.0651673 -0.997874 -0
    outer loop
      vertex 126.2 29 17.75
      vertex 126.004 29.0128 14.61
      vertex 126.2 29 14.61
    endloop
  endfacet
  facet normal -0.997803 -0.0662484 0
    outer loop
      vertex 124.713 30.3042 14.61
      vertex 124.7 30.5 17.75
      vertex 124.7 30.5 14.61
    endloop
  endfacet
  facet normal -0.997803 -0.0662484 0
    outer loop
      vertex 124.7 30.5 17.75
      vertex 124.713 30.3042 14.61
      vertex 124.713 30.3042 17.75
    endloop
  endfacet
  facet normal -0.981049 -0.193762 0
    outer loop
      vertex 124.751 30.1118 14.61
      vertex 124.713 30.3042 17.75
      vertex 124.713 30.3042 14.61
    endloop
  endfacet
  facet normal -0.981049 -0.193762 0
    outer loop
      vertex 124.713 30.3042 17.75
      vertex 124.751 30.1118 14.61
      vertex 124.751 30.1118 17.75
    endloop
  endfacet
  facet normal -0.195625 -0.980679 0
    outer loop
      vertex 125.812 29.0511 14.61
      vertex 126.004 29.0128 17.75
      vertex 125.812 29.0511 17.75
    endloop
  endfacet
  facet normal -0.195625 -0.980679 -0
    outer loop
      vertex 126.004 29.0128 17.75
      vertex 125.812 29.0511 14.61
      vertex 126.004 29.0128 14.61
    endloop
  endfacet
  facet normal -0.442315 -0.89686 0
    outer loop
      vertex 125.45 29.201 14.61
      vertex 125.626 29.1142 17.75
      vertex 125.45 29.201 17.75
    endloop
  endfacet
  facet normal -0.442315 -0.89686 -0
    outer loop
      vertex 125.626 29.1142 17.75
      vertex 125.45 29.201 14.61
      vertex 125.626 29.1142 14.61
    endloop
  endfacet
  facet normal -0.321264 -0.94699 0
    outer loop
      vertex 125.626 29.1142 14.61
      vertex 125.812 29.0511 17.75
      vertex 125.626 29.1142 17.75
    endloop
  endfacet
  facet normal -0.321264 -0.94699 -0
    outer loop
      vertex 125.812 29.0511 17.75
      vertex 125.626 29.1142 14.61
      vertex 125.812 29.0511 14.61
    endloop
  endfacet
  facet normal -0.657928 -0.753081 0
    outer loop
      vertex 125.139 29.4393 14.61
      vertex 125.287 29.31 17.75
      vertex 125.139 29.4393 17.75
    endloop
  endfacet
  facet normal -0.657928 -0.753081 -0
    outer loop
      vertex 125.287 29.31 17.75
      vertex 125.139 29.4393 14.61
      vertex 125.287 29.31 14.61
    endloop
  endfacet
  facet normal -0.555877 -0.831265 0
    outer loop
      vertex 125.287 29.31 14.61
      vertex 125.45 29.201 17.75
      vertex 125.287 29.31 17.75
    endloop
  endfacet
  facet normal -0.555877 -0.831265 -0
    outer loop
      vertex 125.45 29.201 17.75
      vertex 125.287 29.31 14.61
      vertex 125.45 29.201 14.61
    endloop
  endfacet
  facet normal 0 -1 0
    outer loop
      vertex 125.2 29 3.51
      vertex 126.2 29 14.61
      vertex 125.2 29 14.61
    endloop
  endfacet
  facet normal 0 -1 0
    outer loop
      vertex 126.2 29 14.61
      vertex 126.45 29 3.51
      vertex 152.2 29 4.02
    endloop
  endfacet
  facet normal 0 -1 -0
    outer loop
      vertex 152.2 29 4.02
      vertex 126.45 29 3.51
      vertex 152.2 29 3.52
    endloop
  endfacet
  facet normal 0 -1 -0
    outer loop
      vertex 126.2 29 14.61
      vertex 125.2 29 3.51
      vertex 126.45 29 3.51
    endloop
  endfacet
  facet normal 0 -1 0
    outer loop
      vertex 152.2 29 4.02
      vertex 126.2 29 17.75
      vertex 126.2 29 14.61
    endloop
  endfacet
  facet normal 0 -1 0
    outer loop
      vertex 126.2 29 17.75
      vertex 152.2 29 4.02
      vertex 165.95 29 17.75
    endloop
  endfacet
  facet normal 0 -1 0
    outer loop
      vertex 164.2 29 4.02
      vertex 165.95 29 17.75
      vertex 152.2 29 4.02
    endloop
  endfacet
  facet normal 0 -1 0
    outer loop
      vertex 165.95 29 3.26
      vertex 164.2 29 4.02
      vertex 164.2 29 3.52
    endloop
  endfacet
  facet normal 0 -1 0
    outer loop
      vertex 126.45 29 3.26
      vertex 152.2 29 3.52
      vertex 126.45 29 3.51
    endloop
  endfacet
  facet normal 0 -1 0
    outer loop
      vertex 165.95 29 3.26
      vertex 152.2 29 3.52
      vertex 126.45 29 3.26
    endloop
  endfacet
  facet normal 0 -1 0
    outer loop
      vertex 164.2 29 4.02
      vertex 165.95 29 3.26
      vertex 165.95 29 17.75
    endloop
  endfacet
  facet normal 0 -1 0
    outer loop
      vertex 152.2 29 3.52
      vertex 165.95 29 3.26
      vertex 164.2 29 3.52
    endloop
  endfacet
  facet normal -1 0 0
    outer loop
      vertex 124.7 25.3 14.61
      vertex 124.7 25.2109 17.75
      vertex 124.7 25.3 17.75
    endloop
  endfacet
  facet normal -1 0 0
    outer loop
      vertex 124.7 23.9 14.61
      vertex 124.7 25.2109 17.75
      vertex 124.7 25.3 14.61
    endloop
  endfacet
  facet normal -1 -0 0
    outer loop
      vertex 124.7 25.2109 17.75
      vertex 124.7 23.9 14.61
      vertex 124.7 23.9 17.75
    endloop
  endfacet
  facet normal -1 0 0
    outer loop
      vertex 124.7 31.9 14.61
      vertex 124.7 30.5 14.61
      vertex 124.7 31.9 17.75
    endloop
  endfacet
  facet normal -1 0 0
    outer loop
      vertex 124.7 38.5 14.61
      vertex 124.7 37.1 14.61
      vertex 124.7 38.5 17.75
    endloop
  endfacet
  facet normal -1 0 0
    outer loop
      vertex 124.7 45.1 14.61
      vertex 124.7 43.7 14.61
      vertex 124.7 45.1 17.75
    endloop
  endfacet
  facet normal -1 0 0
    outer loop
      vertex 124.7 51.7 14.61
      vertex 124.7 50.389 17.75
      vertex 124.7 51.7 17.75
    endloop
  endfacet
  facet normal -1 0 0
    outer loop
      vertex 124.7 50.3 14.61
      vertex 124.7 50.389 17.75
      vertex 124.7 51.7 14.61
    endloop
  endfacet
  facet normal -1 0 0
    outer loop
      vertex 124.7 50.3 17.75
      vertex 124.7 50.389 17.75
      vertex 124.7 50.3 14.61
    endloop
  endfacet
  facet normal -1 0 0
    outer loop
      vertex 124.7 50.389 17.75
      vertex 124.7 50.3 17.75
      vertex 124.7 50.389 28.11
    endloop
  endfacet
  facet normal -1 0 0
    outer loop
      vertex 124.7 45.1 17.75
      vertex 124.7 50.389 28.11
      vertex 124.7 50.3 17.75
    endloop
  endfacet
  facet normal -1 0 0
    outer loop
      vertex 124.7 43.7 17.75
      vertex 124.7 45.1 17.75
      vertex 124.7 43.7 14.61
    endloop
  endfacet
  facet normal -1 0 0
    outer loop
      vertex 124.7 43.7 17.75
      vertex 124.7 50.389 28.11
      vertex 124.7 45.1 17.75
    endloop
  endfacet
  facet normal -1 0 0
    outer loop
      vertex 124.7 38.5 17.75
      vertex 124.7 50.389 28.11
      vertex 124.7 43.7 17.75
    endloop
  endfacet
  facet normal -1 0 0
    outer loop
      vertex 124.7 37.1 17.75
      vertex 124.7 38.5 17.75
      vertex 124.7 37.1 14.61
    endloop
  endfacet
  facet normal -1 0 0
    outer loop
      vertex 124.7 37.1 17.75
      vertex 124.7 50.389 28.11
      vertex 124.7 38.5 17.75
    endloop
  endfacet
  facet normal -1 0 0
    outer loop
      vertex 124.7 25.2109 28.11
      vertex 124.7 37.1 17.75
      vertex 124.7 31.9 17.75
    endloop
  endfacet
  facet normal -1 0 0
    outer loop
      vertex 124.7 30.5 17.75
      vertex 124.7 31.9 17.75
      vertex 124.7 30.5 14.61
    endloop
  endfacet
  facet normal -1 0 0
    outer loop
      vertex 124.7 25.2109 28.11
      vertex 124.7 31.9 17.75
      vertex 124.7 30.5 17.75
    endloop
  endfacet
  facet normal -1 0 0
    outer loop
      vertex 124.7 25.2109 28.11
      vertex 124.7 30.5 17.75
      vertex 124.7 25.3 17.75
    endloop
  endfacet
  facet normal -1 0 0
    outer loop
      vertex 124.7 25.2109 28.11
      vertex 124.7 25.3 17.75
      vertex 124.7 25.2109 17.75
    endloop
  endfacet
  facet normal -1 0 0
    outer loop
      vertex 124.7 37.1 17.75
      vertex 124.7 25.2109 28.11
      vertex 124.7 50.389 28.11
    endloop
  endfacet
  facet normal -0.94704 -0.321117 0
    outer loop
      vertex 124.814 29.926 14.61
      vertex 124.751 30.1118 17.75
      vertex 124.751 30.1118 14.61
    endloop
  endfacet
  facet normal -0.94704 -0.321117 0
    outer loop
      vertex 124.751 30.1118 17.75
      vertex 124.814 29.926 14.61
      vertex 124.814 29.926 17.75
    endloop
  endfacet
  facet normal -0.896455 -0.443134 0
    outer loop
      vertex 124.901 29.75 14.61
      vertex 124.814 29.926 17.75
      vertex 124.814 29.926 14.61
    endloop
  endfacet
  facet normal -0.896455 -0.443134 0
    outer loop
      vertex 124.814 29.926 17.75
      vertex 124.901 29.75 14.61
      vertex 124.901 29.75 17.75
    endloop
  endfacet
  facet normal -0.752956 -0.658071 0
    outer loop
      vertex 125.139 29.4393 14.61
      vertex 125.01 29.5869 17.75
      vertex 125.01 29.5869 14.61
    endloop
  endfacet
  facet normal -0.752956 -0.658071 0
    outer loop
      vertex 125.01 29.5869 17.75
      vertex 125.139 29.4393 14.61
      vertex 125.139 29.4393 17.75
    endloop
  endfacet
  facet normal -0.831422 -0.555641 0
    outer loop
      vertex 125.01 29.5869 14.61
      vertex 124.901 29.75 17.75
      vertex 124.901 29.75 14.61
    endloop
  endfacet
  facet normal -0.831422 -0.555641 0
    outer loop
      vertex 124.901 29.75 17.75
      vertex 125.01 29.5869 14.61
      vertex 125.01 29.5869 17.75
    endloop
  endfacet
  facet normal 0 0 -1
    outer loop
      vertex 126.2 40 17.75
      vertex 165.95 42.2 17.75
      vertex 165.95 40 17.75
    endloop
  endfacet
  facet normal 0 0 -1
    outer loop
      vertex 126.2 40 17.75
      vertex 126.2 42.2 17.75
      vertex 165.95 42.2 17.75
    endloop
  endfacet
  facet normal 0 0 -1
    outer loop
      vertex 126.004 39.9872 17.75
      vertex 126.2 42.2 17.75
      vertex 126.2 40 17.75
    endloop
  endfacet
  facet normal 0 0 -1
    outer loop
      vertex 126.004 39.9872 17.75
      vertex 126.004 42.2128 17.75
      vertex 126.2 42.2 17.75
    endloop
  endfacet
  facet normal 0 0 -1
    outer loop
      vertex 125.812 39.9489 17.75
      vertex 126.004 42.2128 17.75
      vertex 126.004 39.9872 17.75
    endloop
  endfacet
  facet normal 0 0 -1
    outer loop
      vertex 125.812 39.9489 17.75
      vertex 125.812 42.2511 17.75
      vertex 126.004 42.2128 17.75
    endloop
  endfacet
  facet normal 0 0 -1
    outer loop
      vertex 125.626 39.8858 17.75
      vertex 125.812 42.2511 17.75
      vertex 125.812 39.9489 17.75
    endloop
  endfacet
  facet normal 0 0 -1
    outer loop
      vertex 125.626 39.8858 17.75
      vertex 125.626 42.3142 17.75
      vertex 125.812 42.2511 17.75
    endloop
  endfacet
  facet normal 0 0 -1
    outer loop
      vertex 125.45 39.799 17.75
      vertex 125.626 42.3142 17.75
      vertex 125.626 39.8858 17.75
    endloop
  endfacet
  facet normal 0 0 -1
    outer loop
      vertex 125.45 39.799 17.75
      vertex 125.45 42.401 17.75
      vertex 125.626 42.3142 17.75
    endloop
  endfacet
  facet normal 0 0 -1
    outer loop
      vertex 125.287 39.69 17.75
      vertex 125.45 42.401 17.75
      vertex 125.45 39.799 17.75
    endloop
  endfacet
  facet normal 0 0 -1
    outer loop
      vertex 125.287 39.69 17.75
      vertex 125.287 42.51 17.75
      vertex 125.45 42.401 17.75
    endloop
  endfacet
  facet normal 0 0 -1
    outer loop
      vertex 125.139 39.5607 17.75
      vertex 125.287 42.51 17.75
      vertex 125.287 39.69 17.75
    endloop
  endfacet
  facet normal 0 0 -1
    outer loop
      vertex 125.139 39.5607 17.75
      vertex 125.139 42.6393 17.75
      vertex 125.287 42.51 17.75
    endloop
  endfacet
  facet normal 0 0 -1
    outer loop
      vertex 125.01 39.4131 17.75
      vertex 125.139 42.6393 17.75
      vertex 125.139 39.5607 17.75
    endloop
  endfacet
  facet normal 0 0 -1
    outer loop
      vertex 125.01 39.4131 17.75
      vertex 125.01 42.7869 17.75
      vertex 125.139 42.6393 17.75
    endloop
  endfacet
  facet normal 0 0 -1
    outer loop
      vertex 124.901 39.25 17.75
      vertex 125.01 42.7869 17.75
      vertex 125.01 39.4131 17.75
    endloop
  endfacet
  facet normal 0 0 -1
    outer loop
      vertex 124.901 39.25 17.75
      vertex 124.901 42.95 17.75
      vertex 125.01 42.7869 17.75
    endloop
  endfacet
  facet normal 0 0 -1
    outer loop
      vertex 124.814 39.074 17.75
      vertex 124.901 42.95 17.75
      vertex 124.901 39.25 17.75
    endloop
  endfacet
  facet normal 0 0 -1
    outer loop
      vertex 124.814 39.074 17.75
      vertex 124.814 43.126 17.75
      vertex 124.901 42.95 17.75
    endloop
  endfacet
  facet normal 0 0 -1
    outer loop
      vertex 124.751 38.8882 17.75
      vertex 124.814 43.126 17.75
      vertex 124.814 39.074 17.75
    endloop
  endfacet
  facet normal 0 0 -1
    outer loop
      vertex 124.751 38.8882 17.75
      vertex 124.751 43.3118 17.75
      vertex 124.814 43.126 17.75
    endloop
  endfacet
  facet normal 0 0 -1
    outer loop
      vertex 124.713 38.6958 17.75
      vertex 124.751 43.3118 17.75
      vertex 124.751 38.8882 17.75
    endloop
  endfacet
  facet normal 0 0 -1
    outer loop
      vertex 124.713 38.6958 17.75
      vertex 124.713 43.5042 17.75
      vertex 124.751 43.3118 17.75
    endloop
  endfacet
  facet normal 0 0 -1
    outer loop
      vertex 124.7 38.5 17.75
      vertex 124.713 43.5042 17.75
      vertex 124.713 38.6958 17.75
    endloop
  endfacet
  facet normal -0 0 -1
    outer loop
      vertex 124.713 43.5042 17.75
      vertex 124.7 38.5 17.75
      vertex 124.7 43.7 17.75
    endloop
  endfacet
  facet normal 0 0 -1
    outer loop
      vertex 126.2 33.4 17.75
      vertex 165.95 35.6 17.75
      vertex 165.95 33.4 17.75
    endloop
  endfacet
  facet normal 0 0 -1
    outer loop
      vertex 126.2 33.4 17.75
      vertex 126.2 35.6 17.75
      vertex 165.95 35.6 17.75
    endloop
  endfacet
  facet normal 0 0 -1
    outer loop
      vertex 126.004 33.3872 17.75
      vertex 126.2 35.6 17.75
      vertex 126.2 33.4 17.75
    endloop
  endfacet
  facet normal 0 0 -1
    outer loop
      vertex 126.004 33.3872 17.75
      vertex 126.004 35.6128 17.75
      vertex 126.2 35.6 17.75
    endloop
  endfacet
  facet normal 0 0 -1
    outer loop
      vertex 125.812 33.3489 17.75
      vertex 126.004 35.6128 17.75
      vertex 126.004 33.3872 17.75
    endloop
  endfacet
  facet normal 0 0 -1
    outer loop
      vertex 125.812 33.3489 17.75
      vertex 125.812 35.6511 17.75
      vertex 126.004 35.6128 17.75
    endloop
  endfacet
  facet normal 0 0 -1
    outer loop
      vertex 125.626 33.2858 17.75
      vertex 125.812 35.6511 17.75
      vertex 125.812 33.3489 17.75
    endloop
  endfacet
  facet normal 0 0 -1
    outer loop
      vertex 125.626 33.2858 17.75
      vertex 125.626 35.7142 17.75
      vertex 125.812 35.6511 17.75
    endloop
  endfacet
  facet normal 0 0 -1
    outer loop
      vertex 125.45 33.199 17.75
      vertex 125.626 35.7142 17.75
      vertex 125.626 33.2858 17.75
    endloop
  endfacet
  facet normal 0 0 -1
    outer loop
      vertex 125.45 33.199 17.75
      vertex 125.45 35.801 17.75
      vertex 125.626 35.7142 17.75
    endloop
  endfacet
  facet normal 0 0 -1
    outer loop
      vertex 125.287 33.09 17.75
      vertex 125.45 35.801 17.75
      vertex 125.45 33.199 17.75
    endloop
  endfacet
  facet normal 0 0 -1
    outer loop
      vertex 125.287 33.09 17.75
      vertex 125.287 35.91 17.75
      vertex 125.45 35.801 17.75
    endloop
  endfacet
  facet normal 0 0 -1
    outer loop
      vertex 125.139 32.9607 17.75
      vertex 125.287 35.91 17.75
      vertex 125.287 33.09 17.75
    endloop
  endfacet
  facet normal 0 0 -1
    outer loop
      vertex 125.139 32.9607 17.75
      vertex 125.139 36.0393 17.75
      vertex 125.287 35.91 17.75
    endloop
  endfacet
  facet normal 0 0 -1
    outer loop
      vertex 125.01 32.8131 17.75
      vertex 125.139 36.0393 17.75
      vertex 125.139 32.9607 17.75
    endloop
  endfacet
  facet normal 0 0 -1
    outer loop
      vertex 125.01 32.8131 17.75
      vertex 125.01 36.1869 17.75
      vertex 125.139 36.0393 17.75
    endloop
  endfacet
  facet normal 0 0 -1
    outer loop
      vertex 124.901 32.65 17.75
      vertex 125.01 36.1869 17.75
      vertex 125.01 32.8131 17.75
    endloop
  endfacet
  facet normal 0 0 -1
    outer loop
      vertex 124.901 32.65 17.75
      vertex 124.901 36.35 17.75
      vertex 125.01 36.1869 17.75
    endloop
  endfacet
  facet normal 0 0 -1
    outer loop
      vertex 124.814 32.474 17.75
      vertex 124.901 36.35 17.75
      vertex 124.901 32.65 17.75
    endloop
  endfacet
  facet normal 0 0 -1
    outer loop
      vertex 124.814 32.474 17.75
      vertex 124.814 36.526 17.75
      vertex 124.901 36.35 17.75
    endloop
  endfacet
  facet normal 0 0 -1
    outer loop
      vertex 124.751 32.2882 17.75
      vertex 124.814 36.526 17.75
      vertex 124.814 32.474 17.75
    endloop
  endfacet
  facet normal 0 0 -1
    outer loop
      vertex 124.751 32.2882 17.75
      vertex 124.751 36.7118 17.75
      vertex 124.814 36.526 17.75
    endloop
  endfacet
  facet normal 0 0 -1
    outer loop
      vertex 124.713 32.0958 17.75
      vertex 124.751 36.7118 17.75
      vertex 124.751 32.2882 17.75
    endloop
  endfacet
  facet normal 0 0 -1
    outer loop
      vertex 124.713 32.0958 17.75
      vertex 124.713 36.9042 17.75
      vertex 124.751 36.7118 17.75
    endloop
  endfacet
  facet normal 0 0 -1
    outer loop
      vertex 124.7 31.9 17.75
      vertex 124.713 36.9042 17.75
      vertex 124.713 32.0958 17.75
    endloop
  endfacet
  facet normal -0 0 -1
    outer loop
      vertex 124.713 36.9042 17.75
      vertex 124.7 31.9 17.75
      vertex 124.7 37.1 17.75
    endloop
  endfacet
  facet normal 0 0 -1
    outer loop
      vertex 165.95 20.2 17.75
      vertex 126.2 22.4 17.75
      vertex 165.95 22.4 17.75
    endloop
  endfacet
  facet normal 0 0 -1
    outer loop
      vertex 125.2 20.2 17.75
      vertex 126.2 22.4 17.75
      vertex 165.95 20.2 17.75
    endloop
  endfacet
  facet normal 0 0 -1
    outer loop
      vertex 125.2 20.2 17.75
      vertex 126.004 22.4128 17.75
      vertex 126.2 22.4 17.75
    endloop
  endfacet
  facet normal 0 0 -1
    outer loop
      vertex 125.2 20.2 17.75
      vertex 125.812 22.4511 17.75
      vertex 126.004 22.4128 17.75
    endloop
  endfacet
  facet normal 0 0 -1
    outer loop
      vertex 125.2 20.2 17.75
      vertex 125.626 22.5142 17.75
      vertex 125.812 22.4511 17.75
    endloop
  endfacet
  facet normal 0 0 -1
    outer loop
      vertex 125.004 20.1872 17.75
      vertex 125.626 22.5142 17.75
      vertex 125.2 20.2 17.75
    endloop
  endfacet
  facet normal -0 0 -1
    outer loop
      vertex 125.626 22.5142 17.75
      vertex 125.004 20.1872 17.75
      vertex 125.45 22.601 17.75
    endloop
  endfacet
  facet normal 0 0 -1
    outer loop
      vertex 124.812 20.1489 17.75
      vertex 125.45 22.601 17.75
      vertex 125.004 20.1872 17.75
    endloop
  endfacet
  facet normal -0 0 -1
    outer loop
      vertex 125.45 22.601 17.75
      vertex 124.812 20.1489 17.75
      vertex 125.287 22.71 17.75
    endloop
  endfacet
  facet normal 0 0 -1
    outer loop
      vertex 124.626 20.0858 17.75
      vertex 125.287 22.71 17.75
      vertex 124.812 20.1489 17.75
    endloop
  endfacet
  facet normal -0 0 -1
    outer loop
      vertex 125.287 22.71 17.75
      vertex 124.626 20.0858 17.75
      vertex 125.139 22.8393 17.75
    endloop
  endfacet
  facet normal 0 0 -1
    outer loop
      vertex 124.45 19.999 17.75
      vertex 125.139 22.8393 17.75
      vertex 124.626 20.0858 17.75
    endloop
  endfacet
  facet normal -0 0 -1
    outer loop
      vertex 125.139 22.8393 17.75
      vertex 124.45 19.999 17.75
      vertex 125.01 22.9869 17.75
    endloop
  endfacet
  facet normal 0 0 -1
    outer loop
      vertex 123.7 23.8 17.75
      vertex 125.01 22.9869 17.75
      vertex 124.45 19.999 17.75
    endloop
  endfacet
  facet normal 0 0 -1
    outer loop
      vertex 125.01 22.9869 17.75
      vertex 123.7 23.8 17.75
      vertex 124.901 23.15 17.75
    endloop
  endfacet
  facet normal 0 0 -1
    outer loop
      vertex 124.814 23.326 17.75
      vertex 123.7 23.8 17.75
      vertex 124.751 23.5118 17.75
    endloop
  endfacet
  facet normal 0 0 -1
    outer loop
      vertex 124.751 23.5118 17.75
      vertex 123.7 23.8 17.75
      vertex 124.713 23.7042 17.75
    endloop
  endfacet
  facet normal 0 0 -1
    outer loop
      vertex 124.713 23.7042 17.75
      vertex 123.7 23.8 17.75
      vertex 124.7 23.9 17.75
    endloop
  endfacet
  facet normal 0 -0 -1
    outer loop
      vertex 123.713 23.9958 17.75
      vertex 124.7 23.9 17.75
      vertex 123.7 23.8 17.75
    endloop
  endfacet
  facet normal 0 0 -1
    outer loop
      vertex 124.901 23.15 17.75
      vertex 123.7 23.8 17.75
      vertex 124.814 23.326 17.75
    endloop
  endfacet
  facet normal 0 -0 -1
    outer loop
      vertex 124.626 25.1858 17.75
      vertex 124.7 23.9 17.75
      vertex 124.45 25.099 17.75
    endloop
  endfacet
  facet normal 0 0 -1
    outer loop
      vertex 123.7 23.8 17.75
      vertex 124.45 19.999 17.75
      vertex 124.287 19.89 17.75
    endloop
  endfacet
  facet normal 0 0 -1
    outer loop
      vertex 124.7 23.9 17.75
      vertex 124.626 25.1858 17.75
      vertex 124.7 25.2109 17.75
    endloop
  endfacet
  facet normal 0 0 -1
    outer loop
      vertex 123.7 23.8 17.75
      vertex 124.287 19.89 17.75
      vertex 124.139 19.7607 17.75
    endloop
  endfacet
  facet normal 0 0 -1
    outer loop
      vertex 124.7 23.9 17.75
      vertex 124.287 24.99 17.75
      vertex 124.45 25.099 17.75
    endloop
  endfacet
  facet normal 0 0 -1
    outer loop
      vertex 123.7 23.8 17.75
      vertex 124.139 19.7607 17.75
      vertex 124.01 19.6131 17.75
    endloop
  endfacet
  facet normal 0 0 -1
    outer loop
      vertex 124.7 23.9 17.75
      vertex 124.139 24.8607 17.75
      vertex 124.287 24.99 17.75
    endloop
  endfacet
  facet normal 0 0 -1
    outer loop
      vertex 123.7 23.8 17.75
      vertex 124.01 19.6131 17.75
      vertex 123.901 19.45 17.75
    endloop
  endfacet
  facet normal 0 0 -1
    outer loop
      vertex 124.7 23.9 17.75
      vertex 124.01 24.7131 17.75
      vertex 124.139 24.8607 17.75
    endloop
  endfacet
  facet normal 0 0 -1
    outer loop
      vertex 123.7 23.8 17.75
      vertex 123.901 19.45 17.75
      vertex 123.814 19.274 17.75
    endloop
  endfacet
  facet normal 0 0 -1
    outer loop
      vertex 124.7 23.9 17.75
      vertex 123.901 24.55 17.75
      vertex 124.01 24.7131 17.75
    endloop
  endfacet
  facet normal 0 0 -1
    outer loop
      vertex 123.7 23.8 17.75
      vertex 123.814 19.274 17.75
      vertex 123.751 19.0882 17.75
    endloop
  endfacet
  facet normal 0 0 -1
    outer loop
      vertex 124.7 23.9 17.75
      vertex 123.814 24.374 17.75
      vertex 123.901 24.55 17.75
    endloop
  endfacet
  facet normal 0 0 -1
    outer loop
      vertex 123.7 23.8 17.75
      vertex 123.751 19.0882 17.75
      vertex 123.713 18.8958 17.75
    endloop
  endfacet
  facet normal 0 0 -1
    outer loop
      vertex 124.7 23.9 17.75
      vertex 123.751 24.1882 17.75
      vertex 123.814 24.374 17.75
    endloop
  endfacet
  facet normal 0 0 -1
    outer loop
      vertex 123.7 23.8 17.75
      vertex 123.713 18.8958 17.75
      vertex 123.7 18.7 17.75
    endloop
  endfacet
  facet normal 0 0 -1
    outer loop
      vertex 124.7 23.9 17.75
      vertex 123.713 23.9958 17.75
      vertex 123.751 24.1882 17.75
    endloop
  endfacet
  facet normal 0 0 -1
    outer loop
      vertex 126.2 26.8 17.75
      vertex 165.95 29 17.75
      vertex 165.95 26.8 17.75
    endloop
  endfacet
  facet normal 0 0 -1
    outer loop
      vertex 126.2 26.8 17.75
      vertex 126.2 29 17.75
      vertex 165.95 29 17.75
    endloop
  endfacet
  facet normal 0 0 -1
    outer loop
      vertex 126.004 26.7872 17.75
      vertex 126.2 29 17.75
      vertex 126.2 26.8 17.75
    endloop
  endfacet
  facet normal 0 0 -1
    outer loop
      vertex 126.004 26.7872 17.75
      vertex 126.004 29.0128 17.75
      vertex 126.2 29 17.75
    endloop
  endfacet
  facet normal 0 0 -1
    outer loop
      vertex 125.812 26.7489 17.75
      vertex 126.004 29.0128 17.75
      vertex 126.004 26.7872 17.75
    endloop
  endfacet
  facet normal 0 0 -1
    outer loop
      vertex 125.812 26.7489 17.75
      vertex 125.812 29.0511 17.75
      vertex 126.004 29.0128 17.75
    endloop
  endfacet
  facet normal 0 0 -1
    outer loop
      vertex 125.626 26.6858 17.75
      vertex 125.812 29.0511 17.75
      vertex 125.812 26.7489 17.75
    endloop
  endfacet
  facet normal 0 0 -1
    outer loop
      vertex 125.626 26.6858 17.75
      vertex 125.626 29.1142 17.75
      vertex 125.812 29.0511 17.75
    endloop
  endfacet
  facet normal 0 0 -1
    outer loop
      vertex 125.45 26.599 17.75
      vertex 125.626 29.1142 17.75
      vertex 125.626 26.6858 17.75
    endloop
  endfacet
  facet normal 0 0 -1
    outer loop
      vertex 125.45 26.599 17.75
      vertex 125.45 29.201 17.75
      vertex 125.626 29.1142 17.75
    endloop
  endfacet
  facet normal 0 0 -1
    outer loop
      vertex 125.287 26.49 17.75
      vertex 125.45 29.201 17.75
      vertex 125.45 26.599 17.75
    endloop
  endfacet
  facet normal 0 0 -1
    outer loop
      vertex 125.287 26.49 17.75
      vertex 125.287 29.31 17.75
      vertex 125.45 29.201 17.75
    endloop
  endfacet
  facet normal 0 0 -1
    outer loop
      vertex 125.139 26.3607 17.75
      vertex 125.287 29.31 17.75
      vertex 125.287 26.49 17.75
    endloop
  endfacet
  facet normal 0 0 -1
    outer loop
      vertex 125.139 26.3607 17.75
      vertex 125.139 29.4393 17.75
      vertex 125.287 29.31 17.75
    endloop
  endfacet
  facet normal 0 0 -1
    outer loop
      vertex 125.01 26.2131 17.75
      vertex 125.139 29.4393 17.75
      vertex 125.139 26.3607 17.75
    endloop
  endfacet
  facet normal 0 0 -1
    outer loop
      vertex 125.01 26.2131 17.75
      vertex 125.01 29.5869 17.75
      vertex 125.139 29.4393 17.75
    endloop
  endfacet
  facet normal 0 0 -1
    outer loop
      vertex 124.901 26.05 17.75
      vertex 125.01 29.5869 17.75
      vertex 125.01 26.2131 17.75
    endloop
  endfacet
  facet normal 0 0 -1
    outer loop
      vertex 124.901 26.05 17.75
      vertex 124.901 29.75 17.75
      vertex 125.01 29.5869 17.75
    endloop
  endfacet
  facet normal 0 0 -1
    outer loop
      vertex 124.814 25.874 17.75
      vertex 124.901 29.75 17.75
      vertex 124.901 26.05 17.75
    endloop
  endfacet
  facet normal 0 0 -1
    outer loop
      vertex 124.814 25.874 17.75
      vertex 124.814 29.926 17.75
      vertex 124.901 29.75 17.75
    endloop
  endfacet
  facet normal 0 0 -1
    outer loop
      vertex 124.751 25.6882 17.75
      vertex 124.814 29.926 17.75
      vertex 124.814 25.874 17.75
    endloop
  endfacet
  facet normal 0 0 -1
    outer loop
      vertex 124.751 25.6882 17.75
      vertex 124.751 30.1118 17.75
      vertex 124.814 29.926 17.75
    endloop
  endfacet
  facet normal 0 0 -1
    outer loop
      vertex 124.713 25.4958 17.75
      vertex 124.751 30.1118 17.75
      vertex 124.751 25.6882 17.75
    endloop
  endfacet
  facet normal 0 0 -1
    outer loop
      vertex 124.713 25.4958 17.75
      vertex 124.713 30.3042 17.75
      vertex 124.751 30.1118 17.75
    endloop
  endfacet
  facet normal 0 0 -1
    outer loop
      vertex 124.7 25.3 17.75
      vertex 124.713 30.3042 17.75
      vertex 124.713 25.4958 17.75
    endloop
  endfacet
  facet normal -0 0 -1
    outer loop
      vertex 124.713 30.3042 17.75
      vertex 124.7 25.3 17.75
      vertex 124.7 30.5 17.75
    endloop
  endfacet
  facet normal -0.0651673 0.997874 0
    outer loop
      vertex 126.2 33.4 14.61
      vertex 126.004 33.3872 17.75
      vertex 126.2 33.4 17.75
    endloop
  endfacet
  facet normal -0.0651673 0.997874 0
    outer loop
      vertex 126.004 33.3872 17.75
      vertex 126.2 33.4 14.61
      vertex 126.004 33.3872 14.61
    endloop
  endfacet
  facet normal -0.195625 0.980679 0
    outer loop
      vertex 126.004 33.3872 14.61
      vertex 125.812 33.3489 17.75
      vertex 126.004 33.3872 17.75
    endloop
  endfacet
  facet normal -0.195625 0.980679 0
    outer loop
      vertex 125.812 33.3489 17.75
      vertex 126.004 33.3872 14.61
      vertex 125.812 33.3489 14.61
    endloop
  endfacet
  facet normal 0 1 -0
    outer loop
      vertex 152.2 33.4 4.02
      vertex 126.2 33.4 17.75
      vertex 165.95 33.4 17.75
    endloop
  endfacet
  facet normal 0 1 0
    outer loop
      vertex 126.2 33.4 17.75
      vertex 152.2 33.4 4.02
      vertex 126.2 33.4 14.61
    endloop
  endfacet
  facet normal 0 1 0
    outer loop
      vertex 152.2 33.4 4.02
      vertex 165.95 33.4 17.75
      vertex 164.2 33.4 4.02
    endloop
  endfacet
  facet normal 0 1 -0
    outer loop
      vertex 165.95 33.4 3.26
      vertex 164.2 33.4 4.02
      vertex 165.95 33.4 17.75
    endloop
  endfacet
  facet normal 0 1 0
    outer loop
      vertex 165.95 33.4 3.26
      vertex 152.2 33.4 3.52
      vertex 164.2 33.4 3.52
    endloop
  endfacet
  facet normal 0 1 0
    outer loop
      vertex 164.2 33.4 4.02
      vertex 165.95 33.4 3.26
      vertex 164.2 33.4 3.52
    endloop
  endfacet
  facet normal 0 1 0
    outer loop
      vertex 152.2 33.4 3.52
      vertex 165.95 33.4 3.26
      vertex 126.45 33.4 3.26
    endloop
  endfacet
  facet normal 0 1 0
    outer loop
      vertex 152.2 33.4 3.52
      vertex 126.45 33.4 3.26
      vertex 126.45 33.4 3.51
    endloop
  endfacet
  facet normal 0 1 -0
    outer loop
      vertex 126.45 33.4 3.51
      vertex 126.2 33.4 14.61
      vertex 152.2 33.4 4.02
    endloop
  endfacet
  facet normal 0 1 0
    outer loop
      vertex 126.45 33.4 3.51
      vertex 152.2 33.4 4.02
      vertex 152.2 33.4 3.52
    endloop
  endfacet
  facet normal 0 1 0
    outer loop
      vertex 125.2 33.4 3.51
      vertex 126.2 33.4 14.61
      vertex 126.45 33.4 3.51
    endloop
  endfacet
  facet normal 0 1 0
    outer loop
      vertex 126.2 33.4 14.61
      vertex 125.2 33.4 3.51
      vertex 125.2 33.4 14.61
    endloop
  endfacet
  facet normal -0.981049 0.193762 0
    outer loop
      vertex 124.713 32.0958 14.61
      vertex 124.751 32.2882 17.75
      vertex 124.751 32.2882 14.61
    endloop
  endfacet
  facet normal -0.981049 0.193762 0
    outer loop
      vertex 124.751 32.2882 17.75
      vertex 124.713 32.0958 14.61
      vertex 124.713 32.0958 17.75
    endloop
  endfacet
  facet normal -0.831422 0.555641 0
    outer loop
      vertex 124.901 32.65 14.61
      vertex 125.01 32.8131 17.75
      vertex 125.01 32.8131 14.61
    endloop
  endfacet
  facet normal -0.831422 0.555641 0
    outer loop
      vertex 125.01 32.8131 17.75
      vertex 124.901 32.65 14.61
      vertex 124.901 32.65 17.75
    endloop
  endfacet
  facet normal -0.752956 0.658071 0
    outer loop
      vertex 125.01 32.8131 14.61
      vertex 125.139 32.9607 17.75
      vertex 125.139 32.9607 14.61
    endloop
  endfacet
  facet normal -0.752956 0.658071 0
    outer loop
      vertex 125.139 32.9607 17.75
      vertex 125.01 32.8131 14.61
      vertex 125.01 32.8131 17.75
    endloop
  endfacet
  facet normal -0.657928 0.753081 0
    outer loop
      vertex 125.287 33.09 14.61
      vertex 125.139 32.9607 17.75
      vertex 125.287 33.09 17.75
    endloop
  endfacet
  facet normal -0.657928 0.753081 0
    outer loop
      vertex 125.139 32.9607 17.75
      vertex 125.287 33.09 14.61
      vertex 125.139 32.9607 14.61
    endloop
  endfacet
  facet normal -0.997803 0.0662484 0
    outer loop
      vertex 124.7 31.9 14.61
      vertex 124.713 32.0958 17.75
      vertex 124.713 32.0958 14.61
    endloop
  endfacet
  facet normal -0.997803 0.0662484 0
    outer loop
      vertex 124.713 32.0958 17.75
      vertex 124.7 31.9 14.61
      vertex 124.7 31.9 17.75
    endloop
  endfacet
  facet normal -0.555877 0.831265 0
    outer loop
      vertex 125.45 33.199 14.61
      vertex 125.287 33.09 17.75
      vertex 125.45 33.199 17.75
    endloop
  endfacet
  facet normal -0.555877 0.831265 0
    outer loop
      vertex 125.287 33.09 17.75
      vertex 125.45 33.199 14.61
      vertex 125.287 33.09 14.61
    endloop
  endfacet
  facet normal -0.321264 0.94699 0
    outer loop
      vertex 125.812 33.3489 14.61
      vertex 125.626 33.2858 17.75
      vertex 125.812 33.3489 17.75
    endloop
  endfacet
  facet normal -0.321264 0.94699 0
    outer loop
      vertex 125.626 33.2858 17.75
      vertex 125.812 33.3489 14.61
      vertex 125.626 33.2858 14.61
    endloop
  endfacet
  facet normal -0.94704 0.321117 0
    outer loop
      vertex 124.751 32.2882 14.61
      vertex 124.814 32.474 17.75
      vertex 124.814 32.474 14.61
    endloop
  endfacet
  facet normal -0.94704 0.321117 0
    outer loop
      vertex 124.814 32.474 17.75
      vertex 124.751 32.2882 14.61
      vertex 124.751 32.2882 17.75
    endloop
  endfacet
  facet normal -0.896455 0.443134 0
    outer loop
      vertex 124.814 32.474 14.61
      vertex 124.901 32.65 17.75
      vertex 124.901 32.65 14.61
    endloop
  endfacet
  facet normal -0.896455 0.443134 0
    outer loop
      vertex 124.901 32.65 17.75
      vertex 124.814 32.474 14.61
      vertex 124.814 32.474 17.75
    endloop
  endfacet
  facet normal -0.442315 0.89686 0
    outer loop
      vertex 125.626 33.2858 14.61
      vertex 125.45 33.199 17.75
      vertex 125.626 33.2858 17.75
    endloop
  endfacet
  facet normal -0.442315 0.89686 0
    outer loop
      vertex 125.45 33.199 17.75
      vertex 125.626 33.2858 14.61
      vertex 125.45 33.199 14.61
    endloop
  endfacet
  facet normal -0 0 1
    outer loop
      vertex 126.45 29 3.26
      vertex 165.95 26.8 3.26
      vertex 165.95 29 3.26
    endloop
  endfacet
  facet normal 0 0 1
    outer loop
      vertex 165.95 26.8 3.26
      vertex 126.45 29 3.26
      vertex 126.45 26.8 3.26
    endloop
  endfacet
  facet normal -0 0 1
    outer loop
      vertex 126.45 35.6 3.26
      vertex 165.95 33.4 3.26
      vertex 165.95 35.6 3.26
    endloop
  endfacet
  facet normal 0 0 1
    outer loop
      vertex 165.95 33.4 3.26
      vertex 126.45 35.6 3.26
      vertex 126.45 33.4 3.26
    endloop
  endfacet
  facet normal 0 1 -0
    outer loop
      vertex 152.2 26.8 4.02
      vertex 126.2 26.8 17.75
      vertex 165.95 26.8 17.75
    endloop
  endfacet
  facet normal 0 1 0
    outer loop
      vertex 126.2 26.8 17.75
      vertex 152.2 26.8 4.02
      vertex 126.2 26.8 14.61
    endloop
  endfacet
  facet normal 0 1 0
    outer loop
      vertex 152.2 26.8 4.02
      vertex 165.95 26.8 17.75
      vertex 164.2 26.8 4.02
    endloop
  endfacet
  facet normal 0 1 -0
    outer loop
      vertex 165.95 26.8 3.26
      vertex 164.2 26.8 4.02
      vertex 165.95 26.8 17.75
    endloop
  endfacet
  facet normal 0 1 0
    outer loop
      vertex 165.95 26.8 3.26
      vertex 152.2 26.8 3.52
      vertex 164.2 26.8 3.52
    endloop
  endfacet
  facet normal 0 1 0
    outer loop
      vertex 164.2 26.8 4.02
      vertex 165.95 26.8 3.26
      vertex 164.2 26.8 3.52
    endloop
  endfacet
  facet normal 0 1 0
    outer loop
      vertex 152.2 26.8 3.52
      vertex 165.95 26.8 3.26
      vertex 126.45 26.8 3.26
    endloop
  endfacet
  facet normal 0 1 0
    outer loop
      vertex 152.2 26.8 3.52
      vertex 126.45 26.8 3.26
      vertex 126.45 26.8 3.51
    endloop
  endfacet
  facet normal 0 1 -0
    outer loop
      vertex 126.45 26.8 3.51
      vertex 126.2 26.8 14.61
      vertex 152.2 26.8 4.02
    endloop
  endfacet
  facet normal 0 1 0
    outer loop
      vertex 126.45 26.8 3.51
      vertex 152.2 26.8 4.02
      vertex 152.2 26.8 3.52
    endloop
  endfacet
  facet normal 0 1 0
    outer loop
      vertex 125.2 26.8 3.51
      vertex 126.2 26.8 14.61
      vertex 126.45 26.8 3.51
    endloop
  endfacet
  facet normal 0 1 0
    outer loop
      vertex 126.2 26.8 14.61
      vertex 125.2 26.8 3.51
      vertex 125.2 26.8 14.61
    endloop
  endfacet
  facet normal 0 -1 0
    outer loop
      vertex 125.2 22.4 3.51
      vertex 126.2 22.4 14.61
      vertex 125.2 22.4 14.61
    endloop
  endfacet
  facet normal 0 -1 0
    outer loop
      vertex 126.2 22.4 14.61
      vertex 126.45 22.4 3.51
      vertex 152.2 22.4 4.02
    endloop
  endfacet
  facet normal 0 -1 -0
    outer loop
      vertex 152.2 22.4 4.02
      vertex 126.45 22.4 3.51
      vertex 152.2 22.4 3.52
    endloop
  endfacet
  facet normal 0 -1 -0
    outer loop
      vertex 126.2 22.4 14.61
      vertex 125.2 22.4 3.51
      vertex 126.45 22.4 3.51
    endloop
  endfacet
  facet normal 0 -1 0
    outer loop
      vertex 152.2 22.4 4.02
      vertex 126.2 22.4 17.75
      vertex 126.2 22.4 14.61
    endloop
  endfacet
  facet normal 0 -1 0
    outer loop
      vertex 126.2 22.4 17.75
      vertex 152.2 22.4 4.02
      vertex 165.95 22.4 17.75
    endloop
  endfacet
  facet normal 0 -1 0
    outer loop
      vertex 164.2 22.4 4.02
      vertex 165.95 22.4 17.75
      vertex 152.2 22.4 4.02
    endloop
  endfacet
  facet normal 0 -1 0
    outer loop
      vertex 165.95 22.4 3.26
      vertex 164.2 22.4 4.02
      vertex 164.2 22.4 3.52
    endloop
  endfacet
  facet normal 0 -1 0
    outer loop
      vertex 126.45 22.4 3.26
      vertex 152.2 22.4 3.52
      vertex 126.45 22.4 3.51
    endloop
  endfacet
  facet normal 0 -1 0
    outer loop
      vertex 165.95 22.4 3.26
      vertex 152.2 22.4 3.52
      vertex 126.45 22.4 3.26
    endloop
  endfacet
  facet normal 0 -1 0
    outer loop
      vertex 164.2 22.4 4.02
      vertex 165.95 22.4 3.26
      vertex 165.95 22.4 17.75
    endloop
  endfacet
  facet normal 0 -1 0
    outer loop
      vertex 152.2 22.4 3.52
      vertex 165.95 22.4 3.26
      vertex 164.2 22.4 3.52
    endloop
  endfacet
  facet normal -0.657928 0.753081 0
    outer loop
      vertex 125.287 26.49 14.61
      vertex 125.139 26.3607 17.75
      vertex 125.287 26.49 17.75
    endloop
  endfacet
  facet normal -0.657928 0.753081 0
    outer loop
      vertex 125.139 26.3607 17.75
      vertex 125.287 26.49 14.61
      vertex 125.139 26.3607 14.61
    endloop
  endfacet
  facet normal -0.0651673 -0.997874 0
    outer loop
      vertex 126.004 22.4128 14.61
      vertex 126.2 22.4 17.75
      vertex 126.004 22.4128 17.75
    endloop
  endfacet
  facet normal -0.0651673 -0.997874 -0
    outer loop
      vertex 126.2 22.4 17.75
      vertex 126.004 22.4128 14.61
      vertex 126.2 22.4 14.61
    endloop
  endfacet
  facet normal -0.94704 -0.321117 0
    outer loop
      vertex 124.814 23.326 14.61
      vertex 124.751 23.5118 17.75
      vertex 124.751 23.5118 14.61
    endloop
  endfacet
  facet normal -0.94704 -0.321117 0
    outer loop
      vertex 124.751 23.5118 17.75
      vertex 124.814 23.326 14.61
      vertex 124.814 23.326 17.75
    endloop
  endfacet
  facet normal -0.94704 0.321117 0
    outer loop
      vertex 124.751 25.6882 14.61
      vertex 124.814 25.874 17.75
      vertex 124.814 25.874 14.61
    endloop
  endfacet
  facet normal -0.94704 0.321117 0
    outer loop
      vertex 124.814 25.874 17.75
      vertex 124.751 25.6882 14.61
      vertex 124.751 25.6882 17.75
    endloop
  endfacet
  facet normal -0.997803 -0.0662484 0
    outer loop
      vertex 124.713 23.7042 14.61
      vertex 124.7 23.9 17.75
      vertex 124.7 23.9 14.61
    endloop
  endfacet
  facet normal -0.997803 -0.0662484 0
    outer loop
      vertex 124.7 23.9 17.75
      vertex 124.713 23.7042 14.61
      vertex 124.713 23.7042 17.75
    endloop
  endfacet
  facet normal -0.321264 0.94699 0
    outer loop
      vertex 125.812 26.7489 14.61
      vertex 125.626 26.6858 17.75
      vertex 125.812 26.7489 17.75
    endloop
  endfacet
  facet normal -0.321264 0.94699 0
    outer loop
      vertex 125.626 26.6858 17.75
      vertex 125.812 26.7489 14.61
      vertex 125.626 26.6858 14.61
    endloop
  endfacet
  facet normal -0.195625 -0.980679 0
    outer loop
      vertex 125.812 22.4511 14.61
      vertex 126.004 22.4128 17.75
      vertex 125.812 22.4511 17.75
    endloop
  endfacet
  facet normal -0.195625 -0.980679 -0
    outer loop
      vertex 126.004 22.4128 17.75
      vertex 125.812 22.4511 14.61
      vertex 126.004 22.4128 14.61
    endloop
  endfacet
  facet normal -0.981049 -0.193762 0
    outer loop
      vertex 124.751 23.5118 14.61
      vertex 124.713 23.7042 17.75
      vertex 124.713 23.7042 14.61
    endloop
  endfacet
  facet normal -0.981049 -0.193762 0
    outer loop
      vertex 124.713 23.7042 17.75
      vertex 124.751 23.5118 14.61
      vertex 124.751 23.5118 17.75
    endloop
  endfacet
  facet normal -0.195625 0.980679 0
    outer loop
      vertex 126.004 26.7872 14.61
      vertex 125.812 26.7489 17.75
      vertex 126.004 26.7872 17.75
    endloop
  endfacet
  facet normal -0.195625 0.980679 0
    outer loop
      vertex 125.812 26.7489 17.75
      vertex 126.004 26.7872 14.61
      vertex 125.812 26.7489 14.61
    endloop
  endfacet
  facet normal -0.831422 0.555641 0
    outer loop
      vertex 124.901 26.05 14.61
      vertex 125.01 26.2131 17.75
      vertex 125.01 26.2131 14.61
    endloop
  endfacet
  facet normal -0.831422 0.555641 0
    outer loop
      vertex 125.01 26.2131 17.75
      vertex 124.901 26.05 14.61
      vertex 124.901 26.05 17.75
    endloop
  endfacet
  facet normal -0.896455 -0.443134 0
    outer loop
      vertex 124.901 23.15 14.61
      vertex 124.814 23.326 17.75
      vertex 124.814 23.326 14.61
    endloop
  endfacet
  facet normal -0.896455 -0.443134 0
    outer loop
      vertex 124.814 23.326 17.75
      vertex 124.901 23.15 14.61
      vertex 124.901 23.15 17.75
    endloop
  endfacet
  facet normal -0.997803 0.0662484 0
    outer loop
      vertex 124.7 25.3 14.61
      vertex 124.713 25.4958 17.75
      vertex 124.713 25.4958 14.61
    endloop
  endfacet
  facet normal -0.997803 0.0662484 0
    outer loop
      vertex 124.713 25.4958 17.75
      vertex 124.7 25.3 14.61
      vertex 124.7 25.3 17.75
    endloop
  endfacet
  facet normal -0.442315 -0.89686 0
    outer loop
      vertex 125.45 22.601 14.61
      vertex 125.626 22.5142 17.75
      vertex 125.45 22.601 17.75
    endloop
  endfacet
  facet normal -0.442315 -0.89686 -0
    outer loop
      vertex 125.626 22.5142 17.75
      vertex 125.45 22.601 14.61
      vertex 125.626 22.5142 14.61
    endloop
  endfacet
  facet normal -0.752956 0.658071 0
    outer loop
      vertex 125.01 26.2131 14.61
      vertex 125.139 26.3607 17.75
      vertex 125.139 26.3607 14.61
    endloop
  endfacet
  facet normal -0.752956 0.658071 0
    outer loop
      vertex 125.139 26.3607 17.75
      vertex 125.01 26.2131 14.61
      vertex 125.01 26.2131 17.75
    endloop
  endfacet
  facet normal -0.752956 -0.658071 0
    outer loop
      vertex 125.139 22.8393 14.61
      vertex 125.01 22.9869 17.75
      vertex 125.01 22.9869 14.61
    endloop
  endfacet
  facet normal -0.752956 -0.658071 0
    outer loop
      vertex 125.01 22.9869 17.75
      vertex 125.139 22.8393 14.61
      vertex 125.139 22.8393 17.75
    endloop
  endfacet
  facet normal -0.657928 -0.753081 0
    outer loop
      vertex 125.139 22.8393 14.61
      vertex 125.287 22.71 17.75
      vertex 125.139 22.8393 17.75
    endloop
  endfacet
  facet normal -0.657928 -0.753081 -0
    outer loop
      vertex 125.287 22.71 17.75
      vertex 125.139 22.8393 14.61
      vertex 125.287 22.71 14.61
    endloop
  endfacet
  facet normal -0.442315 0.89686 0
    outer loop
      vertex 125.626 26.6858 14.61
      vertex 125.45 26.599 17.75
      vertex 125.626 26.6858 17.75
    endloop
  endfacet
  facet normal -0.442315 0.89686 0
    outer loop
      vertex 125.45 26.599 17.75
      vertex 125.626 26.6858 14.61
      vertex 125.45 26.599 14.61
    endloop
  endfacet
  facet normal -0.896455 0.443134 0
    outer loop
      vertex 124.814 25.874 14.61
      vertex 124.901 26.05 17.75
      vertex 124.901 26.05 14.61
    endloop
  endfacet
  facet normal -0.896455 0.443134 0
    outer loop
      vertex 124.901 26.05 17.75
      vertex 124.814 25.874 14.61
      vertex 124.814 25.874 17.75
    endloop
  endfacet
  facet normal -0.555877 -0.831265 0
    outer loop
      vertex 125.287 22.71 14.61
      vertex 125.45 22.601 17.75
      vertex 125.287 22.71 17.75
    endloop
  endfacet
  facet normal -0.555877 -0.831265 -0
    outer loop
      vertex 125.45 22.601 17.75
      vertex 125.287 22.71 14.61
      vertex 125.45 22.601 14.61
    endloop
  endfacet
  facet normal -0.555877 0.831265 0
    outer loop
      vertex 125.45 26.599 14.61
      vertex 125.287 26.49 17.75
      vertex 125.45 26.599 17.75
    endloop
  endfacet
  facet normal -0.555877 0.831265 0
    outer loop
      vertex 125.287 26.49 17.75
      vertex 125.45 26.599 14.61
      vertex 125.287 26.49 14.61
    endloop
  endfacet
  facet normal -0.0651673 0.997874 0
    outer loop
      vertex 126.2 26.8 14.61
      vertex 126.004 26.7872 17.75
      vertex 126.2 26.8 17.75
    endloop
  endfacet
  facet normal -0.0651673 0.997874 0
    outer loop
      vertex 126.004 26.7872 17.75
      vertex 126.2 26.8 14.61
      vertex 126.004 26.7872 14.61
    endloop
  endfacet
  facet normal -0.981049 0.193762 0
    outer loop
      vertex 124.713 25.4958 14.61
      vertex 124.751 25.6882 17.75
      vertex 124.751 25.6882 14.61
    endloop
  endfacet
  facet normal -0.981049 0.193762 0
    outer loop
      vertex 124.751 25.6882 17.75
      vertex 124.713 25.4958 14.61
      vertex 124.713 25.4958 17.75
    endloop
  endfacet
  facet normal -0.321264 -0.94699 0
    outer loop
      vertex 125.626 22.5142 14.61
      vertex 125.812 22.4511 17.75
      vertex 125.626 22.5142 17.75
    endloop
  endfacet
  facet normal -0.321264 -0.94699 -0
    outer loop
      vertex 125.812 22.4511 17.75
      vertex 125.626 22.5142 14.61
      vertex 125.812 22.4511 14.61
    endloop
  endfacet
  facet normal -0.831422 -0.555641 0
    outer loop
      vertex 125.01 22.9869 14.61
      vertex 124.901 23.15 17.75
      vertex 124.901 23.15 14.61
    endloop
  endfacet
  facet normal -0.831422 -0.555641 0
    outer loop
      vertex 124.901 23.15 17.75
      vertex 125.01 22.9869 14.61
      vertex 125.01 22.9869 17.75
    endloop
  endfacet
  facet normal -0 0 1
    outer loop
      vertex 126.45 22.4 3.26
      vertex 165.95 20.2 3.26
      vertex 165.95 22.4 3.26
    endloop
  endfacet
  facet normal 0 0 1
    outer loop
      vertex 165.95 20.2 3.26
      vertex 126.45 22.4 3.26
      vertex 126.45 20.2 3.26
    endloop
  endfacet
  facet normal 1 -0 0
    outer loop
      vertex 126.45 26.8 3.51
      vertex 126.45 29 3.26
      vertex 126.45 29 3.51
    endloop
  endfacet
  facet normal 1 0 0
    outer loop
      vertex 126.45 29 3.26
      vertex 126.45 26.8 3.51
      vertex 126.45 26.8 3.26
    endloop
  endfacet
  facet normal -1 0 0
    outer loop
      vertex 165.95 40 3.26
      vertex 165.95 42.2 17.75
      vertex 165.95 42.2 3.26
    endloop
  endfacet
  facet normal -1 -0 0
    outer loop
      vertex 165.95 42.2 17.75
      vertex 165.95 40 3.26
      vertex 165.95 40 17.75
    endloop
  endfacet
  facet normal -0.555877 -0.831265 0
    outer loop
      vertex 125.287 42.51 14.61
      vertex 125.45 42.401 17.75
      vertex 125.287 42.51 17.75
    endloop
  endfacet
  facet normal -0.555877 -0.831265 -0
    outer loop
      vertex 125.45 42.401 17.75
      vertex 125.287 42.51 14.61
      vertex 125.45 42.401 14.61
    endloop
  endfacet
  facet normal 0 -1 0
    outer loop
      vertex 125.2 42.2 3.51
      vertex 126.2 42.2 14.61
      vertex 125.2 42.2 14.61
    endloop
  endfacet
  facet normal 0 -1 0
    outer loop
      vertex 126.2 42.2 14.61
      vertex 126.45 42.2 3.51
      vertex 152.2 42.2 4.02
    endloop
  endfacet
  facet normal 0 -1 -0
    outer loop
      vertex 152.2 42.2 4.02
      vertex 126.45 42.2 3.51
      vertex 152.2 42.2 3.52
    endloop
  endfacet
  facet normal 0 -1 -0
    outer loop
      vertex 126.2 42.2 14.61
      vertex 125.2 42.2 3.51
      vertex 126.45 42.2 3.51
    endloop
  endfacet
  facet normal 0 -1 0
    outer loop
      vertex 152.2 42.2 4.02
      vertex 126.2 42.2 17.75
      vertex 126.2 42.2 14.61
    endloop
  endfacet
  facet normal 0 -1 0
    outer loop
      vertex 126.2 42.2 17.75
      vertex 152.2 42.2 4.02
      vertex 165.95 42.2 17.75
    endloop
  endfacet
  facet normal 0 -1 0
    outer loop
      vertex 164.2 42.2 4.02
      vertex 165.95 42.2 17.75
      vertex 152.2 42.2 4.02
    endloop
  endfacet
  facet normal 0 -1 0
    outer loop
      vertex 165.95 42.2 3.26
      vertex 164.2 42.2 4.02
      vertex 164.2 42.2 3.52
    endloop
  endfacet
  facet normal 0 -1 0
    outer loop
      vertex 126.45 42.2 3.26
      vertex 152.2 42.2 3.52
      vertex 126.45 42.2 3.51
    endloop
  endfacet
  facet normal 0 -1 0
    outer loop
      vertex 165.95 42.2 3.26
      vertex 152.2 42.2 3.52
      vertex 126.45 42.2 3.26
    endloop
  endfacet
  facet normal 0 -1 0
    outer loop
      vertex 164.2 42.2 4.02
      vertex 165.95 42.2 3.26
      vertex 165.95 42.2 17.75
    endloop
  endfacet
  facet normal 0 -1 0
    outer loop
      vertex 152.2 42.2 3.52
      vertex 165.95 42.2 3.26
      vertex 164.2 42.2 3.52
    endloop
  endfacet
  facet normal -0.94704 -0.321117 0
    outer loop
      vertex 124.814 43.126 14.61
      vertex 124.751 43.3118 17.75
      vertex 124.751 43.3118 14.61
    endloop
  endfacet
  facet normal -0.94704 -0.321117 0
    outer loop
      vertex 124.751 43.3118 17.75
      vertex 124.814 43.126 14.61
      vertex 124.814 43.126 17.75
    endloop
  endfacet
  facet normal -0.997803 -0.0662484 0
    outer loop
      vertex 124.713 43.5042 14.61
      vertex 124.7 43.7 17.75
      vertex 124.7 43.7 14.61
    endloop
  endfacet
  facet normal -0.997803 -0.0662484 0
    outer loop
      vertex 124.7 43.7 17.75
      vertex 124.713 43.5042 14.61
      vertex 124.713 43.5042 17.75
    endloop
  endfacet
  facet normal -0.0651673 -0.997874 0
    outer loop
      vertex 126.004 42.2128 14.61
      vertex 126.2 42.2 17.75
      vertex 126.004 42.2128 17.75
    endloop
  endfacet
  facet normal -0.0651673 -0.997874 -0
    outer loop
      vertex 126.2 42.2 17.75
      vertex 126.004 42.2128 14.61
      vertex 126.2 42.2 14.61
    endloop
  endfacet
  facet normal -0.195625 -0.980679 0
    outer loop
      vertex 125.812 42.2511 14.61
      vertex 126.004 42.2128 17.75
      vertex 125.812 42.2511 17.75
    endloop
  endfacet
  facet normal -0.195625 -0.980679 -0
    outer loop
      vertex 126.004 42.2128 17.75
      vertex 125.812 42.2511 14.61
      vertex 126.004 42.2128 14.61
    endloop
  endfacet
  facet normal -0.752956 -0.658071 0
    outer loop
      vertex 125.139 42.6393 14.61
      vertex 125.01 42.7869 17.75
      vertex 125.01 42.7869 14.61
    endloop
  endfacet
  facet normal -0.752956 -0.658071 0
    outer loop
      vertex 125.01 42.7869 17.75
      vertex 125.139 42.6393 14.61
      vertex 125.139 42.6393 17.75
    endloop
  endfacet
  facet normal -0.321264 -0.94699 0
    outer loop
      vertex 125.626 42.3142 14.61
      vertex 125.812 42.2511 17.75
      vertex 125.626 42.3142 17.75
    endloop
  endfacet
  facet normal -0.321264 -0.94699 -0
    outer loop
      vertex 125.812 42.2511 17.75
      vertex 125.626 42.3142 14.61
      vertex 125.812 42.2511 14.61
    endloop
  endfacet
  facet normal -0.981049 -0.193762 0
    outer loop
      vertex 124.751 43.3118 14.61
      vertex 124.713 43.5042 17.75
      vertex 124.713 43.5042 14.61
    endloop
  endfacet
  facet normal -0.981049 -0.193762 0
    outer loop
      vertex 124.713 43.5042 17.75
      vertex 124.751 43.3118 14.61
      vertex 124.751 43.3118 17.75
    endloop
  endfacet
  facet normal -0.896455 -0.443134 0
    outer loop
      vertex 124.901 42.95 14.61
      vertex 124.814 43.126 17.75
      vertex 124.814 43.126 14.61
    endloop
  endfacet
  facet normal -0.896455 -0.443134 0
    outer loop
      vertex 124.814 43.126 17.75
      vertex 124.901 42.95 14.61
      vertex 124.901 42.95 17.75
    endloop
  endfacet
  facet normal -0.657928 -0.753081 0
    outer loop
      vertex 125.139 42.6393 14.61
      vertex 125.287 42.51 17.75
      vertex 125.139 42.6393 17.75
    endloop
  endfacet
  facet normal -0.657928 -0.753081 -0
    outer loop
      vertex 125.287 42.51 17.75
      vertex 125.139 42.6393 14.61
      vertex 125.287 42.51 14.61
    endloop
  endfacet
  facet normal -0.442315 -0.89686 0
    outer loop
      vertex 125.45 42.401 14.61
      vertex 125.626 42.3142 17.75
      vertex 125.45 42.401 17.75
    endloop
  endfacet
  facet normal -0.442315 -0.89686 -0
    outer loop
      vertex 125.626 42.3142 17.75
      vertex 125.45 42.401 14.61
      vertex 125.626 42.3142 14.61
    endloop
  endfacet
  facet normal 0 0 -1
    outer loop
      vertex 124.7 50.389 17.75
      vertex 124.626 50.4142 17.75
      vertex 124.7 51.7 17.75
    endloop
  endfacet
  facet normal 0 0 -1
    outer loop
      vertex 126.2 53.2 17.75
      vertex 165.95 55.4 17.75
      vertex 165.95 53.2 17.75
    endloop
  endfacet
  facet normal 0 0 -1
    outer loop
      vertex 126.2 53.2 17.75
      vertex 125.2 55.4 17.75
      vertex 165.95 55.4 17.75
    endloop
  endfacet
  facet normal 0 0 -1
    outer loop
      vertex 126.004 53.1872 17.75
      vertex 125.2 55.4 17.75
      vertex 126.2 53.2 17.75
    endloop
  endfacet
  facet normal 0 0 -1
    outer loop
      vertex 125.812 53.1489 17.75
      vertex 125.2 55.4 17.75
      vertex 126.004 53.1872 17.75
    endloop
  endfacet
  facet normal 0 0 -1
    outer loop
      vertex 125.626 53.0858 17.75
      vertex 125.2 55.4 17.75
      vertex 125.812 53.1489 17.75
    endloop
  endfacet
  facet normal 0 0 -1
    outer loop
      vertex 125.004 55.4128 17.75
      vertex 125.626 53.0858 17.75
      vertex 125.45 52.999 17.75
    endloop
  endfacet
  facet normal 0 0 -1
    outer loop
      vertex 124.812 55.4511 17.75
      vertex 125.45 52.999 17.75
      vertex 125.287 52.89 17.75
    endloop
  endfacet
  facet normal 0 0 -1
    outer loop
      vertex 124.626 55.5142 17.75
      vertex 125.287 52.89 17.75
      vertex 125.139 52.7607 17.75
    endloop
  endfacet
  facet normal 0 0 -1
    outer loop
      vertex 124.45 55.601 17.75
      vertex 125.139 52.7607 17.75
      vertex 125.01 52.6131 17.75
    endloop
  endfacet
  facet normal 0 0 -1
    outer loop
      vertex 125.626 53.0858 17.75
      vertex 125.004 55.4128 17.75
      vertex 125.2 55.4 17.75
    endloop
  endfacet
  facet normal 0 0 -1
    outer loop
      vertex 123.7 51.8 17.75
      vertex 125.01 52.6131 17.75
      vertex 124.901 52.45 17.75
    endloop
  endfacet
  facet normal 0 0 -1
    outer loop
      vertex 123.7 51.8 17.75
      vertex 124.901 52.45 17.75
      vertex 124.814 52.274 17.75
    endloop
  endfacet
  facet normal 0 0 -1
    outer loop
      vertex 125.45 52.999 17.75
      vertex 124.812 55.4511 17.75
      vertex 125.004 55.4128 17.75
    endloop
  endfacet
  facet normal 0 0 -1
    outer loop
      vertex 123.7 51.8 17.75
      vertex 124.814 52.274 17.75
      vertex 124.751 52.0882 17.75
    endloop
  endfacet
  facet normal 0 0 -1
    outer loop
      vertex 123.7 51.8 17.75
      vertex 124.751 52.0882 17.75
      vertex 124.713 51.8958 17.75
    endloop
  endfacet
  facet normal 0 0 -1
    outer loop
      vertex 123.7 51.8 17.75
      vertex 124.713 51.8958 17.75
      vertex 124.7 51.7 17.75
    endloop
  endfacet
  facet normal 0 0 -1
    outer loop
      vertex 124.45 50.501 17.75
      vertex 124.7 51.7 17.75
      vertex 124.626 50.4142 17.75
    endloop
  endfacet
  facet normal -0 0 -1
    outer loop
      vertex 125.01 52.6131 17.75
      vertex 123.7 51.8 17.75
      vertex 124.45 55.601 17.75
    endloop
  endfacet
  facet normal 0 0 -1
    outer loop
      vertex 124.287 50.61 17.75
      vertex 124.7 51.7 17.75
      vertex 124.45 50.501 17.75
    endloop
  endfacet
  facet normal 0 0 -1
    outer loop
      vertex 125.287 52.89 17.75
      vertex 124.626 55.5142 17.75
      vertex 124.812 55.4511 17.75
    endloop
  endfacet
  facet normal 0 0 -1
    outer loop
      vertex 124.139 50.7393 17.75
      vertex 124.7 51.7 17.75
      vertex 124.287 50.61 17.75
    endloop
  endfacet
  facet normal 0 0 -1
    outer loop
      vertex 125.139 52.7607 17.75
      vertex 124.45 55.601 17.75
      vertex 124.626 55.5142 17.75
    endloop
  endfacet
  facet normal 0 0 -1
    outer loop
      vertex 124.01 50.8869 17.75
      vertex 124.7 51.7 17.75
      vertex 124.139 50.7393 17.75
    endloop
  endfacet
  facet normal -0 0 -1
    outer loop
      vertex 124.45 55.601 17.75
      vertex 123.7 51.8 17.75
      vertex 124.287 55.71 17.75
    endloop
  endfacet
  facet normal 0 0 -1
    outer loop
      vertex 123.901 51.05 17.75
      vertex 124.7 51.7 17.75
      vertex 124.01 50.8869 17.75
    endloop
  endfacet
  facet normal -0 0 -1
    outer loop
      vertex 124.287 55.71 17.75
      vertex 123.7 51.8 17.75
      vertex 124.139 55.8393 17.75
    endloop
  endfacet
  facet normal 0 0 -1
    outer loop
      vertex 123.814 51.226 17.75
      vertex 124.7 51.7 17.75
      vertex 123.901 51.05 17.75
    endloop
  endfacet
  facet normal -0 0 -1
    outer loop
      vertex 124.139 55.8393 17.75
      vertex 123.7 51.8 17.75
      vertex 124.01 55.9869 17.75
    endloop
  endfacet
  facet normal 0 0 -1
    outer loop
      vertex 123.751 51.4118 17.75
      vertex 124.7 51.7 17.75
      vertex 123.814 51.226 17.75
    endloop
  endfacet
  facet normal -0 0 -1
    outer loop
      vertex 124.01 55.9869 17.75
      vertex 123.7 51.8 17.75
      vertex 123.901 56.15 17.75
    endloop
  endfacet
  facet normal 0 0 -1
    outer loop
      vertex 123.713 51.6042 17.75
      vertex 124.7 51.7 17.75
      vertex 123.751 51.4118 17.75
    endloop
  endfacet
  facet normal -0 0 -1
    outer loop
      vertex 123.901 56.15 17.75
      vertex 123.7 51.8 17.75
      vertex 123.814 56.326 17.75
    endloop
  endfacet
  facet normal -0 0 -1
    outer loop
      vertex 124.7 51.7 17.75
      vertex 123.713 51.6042 17.75
      vertex 123.7 51.8 17.75
    endloop
  endfacet
  facet normal -0 0 -1
    outer loop
      vertex 123.814 56.326 17.75
      vertex 123.7 51.8 17.75
      vertex 123.751 56.5118 17.75
    endloop
  endfacet
  facet normal -0 0 -1
    outer loop
      vertex 123.751 56.5118 17.75
      vertex 123.7 51.8 17.75
      vertex 123.713 56.7042 17.75
    endloop
  endfacet
  facet normal -0 0 -1
    outer loop
      vertex 123.713 56.7042 17.75
      vertex 123.7 51.8 17.75
      vertex 123.7 56.9 17.75
    endloop
  endfacet
  facet normal 0 0 -1
    outer loop
      vertex 126.2 46.6 17.75
      vertex 165.95 48.8 17.75
      vertex 165.95 46.6 17.75
    endloop
  endfacet
  facet normal 0 0 -1
    outer loop
      vertex 126.2 46.6 17.75
      vertex 126.2 48.8 17.75
      vertex 165.95 48.8 17.75
    endloop
  endfacet
  facet normal 0 0 -1
    outer loop
      vertex 126.004 46.5872 17.75
      vertex 126.2 48.8 17.75
      vertex 126.2 46.6 17.75
    endloop
  endfacet
  facet normal 0 0 -1
    outer loop
      vertex 126.004 46.5872 17.75
      vertex 126.004 48.8128 17.75
      vertex 126.2 48.8 17.75
    endloop
  endfacet
  facet normal 0 0 -1
    outer loop
      vertex 125.812 46.5489 17.75
      vertex 126.004 48.8128 17.75
      vertex 126.004 46.5872 17.75
    endloop
  endfacet
  facet normal 0 0 -1
    outer loop
      vertex 125.812 46.5489 17.75
      vertex 125.812 48.8511 17.75
      vertex 126.004 48.8128 17.75
    endloop
  endfacet
  facet normal 0 0 -1
    outer loop
      vertex 125.626 46.4858 17.75
      vertex 125.812 48.8511 17.75
      vertex 125.812 46.5489 17.75
    endloop
  endfacet
  facet normal 0 0 -1
    outer loop
      vertex 125.626 46.4858 17.75
      vertex 125.626 48.9142 17.75
      vertex 125.812 48.8511 17.75
    endloop
  endfacet
  facet normal 0 0 -1
    outer loop
      vertex 125.45 46.399 17.75
      vertex 125.626 48.9142 17.75
      vertex 125.626 46.4858 17.75
    endloop
  endfacet
  facet normal 0 0 -1
    outer loop
      vertex 125.45 46.399 17.75
      vertex 125.45 49.001 17.75
      vertex 125.626 48.9142 17.75
    endloop
  endfacet
  facet normal 0 0 -1
    outer loop
      vertex 125.287 46.29 17.75
      vertex 125.45 49.001 17.75
      vertex 125.45 46.399 17.75
    endloop
  endfacet
  facet normal 0 0 -1
    outer loop
      vertex 125.287 46.29 17.75
      vertex 125.287 49.11 17.75
      vertex 125.45 49.001 17.75
    endloop
  endfacet
  facet normal 0 0 -1
    outer loop
      vertex 125.139 46.1607 17.75
      vertex 125.287 49.11 17.75
      vertex 125.287 46.29 17.75
    endloop
  endfacet
  facet normal 0 0 -1
    outer loop
      vertex 125.139 46.1607 17.75
      vertex 125.139 49.2393 17.75
      vertex 125.287 49.11 17.75
    endloop
  endfacet
  facet normal 0 0 -1
    outer loop
      vertex 125.01 46.0131 17.75
      vertex 125.139 49.2393 17.75
      vertex 125.139 46.1607 17.75
    endloop
  endfacet
  facet normal 0 0 -1
    outer loop
      vertex 125.01 46.0131 17.75
      vertex 125.01 49.3869 17.75
      vertex 125.139 49.2393 17.75
    endloop
  endfacet
  facet normal 0 0 -1
    outer loop
      vertex 124.901 45.85 17.75
      vertex 125.01 49.3869 17.75
      vertex 125.01 46.0131 17.75
    endloop
  endfacet
  facet normal 0 0 -1
    outer loop
      vertex 124.901 45.85 17.75
      vertex 124.901 49.55 17.75
      vertex 125.01 49.3869 17.75
    endloop
  endfacet
  facet normal 0 0 -1
    outer loop
      vertex 124.814 45.674 17.75
      vertex 124.901 49.55 17.75
      vertex 124.901 45.85 17.75
    endloop
  endfacet
  facet normal 0 0 -1
    outer loop
      vertex 124.814 45.674 17.75
      vertex 124.814 49.726 17.75
      vertex 124.901 49.55 17.75
    endloop
  endfacet
  facet normal 0 0 -1
    outer loop
      vertex 124.751 45.4882 17.75
      vertex 124.814 49.726 17.75
      vertex 124.814 45.674 17.75
    endloop
  endfacet
  facet normal 0 0 -1
    outer loop
      vertex 124.751 45.4882 17.75
      vertex 124.751 49.9118 17.75
      vertex 124.814 49.726 17.75
    endloop
  endfacet
  facet normal 0 0 -1
    outer loop
      vertex 124.713 45.2958 17.75
      vertex 124.751 49.9118 17.75
      vertex 124.751 45.4882 17.75
    endloop
  endfacet
  facet normal 0 0 -1
    outer loop
      vertex 124.713 45.2958 17.75
      vertex 124.713 50.1042 17.75
      vertex 124.751 49.9118 17.75
    endloop
  endfacet
  facet normal 0 0 -1
    outer loop
      vertex 124.7 45.1 17.75
      vertex 124.713 50.1042 17.75
      vertex 124.713 45.2958 17.75
    endloop
  endfacet
  facet normal -0 0 -1
    outer loop
      vertex 124.713 50.1042 17.75
      vertex 124.7 45.1 17.75
      vertex 124.7 50.3 17.75
    endloop
  endfacet
  facet normal -0.831422 -0.555641 0
    outer loop
      vertex 125.01 42.7869 14.61
      vertex 124.901 42.95 17.75
      vertex 124.901 42.95 14.61
    endloop
  endfacet
  facet normal -0.831422 -0.555641 0
    outer loop
      vertex 124.901 42.95 17.75
      vertex 125.01 42.7869 14.61
      vertex 125.01 42.7869 17.75
    endloop
  endfacet
  facet normal -0.831422 0.555641 0
    outer loop
      vertex 124.901 45.85 14.61
      vertex 125.01 46.0131 17.75
      vertex 125.01 46.0131 14.61
    endloop
  endfacet
  facet normal -0.831422 0.555641 0
    outer loop
      vertex 125.01 46.0131 17.75
      vertex 124.901 45.85 14.61
      vertex 124.901 45.85 17.75
    endloop
  endfacet
  facet normal -0.981049 0.193762 0
    outer loop
      vertex 124.713 45.2958 14.61
      vertex 124.751 45.4882 17.75
      vertex 124.751 45.4882 14.61
    endloop
  endfacet
  facet normal -0.981049 0.193762 0
    outer loop
      vertex 124.751 45.4882 17.75
      vertex 124.713 45.2958 14.61
      vertex 124.713 45.2958 17.75
    endloop
  endfacet
  facet normal -0.0651673 0.997874 0
    outer loop
      vertex 126.2 46.6 14.61
      vertex 126.004 46.5872 17.75
      vertex 126.2 46.6 17.75
    endloop
  endfacet
  facet normal -0.0651673 0.997874 0
    outer loop
      vertex 126.004 46.5872 17.75
      vertex 126.2 46.6 14.61
      vertex 126.004 46.5872 14.61
    endloop
  endfacet
  facet normal -0.195625 0.980679 0
    outer loop
      vertex 126.004 46.5872 14.61
      vertex 125.812 46.5489 17.75
      vertex 126.004 46.5872 17.75
    endloop
  endfacet
  facet normal -0.195625 0.980679 0
    outer loop
      vertex 125.812 46.5489 17.75
      vertex 126.004 46.5872 14.61
      vertex 125.812 46.5489 14.61
    endloop
  endfacet
  facet normal -0.442315 0.89686 0
    outer loop
      vertex 125.626 46.4858 14.61
      vertex 125.45 46.399 17.75
      vertex 125.626 46.4858 17.75
    endloop
  endfacet
  facet normal -0.442315 0.89686 0
    outer loop
      vertex 125.45 46.399 17.75
      vertex 125.626 46.4858 14.61
      vertex 125.45 46.399 14.61
    endloop
  endfacet
  facet normal 0 1 -0
    outer loop
      vertex 152.2 46.6 4.02
      vertex 126.2 46.6 17.75
      vertex 165.95 46.6 17.75
    endloop
  endfacet
  facet normal 0 1 0
    outer loop
      vertex 126.2 46.6 17.75
      vertex 152.2 46.6 4.02
      vertex 126.2 46.6 14.61
    endloop
  endfacet
  facet normal 0 1 0
    outer loop
      vertex 152.2 46.6 4.02
      vertex 165.95 46.6 17.75
      vertex 164.2 46.6 4.02
    endloop
  endfacet
  facet normal 0 1 -0
    outer loop
      vertex 165.95 46.6 3.26
      vertex 164.2 46.6 4.02
      vertex 165.95 46.6 17.75
    endloop
  endfacet
  facet normal 0 1 0
    outer loop
      vertex 165.95 46.6 3.26
      vertex 152.2 46.6 3.52
      vertex 164.2 46.6 3.52
    endloop
  endfacet
  facet normal 0 1 0
    outer loop
      vertex 164.2 46.6 4.02
      vertex 165.95 46.6 3.26
      vertex 164.2 46.6 3.52
    endloop
  endfacet
  facet normal 0 1 0
    outer loop
      vertex 152.2 46.6 3.52
      vertex 165.95 46.6 3.26
      vertex 126.45 46.6 3.26
    endloop
  endfacet
  facet normal 0 1 0
    outer loop
      vertex 152.2 46.6 3.52
      vertex 126.45 46.6 3.26
      vertex 126.45 46.6 3.51
    endloop
  endfacet
  facet normal 0 1 -0
    outer loop
      vertex 126.45 46.6 3.51
      vertex 126.2 46.6 14.61
      vertex 152.2 46.6 4.02
    endloop
  endfacet
  facet normal 0 1 0
    outer loop
      vertex 126.45 46.6 3.51
      vertex 152.2 46.6 4.02
      vertex 152.2 46.6 3.52
    endloop
  endfacet
  facet normal 0 1 0
    outer loop
      vertex 125.2 46.6 3.51
      vertex 126.2 46.6 14.61
      vertex 126.45 46.6 3.51
    endloop
  endfacet
  facet normal 0 1 0
    outer loop
      vertex 126.2 46.6 14.61
      vertex 125.2 46.6 3.51
      vertex 125.2 46.6 14.61
    endloop
  endfacet
  facet normal -0.321264 0.94699 0
    outer loop
      vertex 125.812 46.5489 14.61
      vertex 125.626 46.4858 17.75
      vertex 125.812 46.5489 17.75
    endloop
  endfacet
  facet normal -0.321264 0.94699 0
    outer loop
      vertex 125.626 46.4858 17.75
      vertex 125.812 46.5489 14.61
      vertex 125.626 46.4858 14.61
    endloop
  endfacet
  facet normal -0.997803 0.0662484 0
    outer loop
      vertex 124.7 45.1 14.61
      vertex 124.713 45.2958 17.75
      vertex 124.713 45.2958 14.61
    endloop
  endfacet
  facet normal -0.997803 0.0662484 0
    outer loop
      vertex 124.713 45.2958 17.75
      vertex 124.7 45.1 14.61
      vertex 124.7 45.1 17.75
    endloop
  endfacet
  facet normal -0.896455 0.443134 0
    outer loop
      vertex 124.814 45.674 14.61
      vertex 124.901 45.85 17.75
      vertex 124.901 45.85 14.61
    endloop
  endfacet
  facet normal -0.896455 0.443134 0
    outer loop
      vertex 124.901 45.85 17.75
      vertex 124.814 45.674 14.61
      vertex 124.814 45.674 17.75
    endloop
  endfacet
  facet normal -0.94704 0.321117 0
    outer loop
      vertex 124.751 45.4882 14.61
      vertex 124.814 45.674 17.75
      vertex 124.814 45.674 14.61
    endloop
  endfacet
  facet normal -0.94704 0.321117 0
    outer loop
      vertex 124.814 45.674 17.75
      vertex 124.751 45.4882 14.61
      vertex 124.751 45.4882 17.75
    endloop
  endfacet
  facet normal -0.657928 0.753081 0
    outer loop
      vertex 125.287 46.29 14.61
      vertex 125.139 46.1607 17.75
      vertex 125.287 46.29 17.75
    endloop
  endfacet
  facet normal -0.657928 0.753081 0
    outer loop
      vertex 125.139 46.1607 17.75
      vertex 125.287 46.29 14.61
      vertex 125.139 46.1607 14.61
    endloop
  endfacet
  facet normal -0.752956 0.658071 0
    outer loop
      vertex 125.01 46.0131 14.61
      vertex 125.139 46.1607 17.75
      vertex 125.139 46.1607 14.61
    endloop
  endfacet
  facet normal -0.752956 0.658071 0
    outer loop
      vertex 125.139 46.1607 17.75
      vertex 125.01 46.0131 14.61
      vertex 125.01 46.0131 17.75
    endloop
  endfacet
  facet normal -0.555877 0.831265 0
    outer loop
      vertex 125.45 46.399 14.61
      vertex 125.287 46.29 17.75
      vertex 125.45 46.399 17.75
    endloop
  endfacet
  facet normal -0.555877 0.831265 0
    outer loop
      vertex 125.287 46.29 17.75
      vertex 125.45 46.399 14.61
      vertex 125.287 46.29 14.61
    endloop
  endfacet
  facet normal -0 0 1
    outer loop
      vertex 126.45 42.2 3.26
      vertex 165.95 40 3.26
      vertex 165.95 42.2 3.26
    endloop
  endfacet
  facet normal 0 0 1
    outer loop
      vertex 165.95 40 3.26
      vertex 126.45 42.2 3.26
      vertex 126.45 40 3.26
    endloop
  endfacet
  facet normal -0 0 1
    outer loop
      vertex 126.45 48.8 3.26
      vertex 165.95 46.6 3.26
      vertex 165.95 48.8 3.26
    endloop
  endfacet
  facet normal 0 0 1
    outer loop
      vertex 165.95 46.6 3.26
      vertex 126.45 48.8 3.26
      vertex 126.45 46.6 3.26
    endloop
  endfacet
  facet normal 0 1 -0
    outer loop
      vertex 152.2 53.2 4.02
      vertex 126.2 53.2 17.75
      vertex 165.95 53.2 17.75
    endloop
  endfacet
  facet normal 0 1 0
    outer loop
      vertex 126.2 53.2 17.75
      vertex 152.2 53.2 4.02
      vertex 126.2 53.2 14.61
    endloop
  endfacet
  facet normal 0 1 0
    outer loop
      vertex 152.2 53.2 4.02
      vertex 165.95 53.2 17.75
      vertex 164.2 53.2 4.02
    endloop
  endfacet
  facet normal 0 1 -0
    outer loop
      vertex 165.95 53.2 3.26
      vertex 164.2 53.2 4.02
      vertex 165.95 53.2 17.75
    endloop
  endfacet
  facet normal 0 1 0
    outer loop
      vertex 165.95 53.2 3.26
      vertex 152.2 53.2 3.52
      vertex 164.2 53.2 3.52
    endloop
  endfacet
  facet normal 0 1 0
    outer loop
      vertex 164.2 53.2 4.02
      vertex 165.95 53.2 3.26
      vertex 164.2 53.2 3.52
    endloop
  endfacet
  facet normal 0 1 0
    outer loop
      vertex 152.2 53.2 3.52
      vertex 165.95 53.2 3.26
      vertex 126.45 53.2 3.26
    endloop
  endfacet
  facet normal 0 1 0
    outer loop
      vertex 152.2 53.2 3.52
      vertex 126.45 53.2 3.26
      vertex 126.45 53.2 3.51
    endloop
  endfacet
  facet normal 0 1 -0
    outer loop
      vertex 126.45 53.2 3.51
      vertex 126.2 53.2 14.61
      vertex 152.2 53.2 4.02
    endloop
  endfacet
  facet normal 0 1 0
    outer loop
      vertex 126.45 53.2 3.51
      vertex 152.2 53.2 4.02
      vertex 152.2 53.2 3.52
    endloop
  endfacet
  facet normal 0 1 0
    outer loop
      vertex 125.2 53.2 3.51
      vertex 126.2 53.2 14.61
      vertex 126.45 53.2 3.51
    endloop
  endfacet
  facet normal 0 1 0
    outer loop
      vertex 126.2 53.2 14.61
      vertex 125.2 53.2 3.51
      vertex 125.2 53.2 14.61
    endloop
  endfacet
  facet normal 0 1 -0
    outer loop
      vertex 152.2 40 4.02
      vertex 126.2 40 17.75
      vertex 165.95 40 17.75
    endloop
  endfacet
  facet normal 0 1 0
    outer loop
      vertex 126.2 40 17.75
      vertex 152.2 40 4.02
      vertex 126.2 40 14.61
    endloop
  endfacet
  facet normal 0 1 0
    outer loop
      vertex 152.2 40 4.02
      vertex 165.95 40 17.75
      vertex 164.2 40 4.02
    endloop
  endfacet
  facet normal 0 1 -0
    outer loop
      vertex 165.95 40 3.26
      vertex 164.2 40 4.02
      vertex 165.95 40 17.75
    endloop
  endfacet
  facet normal 0 1 0
    outer loop
      vertex 165.95 40 3.26
      vertex 152.2 40 3.52
      vertex 164.2 40 3.52
    endloop
  endfacet
  facet normal 0 1 0
    outer loop
      vertex 164.2 40 4.02
      vertex 165.95 40 3.26
      vertex 164.2 40 3.52
    endloop
  endfacet
  facet normal 0 1 0
    outer loop
      vertex 152.2 40 3.52
      vertex 165.95 40 3.26
      vertex 126.45 40 3.26
    endloop
  endfacet
  facet normal 0 1 0
    outer loop
      vertex 152.2 40 3.52
      vertex 126.45 40 3.26
      vertex 126.45 40 3.51
    endloop
  endfacet
  facet normal 0 1 -0
    outer loop
      vertex 126.45 40 3.51
      vertex 126.2 40 14.61
      vertex 152.2 40 4.02
    endloop
  endfacet
  facet normal 0 1 0
    outer loop
      vertex 126.45 40 3.51
      vertex 152.2 40 4.02
      vertex 152.2 40 3.52
    endloop
  endfacet
  facet normal 0 1 0
    outer loop
      vertex 125.2 40 3.51
      vertex 126.2 40 14.61
      vertex 126.45 40 3.51
    endloop
  endfacet
  facet normal 0 1 0
    outer loop
      vertex 126.2 40 14.61
      vertex 125.2 40 3.51
      vertex 125.2 40 14.61
    endloop
  endfacet
  facet normal 0 -1 0
    outer loop
      vertex 125.2 35.6 3.51
      vertex 126.2 35.6 14.61
      vertex 125.2 35.6 14.61
    endloop
  endfacet
  facet normal 0 -1 0
    outer loop
      vertex 126.2 35.6 14.61
      vertex 126.45 35.6 3.51
      vertex 152.2 35.6 4.02
    endloop
  endfacet
  facet normal 0 -1 -0
    outer loop
      vertex 152.2 35.6 4.02
      vertex 126.45 35.6 3.51
      vertex 152.2 35.6 3.52
    endloop
  endfacet
  facet normal 0 -1 -0
    outer loop
      vertex 126.2 35.6 14.61
      vertex 125.2 35.6 3.51
      vertex 126.45 35.6 3.51
    endloop
  endfacet
  facet normal 0 -1 0
    outer loop
      vertex 152.2 35.6 4.02
      vertex 126.2 35.6 17.75
      vertex 126.2 35.6 14.61
    endloop
  endfacet
  facet normal 0 -1 0
    outer loop
      vertex 126.2 35.6 17.75
      vertex 152.2 35.6 4.02
      vertex 165.95 35.6 17.75
    endloop
  endfacet
  facet normal 0 -1 0
    outer loop
      vertex 164.2 35.6 4.02
      vertex 165.95 35.6 17.75
      vertex 152.2 35.6 4.02
    endloop
  endfacet
  facet normal 0 -1 0
    outer loop
      vertex 165.95 35.6 3.26
      vertex 164.2 35.6 4.02
      vertex 164.2 35.6 3.52
    endloop
  endfacet
  facet normal 0 -1 0
    outer loop
      vertex 126.45 35.6 3.26
      vertex 152.2 35.6 3.52
      vertex 126.45 35.6 3.51
    endloop
  endfacet
  facet normal 0 -1 0
    outer loop
      vertex 165.95 35.6 3.26
      vertex 152.2 35.6 3.52
      vertex 126.45 35.6 3.26
    endloop
  endfacet
  facet normal 0 -1 0
    outer loop
      vertex 164.2 35.6 4.02
      vertex 165.95 35.6 3.26
      vertex 165.95 35.6 17.75
    endloop
  endfacet
  facet normal 0 -1 0
    outer loop
      vertex 152.2 35.6 3.52
      vertex 165.95 35.6 3.26
      vertex 164.2 35.6 3.52
    endloop
  endfacet
  facet normal -0.657928 0.753081 0
    outer loop
      vertex 125.287 39.69 14.61
      vertex 125.139 39.5607 17.75
      vertex 125.287 39.69 17.75
    endloop
  endfacet
  facet normal -0.657928 0.753081 0
    outer loop
      vertex 125.139 39.5607 17.75
      vertex 125.287 39.69 14.61
      vertex 125.139 39.5607 14.61
    endloop
  endfacet
  facet normal -0.0651673 -0.997874 0
    outer loop
      vertex 126.004 35.6128 14.61
      vertex 126.2 35.6 17.75
      vertex 126.004 35.6128 17.75
    endloop
  endfacet
  facet normal -0.0651673 -0.997874 -0
    outer loop
      vertex 126.2 35.6 17.75
      vertex 126.004 35.6128 14.61
      vertex 126.2 35.6 14.61
    endloop
  endfacet
  facet normal -0.94704 -0.321117 0
    outer loop
      vertex 124.814 36.526 14.61
      vertex 124.751 36.7118 17.75
      vertex 124.751 36.7118 14.61
    endloop
  endfacet
  facet normal -0.94704 -0.321117 0
    outer loop
      vertex 124.751 36.7118 17.75
      vertex 124.814 36.526 14.61
      vertex 124.814 36.526 17.75
    endloop
  endfacet
  facet normal -0.94704 0.321117 0
    outer loop
      vertex 124.751 38.8882 14.61
      vertex 124.814 39.074 17.75
      vertex 124.814 39.074 14.61
    endloop
  endfacet
  facet normal -0.94704 0.321117 0
    outer loop
      vertex 124.814 39.074 17.75
      vertex 124.751 38.8882 14.61
      vertex 124.751 38.8882 17.75
    endloop
  endfacet
  facet normal -0.321264 0.94699 0
    outer loop
      vertex 125.812 39.9489 14.61
      vertex 125.626 39.8858 17.75
      vertex 125.812 39.9489 17.75
    endloop
  endfacet
  facet normal -0.321264 0.94699 0
    outer loop
      vertex 125.626 39.8858 17.75
      vertex 125.812 39.9489 14.61
      vertex 125.626 39.8858 14.61
    endloop
  endfacet
  facet normal -0.195625 -0.980679 0
    outer loop
      vertex 125.812 35.6511 14.61
      vertex 126.004 35.6128 17.75
      vertex 125.812 35.6511 17.75
    endloop
  endfacet
  facet normal -0.195625 -0.980679 -0
    outer loop
      vertex 126.004 35.6128 17.75
      vertex 125.812 35.6511 14.61
      vertex 126.004 35.6128 14.61
    endloop
  endfacet
  facet normal -0.981049 -0.193762 0
    outer loop
      vertex 124.751 36.7118 14.61
      vertex 124.713 36.9042 17.75
      vertex 124.713 36.9042 14.61
    endloop
  endfacet
  facet normal -0.981049 -0.193762 0
    outer loop
      vertex 124.713 36.9042 17.75
      vertex 124.751 36.7118 14.61
      vertex 124.751 36.7118 17.75
    endloop
  endfacet
  facet normal -0.195625 0.980679 0
    outer loop
      vertex 126.004 39.9872 14.61
      vertex 125.812 39.9489 17.75
      vertex 126.004 39.9872 17.75
    endloop
  endfacet
  facet normal -0.195625 0.980679 0
    outer loop
      vertex 125.812 39.9489 17.75
      vertex 126.004 39.9872 14.61
      vertex 125.812 39.9489 14.61
    endloop
  endfacet
  facet normal -0.831422 0.555641 0
    outer loop
      vertex 124.901 39.25 14.61
      vertex 125.01 39.4131 17.75
      vertex 125.01 39.4131 14.61
    endloop
  endfacet
  facet normal -0.831422 0.555641 0
    outer loop
      vertex 125.01 39.4131 17.75
      vertex 124.901 39.25 14.61
      vertex 124.901 39.25 17.75
    endloop
  endfacet
  facet normal -0.896455 -0.443134 0
    outer loop
      vertex 124.901 36.35 14.61
      vertex 124.814 36.526 17.75
      vertex 124.814 36.526 14.61
    endloop
  endfacet
  facet normal -0.896455 -0.443134 0
    outer loop
      vertex 124.814 36.526 17.75
      vertex 124.901 36.35 14.61
      vertex 124.901 36.35 17.75
    endloop
  endfacet
  facet normal -0.997803 0.0662484 0
    outer loop
      vertex 124.7 38.5 14.61
      vertex 124.713 38.6958 17.75
      vertex 124.713 38.6958 14.61
    endloop
  endfacet
  facet normal -0.997803 0.0662484 0
    outer loop
      vertex 124.713 38.6958 17.75
      vertex 124.7 38.5 14.61
      vertex 124.7 38.5 17.75
    endloop
  endfacet
  facet normal -0.442315 -0.89686 0
    outer loop
      vertex 125.45 35.801 14.61
      vertex 125.626 35.7142 17.75
      vertex 125.45 35.801 17.75
    endloop
  endfacet
  facet normal -0.442315 -0.89686 -0
    outer loop
      vertex 125.626 35.7142 17.75
      vertex 125.45 35.801 14.61
      vertex 125.626 35.7142 14.61
    endloop
  endfacet
  facet normal -0.752956 0.658071 0
    outer loop
      vertex 125.01 39.4131 14.61
      vertex 125.139 39.5607 17.75
      vertex 125.139 39.5607 14.61
    endloop
  endfacet
  facet normal -0.752956 0.658071 0
    outer loop
      vertex 125.139 39.5607 17.75
      vertex 125.01 39.4131 14.61
      vertex 125.01 39.4131 17.75
    endloop
  endfacet
  facet normal -0.752956 -0.658071 0
    outer loop
      vertex 125.139 36.0393 14.61
      vertex 125.01 36.1869 17.75
      vertex 125.01 36.1869 14.61
    endloop
  endfacet
  facet normal -0.752956 -0.658071 0
    outer loop
      vertex 125.01 36.1869 17.75
      vertex 125.139 36.0393 14.61
      vertex 125.139 36.0393 17.75
    endloop
  endfacet
  facet normal -0.657928 -0.753081 0
    outer loop
      vertex 125.139 36.0393 14.61
      vertex 125.287 35.91 17.75
      vertex 125.139 36.0393 17.75
    endloop
  endfacet
  facet normal -0.657928 -0.753081 -0
    outer loop
      vertex 125.287 35.91 17.75
      vertex 125.139 36.0393 14.61
      vertex 125.287 35.91 14.61
    endloop
  endfacet
  facet normal -0.442315 0.89686 0
    outer loop
      vertex 125.626 39.8858 14.61
      vertex 125.45 39.799 17.75
      vertex 125.626 39.8858 17.75
    endloop
  endfacet
  facet normal -0.442315 0.89686 0
    outer loop
      vertex 125.45 39.799 17.75
      vertex 125.626 39.8858 14.61
      vertex 125.45 39.799 14.61
    endloop
  endfacet
  facet normal -0.896455 0.443134 0
    outer loop
      vertex 124.814 39.074 14.61
      vertex 124.901 39.25 17.75
      vertex 124.901 39.25 14.61
    endloop
  endfacet
  facet normal -0.896455 0.443134 0
    outer loop
      vertex 124.901 39.25 17.75
      vertex 124.814 39.074 14.61
      vertex 124.814 39.074 17.75
    endloop
  endfacet
  facet normal -0.555877 -0.831265 0
    outer loop
      vertex 125.287 35.91 14.61
      vertex 125.45 35.801 17.75
      vertex 125.287 35.91 17.75
    endloop
  endfacet
  facet normal -0.555877 -0.831265 -0
    outer loop
      vertex 125.45 35.801 17.75
      vertex 125.287 35.91 14.61
      vertex 125.45 35.801 14.61
    endloop
  endfacet
  facet normal -0.997803 -0.0662484 0
    outer loop
      vertex 124.713 36.9042 14.61
      vertex 124.7 37.1 17.75
      vertex 124.7 37.1 14.61
    endloop
  endfacet
  facet normal -0.997803 -0.0662484 0
    outer loop
      vertex 124.7 37.1 17.75
      vertex 124.713 36.9042 14.61
      vertex 124.713 36.9042 17.75
    endloop
  endfacet
  facet normal -0.555877 0.831265 0
    outer loop
      vertex 125.45 39.799 14.61
      vertex 125.287 39.69 17.75
      vertex 125.45 39.799 17.75
    endloop
  endfacet
  facet normal -0.555877 0.831265 0
    outer loop
      vertex 125.287 39.69 17.75
      vertex 125.45 39.799 14.61
      vertex 125.287 39.69 14.61
    endloop
  endfacet
  facet normal -0.0651673 0.997874 0
    outer loop
      vertex 126.2 40 14.61
      vertex 126.004 39.9872 17.75
      vertex 126.2 40 17.75
    endloop
  endfacet
  facet normal -0.0651673 0.997874 0
    outer loop
      vertex 126.004 39.9872 17.75
      vertex 126.2 40 14.61
      vertex 126.004 39.9872 14.61
    endloop
  endfacet
  facet normal -0.981049 0.193762 0
    outer loop
      vertex 124.713 38.6958 14.61
      vertex 124.751 38.8882 17.75
      vertex 124.751 38.8882 14.61
    endloop
  endfacet
  facet normal -0.981049 0.193762 0
    outer loop
      vertex 124.751 38.8882 17.75
      vertex 124.713 38.6958 14.61
      vertex 124.713 38.6958 17.75
    endloop
  endfacet
  facet normal -0.321264 -0.94699 0
    outer loop
      vertex 125.626 35.7142 14.61
      vertex 125.812 35.6511 17.75
      vertex 125.626 35.7142 17.75
    endloop
  endfacet
  facet normal -0.321264 -0.94699 -0
    outer loop
      vertex 125.812 35.6511 17.75
      vertex 125.626 35.7142 14.61
      vertex 125.812 35.6511 14.61
    endloop
  endfacet
  facet normal -0.831422 -0.555641 0
    outer loop
      vertex 125.01 36.1869 14.61
      vertex 124.901 36.35 17.75
      vertex 124.901 36.35 14.61
    endloop
  endfacet
  facet normal -0.831422 -0.555641 0
    outer loop
      vertex 124.901 36.35 17.75
      vertex 125.01 36.1869 14.61
      vertex 125.01 36.1869 17.75
    endloop
  endfacet
  facet normal 1 -0 0
    outer loop
      vertex 126.45 40 3.51
      vertex 126.45 42.2 3.26
      vertex 126.45 42.2 3.51
    endloop
  endfacet
  facet normal 1 0 0
    outer loop
      vertex 126.45 42.2 3.26
      vertex 126.45 40 3.51
      vertex 126.45 40 3.26
    endloop
  endfacet
  facet normal -1 0 0
    outer loop
      vertex 165.95 53.2 3.26
      vertex 165.95 55.4 17.75
      vertex 165.95 55.4 3.26
    endloop
  endfacet
  facet normal -1 -0 0
    outer loop
      vertex 165.95 55.4 17.75
      vertex 165.95 53.2 3.26
      vertex 165.95 53.2 17.75
    endloop
  endfacet
  facet normal 0 0 -1
    outer loop
      vertex 162.713 56.7042 4.02
      vertex 153.693 56.8 4.02
      vertex 162.707 56.8 4.02
    endloop
  endfacet
  facet normal 0 0 -1
    outer loop
      vertex 153.687 56.7042 4.02
      vertex 162.713 56.7042 4.02
      vertex 162.751 56.5118 4.02
    endloop
  endfacet
  facet normal 0 0 -1
    outer loop
      vertex 153.649 56.5118 4.02
      vertex 162.751 56.5118 4.02
      vertex 162.814 56.326 4.02
    endloop
  endfacet
  facet normal 0 0 -1
    outer loop
      vertex 153.586 56.326 4.02
      vertex 162.814 56.326 4.02
      vertex 162.901 56.15 4.02
    endloop
  endfacet
  facet normal 0 0 -1
    outer loop
      vertex 153.499 56.15 4.02
      vertex 162.901 56.15 4.02
      vertex 163.01 55.9869 4.02
    endloop
  endfacet
  facet normal 0 0 -1
    outer loop
      vertex 153.39 55.9869 4.02
      vertex 163.01 55.9869 4.02
      vertex 163.139 55.8393 4.02
    endloop
  endfacet
  facet normal 0 0 -1
    outer loop
      vertex 153.261 55.8393 4.02
      vertex 163.139 55.8393 4.02
      vertex 163.287 55.71 4.02
    endloop
  endfacet
  facet normal 0 0 -1
    outer loop
      vertex 153.113 55.71 4.02
      vertex 163.287 55.71 4.02
      vertex 163.45 55.601 4.02
    endloop
  endfacet
  facet normal 0 0 -1
    outer loop
      vertex 152.95 55.601 4.02
      vertex 163.45 55.601 4.02
      vertex 163.626 55.5142 4.02
    endloop
  endfacet
  facet normal 0 0 -1
    outer loop
      vertex 152.774 55.5142 4.02
      vertex 163.626 55.5142 4.02
      vertex 163.812 55.4511 4.02
    endloop
  endfacet
  facet normal 0 0 -1
    outer loop
      vertex 152.588 55.4511 4.02
      vertex 163.812 55.4511 4.02
      vertex 164.004 55.4128 4.02
    endloop
  endfacet
  facet normal 0 0 -1
    outer loop
      vertex 162.713 56.7042 4.02
      vertex 153.687 56.7042 4.02
      vertex 153.693 56.8 4.02
    endloop
  endfacet
  facet normal 0 0 -1
    outer loop
      vertex 162.751 56.5118 4.02
      vertex 153.649 56.5118 4.02
      vertex 153.687 56.7042 4.02
    endloop
  endfacet
  facet normal 0 0 -1
    outer loop
      vertex 162.814 56.326 4.02
      vertex 153.586 56.326 4.02
      vertex 153.649 56.5118 4.02
    endloop
  endfacet
  facet normal 0 0 -1
    outer loop
      vertex 162.901 56.15 4.02
      vertex 153.499 56.15 4.02
      vertex 153.586 56.326 4.02
    endloop
  endfacet
  facet normal 0 0 -1
    outer loop
      vertex 163.01 55.9869 4.02
      vertex 153.39 55.9869 4.02
      vertex 153.499 56.15 4.02
    endloop
  endfacet
  facet normal 0 0 -1
    outer loop
      vertex 152.396 55.4128 4.02
      vertex 164.004 55.4128 4.02
      vertex 164.2 55.4 4.02
    endloop
  endfacet
  facet normal 0 0 -1
    outer loop
      vertex 163.139 55.8393 4.02
      vertex 153.261 55.8393 4.02
      vertex 153.39 55.9869 4.02
    endloop
  endfacet
  facet normal 0 0 -1
    outer loop
      vertex 163.287 55.71 4.02
      vertex 153.113 55.71 4.02
      vertex 153.261 55.8393 4.02
    endloop
  endfacet
  facet normal 0 0 -1
    outer loop
      vertex 163.45 55.601 4.02
      vertex 152.95 55.601 4.02
      vertex 153.113 55.71 4.02
    endloop
  endfacet
  facet normal 0 0 -1
    outer loop
      vertex 163.626 55.5142 4.02
      vertex 152.774 55.5142 4.02
      vertex 152.95 55.601 4.02
    endloop
  endfacet
  facet normal 0 0 -1
    outer loop
      vertex 163.812 55.4511 4.02
      vertex 152.588 55.4511 4.02
      vertex 152.774 55.5142 4.02
    endloop
  endfacet
  facet normal 0 0 -1
    outer loop
      vertex 164.004 55.4128 4.02
      vertex 152.396 55.4128 4.02
      vertex 152.588 55.4511 4.02
    endloop
  endfacet
  facet normal 0 -0 -1
    outer loop
      vertex 152.396 55.4128 4.02
      vertex 164.2 55.4 4.02
      vertex 152.2 55.4 4.02
    endloop
  endfacet
  facet normal -0.322361 -0.946617 0
    outer loop
      vertex 124.626 50.4142 17.75
      vertex 124.7 50.389 28.11
      vertex 124.626 50.4142 28.11
    endloop
  endfacet
  facet normal -0.322361 -0.946617 -0
    outer loop
      vertex 124.7 50.389 28.11
      vertex 124.626 50.4142 17.75
      vertex 124.7 50.389 17.75
    endloop
  endfacet
  facet normal -0.94704 -0.321117 0
    outer loop
      vertex 123.814 51.226 17.75
      vertex 123.751 51.4118 28.11
      vertex 123.751 51.4118 17.75
    endloop
  endfacet
  facet normal -0.94704 -0.321117 0
    outer loop
      vertex 123.751 51.4118 28.11
      vertex 123.814 51.226 17.75
      vertex 123.814 51.226 28.11
    endloop
  endfacet
  facet normal -0.896455 -0.443134 0
    outer loop
      vertex 123.901 51.05 17.75
      vertex 123.814 51.226 28.11
      vertex 123.814 51.226 17.75
    endloop
  endfacet
  facet normal -0.896455 -0.443134 0
    outer loop
      vertex 123.814 51.226 28.11
      vertex 123.901 51.05 17.75
      vertex 123.901 51.05 28.11
    endloop
  endfacet
  facet normal -0.997803 -0.0662484 0
    outer loop
      vertex 123.713 51.6042 17.75
      vertex 123.7 51.8 28.11
      vertex 123.7 51.8 17.75
    endloop
  endfacet
  facet normal -0.997803 -0.0662484 0
    outer loop
      vertex 123.7 51.8 28.11
      vertex 123.713 51.6042 17.75
      vertex 123.713 51.6042 28.11
    endloop
  endfacet
  facet normal -0.657928 -0.753081 0
    outer loop
      vertex 124.139 50.7393 17.75
      vertex 124.287 50.61 28.11
      vertex 124.139 50.7393 28.11
    endloop
  endfacet
  facet normal -0.657928 -0.753081 -0
    outer loop
      vertex 124.287 50.61 28.11
      vertex 124.139 50.7393 17.75
      vertex 124.287 50.61 17.75
    endloop
  endfacet
  facet normal -0.752956 -0.658071 0
    outer loop
      vertex 124.139 50.7393 17.75
      vertex 124.01 50.8869 28.11
      vertex 124.01 50.8869 17.75
    endloop
  endfacet
  facet normal -0.752956 -0.658071 0
    outer loop
      vertex 124.01 50.8869 28.11
      vertex 124.139 50.7393 17.75
      vertex 124.139 50.7393 28.11
    endloop
  endfacet
  facet normal -0.831422 -0.555641 0
    outer loop
      vertex 124.01 50.8869 17.75
      vertex 123.901 51.05 28.11
      vertex 123.901 51.05 17.75
    endloop
  endfacet
  facet normal -0.831422 -0.555641 0
    outer loop
      vertex 123.901 51.05 28.11
      vertex 124.01 50.8869 17.75
      vertex 124.01 50.8869 28.11
    endloop
  endfacet
  facet normal -0.555877 -0.831265 0
    outer loop
      vertex 124.287 50.61 17.75
      vertex 124.45 50.501 28.11
      vertex 124.287 50.61 28.11
    endloop
  endfacet
  facet normal -0.555877 -0.831265 -0
    outer loop
      vertex 124.45 50.501 28.11
      vertex 124.287 50.61 17.75
      vertex 124.45 50.501 17.75
    endloop
  endfacet
  facet normal -0.981049 -0.193762 0
    outer loop
      vertex 123.751 51.4118 17.75
      vertex 123.713 51.6042 28.11
      vertex 123.713 51.6042 17.75
    endloop
  endfacet
  facet normal -0.981049 -0.193762 0
    outer loop
      vertex 123.713 51.6042 28.11
      vertex 123.751 51.4118 17.75
      vertex 123.751 51.4118 28.11
    endloop
  endfacet
  facet normal -0.442315 -0.89686 0
    outer loop
      vertex 124.45 50.501 17.75
      vertex 124.626 50.4142 28.11
      vertex 124.45 50.501 28.11
    endloop
  endfacet
  facet normal -0.442315 -0.89686 -0
    outer loop
      vertex 124.626 50.4142 28.11
      vertex 124.45 50.501 17.75
      vertex 124.626 50.4142 17.75
    endloop
  endfacet
  facet normal 0 -1 0
    outer loop
      vertex 125.2 48.8 3.51
      vertex 126.2 48.8 14.61
      vertex 125.2 48.8 14.61
    endloop
  endfacet
  facet normal 0 -1 0
    outer loop
      vertex 126.2 48.8 14.61
      vertex 126.45 48.8 3.51
      vertex 152.2 48.8 4.02
    endloop
  endfacet
  facet normal 0 -1 -0
    outer loop
      vertex 152.2 48.8 4.02
      vertex 126.45 48.8 3.51
      vertex 152.2 48.8 3.52
    endloop
  endfacet
  facet normal 0 -1 -0
    outer loop
      vertex 126.2 48.8 14.61
      vertex 125.2 48.8 3.51
      vertex 126.45 48.8 3.51
    endloop
  endfacet
  facet normal 0 -1 0
    outer loop
      vertex 152.2 48.8 4.02
      vertex 126.2 48.8 17.75
      vertex 126.2 48.8 14.61
    endloop
  endfacet
  facet normal 0 -1 0
    outer loop
      vertex 126.2 48.8 17.75
      vertex 152.2 48.8 4.02
      vertex 165.95 48.8 17.75
    endloop
  endfacet
  facet normal 0 -1 0
    outer loop
      vertex 164.2 48.8 4.02
      vertex 165.95 48.8 17.75
      vertex 152.2 48.8 4.02
    endloop
  endfacet
  facet normal 0 -1 0
    outer loop
      vertex 165.95 48.8 3.26
      vertex 164.2 48.8 4.02
      vertex 164.2 48.8 3.52
    endloop
  endfacet
  facet normal 0 -1 0
    outer loop
      vertex 126.45 48.8 3.26
      vertex 152.2 48.8 3.52
      vertex 126.45 48.8 3.51
    endloop
  endfacet
  facet normal 0 -1 0
    outer loop
      vertex 165.95 48.8 3.26
      vertex 152.2 48.8 3.52
      vertex 126.45 48.8 3.26
    endloop
  endfacet
  facet normal 0 -1 0
    outer loop
      vertex 164.2 48.8 4.02
      vertex 165.95 48.8 3.26
      vertex 165.95 48.8 17.75
    endloop
  endfacet
  facet normal 0 -1 0
    outer loop
      vertex 152.2 48.8 3.52
      vertex 165.95 48.8 3.26
      vertex 164.2 48.8 3.52
    endloop
  endfacet
  facet normal -0.657928 0.753081 0
    outer loop
      vertex 125.287 52.89 14.61
      vertex 125.139 52.7607 17.75
      vertex 125.287 52.89 17.75
    endloop
  endfacet
  facet normal -0.657928 0.753081 0
    outer loop
      vertex 125.139 52.7607 17.75
      vertex 125.287 52.89 14.61
      vertex 125.139 52.7607 14.61
    endloop
  endfacet
  facet normal -0.0651673 -0.997874 0
    outer loop
      vertex 126.004 48.8128 14.61
      vertex 126.2 48.8 17.75
      vertex 126.004 48.8128 17.75
    endloop
  endfacet
  facet normal -0.0651673 -0.997874 -0
    outer loop
      vertex 126.2 48.8 17.75
      vertex 126.004 48.8128 14.61
      vertex 126.2 48.8 14.61
    endloop
  endfacet
  facet normal -0.94704 -0.321117 0
    outer loop
      vertex 124.814 49.726 14.61
      vertex 124.751 49.9118 17.75
      vertex 124.751 49.9118 14.61
    endloop
  endfacet
  facet normal -0.94704 -0.321117 0
    outer loop
      vertex 124.751 49.9118 17.75
      vertex 124.814 49.726 14.61
      vertex 124.814 49.726 17.75
    endloop
  endfacet
  facet normal -0.94704 0.321117 0
    outer loop
      vertex 124.751 52.0882 14.61
      vertex 124.814 52.274 17.75
      vertex 124.814 52.274 14.61
    endloop
  endfacet
  facet normal -0.94704 0.321117 0
    outer loop
      vertex 124.814 52.274 17.75
      vertex 124.751 52.0882 14.61
      vertex 124.751 52.0882 17.75
    endloop
  endfacet
  facet normal -0.321264 0.94699 0
    outer loop
      vertex 125.812 53.1489 14.61
      vertex 125.626 53.0858 17.75
      vertex 125.812 53.1489 17.75
    endloop
  endfacet
  facet normal -0.321264 0.94699 0
    outer loop
      vertex 125.626 53.0858 17.75
      vertex 125.812 53.1489 14.61
      vertex 125.626 53.0858 14.61
    endloop
  endfacet
  facet normal -0.195625 -0.980679 0
    outer loop
      vertex 125.812 48.8511 14.61
      vertex 126.004 48.8128 17.75
      vertex 125.812 48.8511 17.75
    endloop
  endfacet
  facet normal -0.195625 -0.980679 -0
    outer loop
      vertex 126.004 48.8128 17.75
      vertex 125.812 48.8511 14.61
      vertex 126.004 48.8128 14.61
    endloop
  endfacet
  facet normal -0.981049 -0.193762 0
    outer loop
      vertex 124.751 49.9118 14.61
      vertex 124.713 50.1042 17.75
      vertex 124.713 50.1042 14.61
    endloop
  endfacet
  facet normal -0.981049 -0.193762 0
    outer loop
      vertex 124.713 50.1042 17.75
      vertex 124.751 49.9118 14.61
      vertex 124.751 49.9118 17.75
    endloop
  endfacet
  facet normal -0.195625 0.980679 0
    outer loop
      vertex 126.004 53.1872 14.61
      vertex 125.812 53.1489 17.75
      vertex 126.004 53.1872 17.75
    endloop
  endfacet
  facet normal -0.195625 0.980679 0
    outer loop
      vertex 125.812 53.1489 17.75
      vertex 126.004 53.1872 14.61
      vertex 125.812 53.1489 14.61
    endloop
  endfacet
  facet normal -0.831422 0.555641 0
    outer loop
      vertex 124.901 52.45 14.61
      vertex 125.01 52.6131 17.75
      vertex 125.01 52.6131 14.61
    endloop
  endfacet
  facet normal -0.831422 0.555641 0
    outer loop
      vertex 125.01 52.6131 17.75
      vertex 124.901 52.45 14.61
      vertex 124.901 52.45 17.75
    endloop
  endfacet
  facet normal -0.896455 -0.443134 0
    outer loop
      vertex 124.901 49.55 14.61
      vertex 124.814 49.726 17.75
      vertex 124.814 49.726 14.61
    endloop
  endfacet
  facet normal -0.896455 -0.443134 0
    outer loop
      vertex 124.814 49.726 17.75
      vertex 124.901 49.55 14.61
      vertex 124.901 49.55 17.75
    endloop
  endfacet
  facet normal -0.997803 0.0662484 0
    outer loop
      vertex 124.7 51.7 14.61
      vertex 124.713 51.8958 17.75
      vertex 124.713 51.8958 14.61
    endloop
  endfacet
  facet normal -0.997803 0.0662484 0
    outer loop
      vertex 124.713 51.8958 17.75
      vertex 124.7 51.7 14.61
      vertex 124.7 51.7 17.75
    endloop
  endfacet
  facet normal -0.442315 -0.89686 0
    outer loop
      vertex 125.45 49.001 14.61
      vertex 125.626 48.9142 17.75
      vertex 125.45 49.001 17.75
    endloop
  endfacet
  facet normal -0.442315 -0.89686 -0
    outer loop
      vertex 125.626 48.9142 17.75
      vertex 125.45 49.001 14.61
      vertex 125.626 48.9142 14.61
    endloop
  endfacet
  facet normal -0.752956 0.658071 0
    outer loop
      vertex 125.01 52.6131 14.61
      vertex 125.139 52.7607 17.75
      vertex 125.139 52.7607 14.61
    endloop
  endfacet
  facet normal -0.752956 0.658071 0
    outer loop
      vertex 125.139 52.7607 17.75
      vertex 125.01 52.6131 14.61
      vertex 125.01 52.6131 17.75
    endloop
  endfacet
  facet normal -0.752956 -0.658071 0
    outer loop
      vertex 125.139 49.2393 14.61
      vertex 125.01 49.3869 17.75
      vertex 125.01 49.3869 14.61
    endloop
  endfacet
  facet normal -0.752956 -0.658071 0
    outer loop
      vertex 125.01 49.3869 17.75
      vertex 125.139 49.2393 14.61
      vertex 125.139 49.2393 17.75
    endloop
  endfacet
  facet normal -0.657928 -0.753081 0
    outer loop
      vertex 125.139 49.2393 14.61
      vertex 125.287 49.11 17.75
      vertex 125.139 49.2393 17.75
    endloop
  endfacet
  facet normal -0.657928 -0.753081 -0
    outer loop
      vertex 125.287 49.11 17.75
      vertex 125.139 49.2393 14.61
      vertex 125.287 49.11 14.61
    endloop
  endfacet
  facet normal -0.442315 0.89686 0
    outer loop
      vertex 125.626 53.0858 14.61
      vertex 125.45 52.999 17.75
      vertex 125.626 53.0858 17.75
    endloop
  endfacet
  facet normal -0.442315 0.89686 0
    outer loop
      vertex 125.45 52.999 17.75
      vertex 125.626 53.0858 14.61
      vertex 125.45 52.999 14.61
    endloop
  endfacet
  facet normal -0.896455 0.443134 0
    outer loop
      vertex 124.814 52.274 14.61
      vertex 124.901 52.45 17.75
      vertex 124.901 52.45 14.61
    endloop
  endfacet
  facet normal -0.896455 0.443134 0
    outer loop
      vertex 124.901 52.45 17.75
      vertex 124.814 52.274 14.61
      vertex 124.814 52.274 17.75
    endloop
  endfacet
  facet normal -0.555877 -0.831265 0
    outer loop
      vertex 125.287 49.11 14.61
      vertex 125.45 49.001 17.75
      vertex 125.287 49.11 17.75
    endloop
  endfacet
  facet normal -0.555877 -0.831265 -0
    outer loop
      vertex 125.45 49.001 17.75
      vertex 125.287 49.11 14.61
      vertex 125.45 49.001 14.61
    endloop
  endfacet
  facet normal -0.997803 -0.0662484 0
    outer loop
      vertex 124.713 50.1042 14.61
      vertex 124.7 50.3 17.75
      vertex 124.7 50.3 14.61
    endloop
  endfacet
  facet normal -0.997803 -0.0662484 0
    outer loop
      vertex 124.7 50.3 17.75
      vertex 124.713 50.1042 14.61
      vertex 124.713 50.1042 17.75
    endloop
  endfacet
  facet normal -0.555877 0.831265 0
    outer loop
      vertex 125.45 52.999 14.61
      vertex 125.287 52.89 17.75
      vertex 125.45 52.999 17.75
    endloop
  endfacet
  facet normal -0.555877 0.831265 0
    outer loop
      vertex 125.287 52.89 17.75
      vertex 125.45 52.999 14.61
      vertex 125.287 52.89 14.61
    endloop
  endfacet
  facet normal -0.0651673 0.997874 0
    outer loop
      vertex 126.2 53.2 14.61
      vertex 126.004 53.1872 17.75
      vertex 126.2 53.2 17.75
    endloop
  endfacet
  facet normal -0.0651673 0.997874 0
    outer loop
      vertex 126.004 53.1872 17.75
      vertex 126.2 53.2 14.61
      vertex 126.004 53.1872 14.61
    endloop
  endfacet
  facet normal -0.981049 0.193762 0
    outer loop
      vertex 124.713 51.8958 14.61
      vertex 124.751 52.0882 17.75
      vertex 124.751 52.0882 14.61
    endloop
  endfacet
  facet normal -0.981049 0.193762 0
    outer loop
      vertex 124.751 52.0882 17.75
      vertex 124.713 51.8958 14.61
      vertex 124.713 51.8958 17.75
    endloop
  endfacet
  facet normal -0.321264 -0.94699 0
    outer loop
      vertex 125.626 48.9142 14.61
      vertex 125.812 48.8511 17.75
      vertex 125.626 48.9142 17.75
    endloop
  endfacet
  facet normal -0.321264 -0.94699 -0
    outer loop
      vertex 125.812 48.8511 17.75
      vertex 125.626 48.9142 14.61
      vertex 125.812 48.8511 14.61
    endloop
  endfacet
  facet normal -0.831422 -0.555641 0
    outer loop
      vertex 125.01 49.3869 14.61
      vertex 124.901 49.55 17.75
      vertex 124.901 49.55 14.61
    endloop
  endfacet
  facet normal -0.831422 -0.555641 0
    outer loop
      vertex 124.901 49.55 17.75
      vertex 125.01 49.3869 14.61
      vertex 125.01 49.3869 17.75
    endloop
  endfacet
  facet normal 1 -0 0
    outer loop
      vertex 126.45 53.2 3.51
      vertex 126.45 55.4 3.26
      vertex 126.45 55.4 3.51
    endloop
  endfacet
  facet normal 1 0 0
    outer loop
      vertex 126.45 55.4 3.26
      vertex 126.45 53.2 3.51
      vertex 126.45 53.2 3.26
    endloop
  endfacet
  facet normal -1 0 0
    outer loop
      vertex 165.95 46.6 3.26
      vertex 165.95 48.8 17.75
      vertex 165.95 48.8 3.26
    endloop
  endfacet
  facet normal -1 -0 0
    outer loop
      vertex 165.95 48.8 17.75
      vertex 165.95 46.6 3.26
      vertex 165.95 46.6 17.75
    endloop
  endfacet
  facet normal 1 -0 0
    outer loop
      vertex 126.45 46.6 3.51
      vertex 126.45 48.8 3.26
      vertex 126.45 48.8 3.51
    endloop
  endfacet
  facet normal 1 0 0
    outer loop
      vertex 126.45 48.8 3.26
      vertex 126.45 46.6 3.51
      vertex 126.45 46.6 3.26
    endloop
  endfacet
  facet normal -1 0 0
    outer loop
      vertex 165.95 20.2 3.26
      vertex 165.95 22.4 17.75
      vertex 165.95 22.4 3.26
    endloop
  endfacet
  facet normal -1 -0 0
    outer loop
      vertex 165.95 22.4 17.75
      vertex 165.95 20.2 3.26
      vertex 165.95 20.2 17.75
    endloop
  endfacet
  facet normal -0.442315 0.89686 0
    outer loop
      vertex 124.626 25.1858 17.75
      vertex 124.45 25.099 28.11
      vertex 124.626 25.1858 28.11
    endloop
  endfacet
  facet normal -0.442315 0.89686 0
    outer loop
      vertex 124.45 25.099 28.11
      vertex 124.626 25.1858 17.75
      vertex 124.45 25.099 17.75
    endloop
  endfacet
  facet normal -0.321214 0.947007 0
    outer loop
      vertex 124.7 25.2109 17.75
      vertex 124.626 25.1858 28.11
      vertex 124.7 25.2109 28.11
    endloop
  endfacet
  facet normal -0.321214 0.947007 0
    outer loop
      vertex 124.626 25.1858 28.11
      vertex 124.7 25.2109 17.75
      vertex 124.626 25.1858 17.75
    endloop
  endfacet
  facet normal -0.997803 0.0662484 0
    outer loop
      vertex 123.7 23.8 17.75
      vertex 123.713 23.9958 28.11
      vertex 123.713 23.9958 17.75
    endloop
  endfacet
  facet normal -0.997803 0.0662484 0
    outer loop
      vertex 123.713 23.9958 28.11
      vertex 123.7 23.8 17.75
      vertex 123.7 23.8 28.11
    endloop
  endfacet
  facet normal -0.555877 0.831265 0
    outer loop
      vertex 124.45 25.099 17.75
      vertex 124.287 24.99 28.11
      vertex 124.45 25.099 28.11
    endloop
  endfacet
  facet normal -0.555877 0.831265 0
    outer loop
      vertex 124.287 24.99 28.11
      vertex 124.45 25.099 17.75
      vertex 124.287 24.99 17.75
    endloop
  endfacet
  facet normal -0.981049 0.193762 0
    outer loop
      vertex 123.713 23.9958 17.75
      vertex 123.751 24.1882 28.11
      vertex 123.751 24.1882 17.75
    endloop
  endfacet
  facet normal -0.981049 0.193762 0
    outer loop
      vertex 123.751 24.1882 28.11
      vertex 123.713 23.9958 17.75
      vertex 123.713 23.9958 28.11
    endloop
  endfacet
  facet normal -0.752956 0.658071 0
    outer loop
      vertex 124.01 24.7131 17.75
      vertex 124.139 24.8607 28.11
      vertex 124.139 24.8607 17.75
    endloop
  endfacet
  facet normal -0.752956 0.658071 0
    outer loop
      vertex 124.139 24.8607 28.11
      vertex 124.01 24.7131 17.75
      vertex 124.01 24.7131 28.11
    endloop
  endfacet
  facet normal -0.896455 0.443134 0
    outer loop
      vertex 123.814 24.374 17.75
      vertex 123.901 24.55 28.11
      vertex 123.901 24.55 17.75
    endloop
  endfacet
  facet normal -0.896455 0.443134 0
    outer loop
      vertex 123.901 24.55 28.11
      vertex 123.814 24.374 17.75
      vertex 123.814 24.374 28.11
    endloop
  endfacet
  facet normal -0.831422 0.555641 0
    outer loop
      vertex 123.901 24.55 17.75
      vertex 124.01 24.7131 28.11
      vertex 124.01 24.7131 17.75
    endloop
  endfacet
  facet normal -0.831422 0.555641 0
    outer loop
      vertex 124.01 24.7131 28.11
      vertex 123.901 24.55 17.75
      vertex 123.901 24.55 28.11
    endloop
  endfacet
  facet normal -0.94704 0.321117 0
    outer loop
      vertex 123.751 24.1882 17.75
      vertex 123.814 24.374 28.11
      vertex 123.814 24.374 17.75
    endloop
  endfacet
  facet normal -0.94704 0.321117 0
    outer loop
      vertex 123.814 24.374 28.11
      vertex 123.751 24.1882 17.75
      vertex 123.751 24.1882 28.11
    endloop
  endfacet
  facet normal -0.657928 0.753081 0
    outer loop
      vertex 124.287 24.99 17.75
      vertex 124.139 24.8607 28.11
      vertex 124.287 24.99 28.11
    endloop
  endfacet
  facet normal -0.657928 0.753081 0
    outer loop
      vertex 124.139 24.8607 28.11
      vertex 124.287 24.99 17.75
      vertex 124.139 24.8607 17.75
    endloop
  endfacet
  facet normal -0.442315 0.89686 0
    outer loop
      vertex 124.626 20.0858 3.51
      vertex 124.45 19.999 17.75
      vertex 124.626 20.0858 17.75
    endloop
  endfacet
  facet normal -0.442315 0.89686 0
    outer loop
      vertex 124.45 19.999 17.75
      vertex 124.626 20.0858 3.51
      vertex 124.45 19.999 3.51
    endloop
  endfacet
  facet normal -0.657928 0.753081 0
    outer loop
      vertex 124.287 19.89 3.51
      vertex 124.139 19.7607 17.75
      vertex 124.287 19.89 17.75
    endloop
  endfacet
  facet normal -0.657928 0.753081 0
    outer loop
      vertex 124.139 19.7607 17.75
      vertex 124.287 19.89 3.51
      vertex 124.139 19.7607 3.51
    endloop
  endfacet
  facet normal -0.896455 0.443134 0
    outer loop
      vertex 123.814 19.274 3.51
      vertex 123.901 19.45 17.75
      vertex 123.901 19.45 3.51
    endloop
  endfacet
  facet normal -0.896455 0.443134 0
    outer loop
      vertex 123.901 19.45 17.75
      vertex 123.814 19.274 3.51
      vertex 123.814 19.274 17.75
    endloop
  endfacet
  facet normal -0.997803 0.0662484 0
    outer loop
      vertex 123.7 18.7 3.51
      vertex 123.713 18.8958 17.75
      vertex 123.713 18.8958 3.51
    endloop
  endfacet
  facet normal -0.997803 0.0662484 0
    outer loop
      vertex 123.713 18.8958 17.75
      vertex 123.7 18.7 3.51
      vertex 123.7 18.7 17.75
    endloop
  endfacet
  facet normal -0.94704 0.321117 0
    outer loop
      vertex 123.751 19.0882 3.51
      vertex 123.814 19.274 17.75
      vertex 123.814 19.274 3.51
    endloop
  endfacet
  facet normal -0.94704 0.321117 0
    outer loop
      vertex 123.814 19.274 17.75
      vertex 123.751 19.0882 3.51
      vertex 123.751 19.0882 17.75
    endloop
  endfacet
  facet normal -0.981049 0.193762 0
    outer loop
      vertex 123.713 18.8958 3.51
      vertex 123.751 19.0882 17.75
      vertex 123.751 19.0882 3.51
    endloop
  endfacet
  facet normal -0.981049 0.193762 0
    outer loop
      vertex 123.751 19.0882 17.75
      vertex 123.713 18.8958 3.51
      vertex 123.713 18.8958 17.75
    endloop
  endfacet
  facet normal -0.321264 0.94699 0
    outer loop
      vertex 124.812 20.1489 3.51
      vertex 124.626 20.0858 17.75
      vertex 124.812 20.1489 17.75
    endloop
  endfacet
  facet normal -0.321264 0.94699 0
    outer loop
      vertex 124.626 20.0858 17.75
      vertex 124.812 20.1489 3.51
      vertex 124.626 20.0858 3.51
    endloop
  endfacet
  facet normal -0.831422 0.555641 0
    outer loop
      vertex 123.901 19.45 3.51
      vertex 124.01 19.6131 17.75
      vertex 124.01 19.6131 3.51
    endloop
  endfacet
  facet normal -0.831422 0.555641 0
    outer loop
      vertex 124.01 19.6131 17.75
      vertex 123.901 19.45 3.51
      vertex 123.901 19.45 17.75
    endloop
  endfacet
  facet normal -0.752956 0.658071 0
    outer loop
      vertex 124.01 19.6131 3.51
      vertex 124.139 19.7607 17.75
      vertex 124.139 19.7607 3.51
    endloop
  endfacet
  facet normal -0.752956 0.658071 0
    outer loop
      vertex 124.139 19.7607 17.75
      vertex 124.01 19.6131 3.51
      vertex 124.01 19.6131 17.75
    endloop
  endfacet
  facet normal -0.555877 0.831265 0
    outer loop
      vertex 124.45 19.999 3.51
      vertex 124.287 19.89 17.75
      vertex 124.45 19.999 17.75
    endloop
  endfacet
  facet normal -0.555877 0.831265 0
    outer loop
      vertex 124.287 19.89 17.75
      vertex 124.45 19.999 3.51
      vertex 124.287 19.89 3.51
    endloop
  endfacet
  facet normal -0.195625 0.980679 0
    outer loop
      vertex 125.004 20.1872 3.51
      vertex 124.812 20.1489 17.75
      vertex 125.004 20.1872 17.75
    endloop
  endfacet
  facet normal -0.195625 0.980679 0
    outer loop
      vertex 124.812 20.1489 17.75
      vertex 125.004 20.1872 3.51
      vertex 124.812 20.1489 3.51
    endloop
  endfacet
  facet normal -0.0651673 0.997874 0
    outer loop
      vertex 125.2 20.2 3.51
      vertex 125.004 20.1872 17.75
      vertex 125.2 20.2 17.75
    endloop
  endfacet
  facet normal -0.0651673 0.997874 0
    outer loop
      vertex 125.004 20.1872 17.75
      vertex 125.2 20.2 3.51
      vertex 125.004 20.1872 3.51
    endloop
  endfacet
  facet normal 0 0 -1
    outer loop
      vertex 153.693 18.8 4.02
      vertex 162.713 18.8958 4.02
      vertex 162.707 18.8 4.02
    endloop
  endfacet
  facet normal 0 0 -1
    outer loop
      vertex 153.687 18.8958 4.02
      vertex 162.713 18.8958 4.02
      vertex 153.693 18.8 4.02
    endloop
  endfacet
  facet normal 0 0 -1
    outer loop
      vertex 162.713 18.8958 4.02
      vertex 153.687 18.8958 4.02
      vertex 162.751 19.0882 4.02
    endloop
  endfacet
  facet normal 0 0 -1
    outer loop
      vertex 153.649 19.0882 4.02
      vertex 162.751 19.0882 4.02
      vertex 153.687 18.8958 4.02
    endloop
  endfacet
  facet normal 0 0 -1
    outer loop
      vertex 162.751 19.0882 4.02
      vertex 153.649 19.0882 4.02
      vertex 162.814 19.274 4.02
    endloop
  endfacet
  facet normal 0 0 -1
    outer loop
      vertex 153.586 19.274 4.02
      vertex 162.814 19.274 4.02
      vertex 153.649 19.0882 4.02
    endloop
  endfacet
  facet normal 0 0 -1
    outer loop
      vertex 162.814 19.274 4.02
      vertex 153.586 19.274 4.02
      vertex 162.901 19.45 4.02
    endloop
  endfacet
  facet normal 0 0 -1
    outer loop
      vertex 153.499 19.45 4.02
      vertex 162.901 19.45 4.02
      vertex 153.586 19.274 4.02
    endloop
  endfacet
  facet normal 0 0 -1
    outer loop
      vertex 162.901 19.45 4.02
      vertex 153.499 19.45 4.02
      vertex 163.01 19.6131 4.02
    endloop
  endfacet
  facet normal 0 0 -1
    outer loop
      vertex 153.39 19.6131 4.02
      vertex 163.01 19.6131 4.02
      vertex 153.499 19.45 4.02
    endloop
  endfacet
  facet normal 0 0 -1
    outer loop
      vertex 163.01 19.6131 4.02
      vertex 153.39 19.6131 4.02
      vertex 163.139 19.7607 4.02
    endloop
  endfacet
  facet normal 0 0 -1
    outer loop
      vertex 153.261 19.7607 4.02
      vertex 163.139 19.7607 4.02
      vertex 153.39 19.6131 4.02
    endloop
  endfacet
  facet normal 0 0 -1
    outer loop
      vertex 163.139 19.7607 4.02
      vertex 153.261 19.7607 4.02
      vertex 163.287 19.89 4.02
    endloop
  endfacet
  facet normal 0 0 -1
    outer loop
      vertex 153.113 19.89 4.02
      vertex 163.287 19.89 4.02
      vertex 153.261 19.7607 4.02
    endloop
  endfacet
  facet normal 0 0 -1
    outer loop
      vertex 163.287 19.89 4.02
      vertex 153.113 19.89 4.02
      vertex 163.45 19.999 4.02
    endloop
  endfacet
  facet normal 0 0 -1
    outer loop
      vertex 152.95 19.999 4.02
      vertex 163.45 19.999 4.02
      vertex 153.113 19.89 4.02
    endloop
  endfacet
  facet normal 0 0 -1
    outer loop
      vertex 163.45 19.999 4.02
      vertex 152.95 19.999 4.02
      vertex 163.626 20.0858 4.02
    endloop
  endfacet
  facet normal 0 0 -1
    outer loop
      vertex 152.774 20.0858 4.02
      vertex 163.626 20.0858 4.02
      vertex 152.95 19.999 4.02
    endloop
  endfacet
  facet normal 0 0 -1
    outer loop
      vertex 163.626 20.0858 4.02
      vertex 152.774 20.0858 4.02
      vertex 163.812 20.1489 4.02
    endloop
  endfacet
  facet normal 0 0 -1
    outer loop
      vertex 152.588 20.1489 4.02
      vertex 163.812 20.1489 4.02
      vertex 152.774 20.0858 4.02
    endloop
  endfacet
  facet normal 0 0 -1
    outer loop
      vertex 163.812 20.1489 4.02
      vertex 152.588 20.1489 4.02
      vertex 164.004 20.1872 4.02
    endloop
  endfacet
  facet normal 0 0 -1
    outer loop
      vertex 152.396 20.1872 4.02
      vertex 164.004 20.1872 4.02
      vertex 152.588 20.1489 4.02
    endloop
  endfacet
  facet normal 0 0 -1
    outer loop
      vertex 164.004 20.1872 4.02
      vertex 152.396 20.1872 4.02
      vertex 164.2 20.2 4.02
    endloop
  endfacet
  facet normal -0 0 -1
    outer loop
      vertex 164.2 20.2 4.02
      vertex 152.396 20.1872 4.02
      vertex 152.2 20.2 4.02
    endloop
  endfacet
  facet normal 1 -0 0
    outer loop
      vertex 126.45 20.2 3.51
      vertex 126.45 22.4 3.26
      vertex 126.45 22.4 3.51
    endloop
  endfacet
  facet normal 1 0 0
    outer loop
      vertex 126.45 22.4 3.26
      vertex 126.45 20.2 3.51
      vertex 126.45 20.2 3.26
    endloop
  endfacet
  facet normal -1 0 0
    outer loop
      vertex 165.95 33.4 3.26
      vertex 165.95 35.6 17.75
      vertex 165.95 35.6 3.26
    endloop
  endfacet
  facet normal -1 -0 0
    outer loop
      vertex 165.95 35.6 17.75
      vertex 165.95 33.4 3.26
      vertex 165.95 33.4 17.75
    endloop
  endfacet
  facet normal 1 -0 0
    outer loop
      vertex 126.45 33.4 3.51
      vertex 126.45 35.6 3.26
      vertex 126.45 35.6 3.51
    endloop
  endfacet
  facet normal 1 0 0
    outer loop
      vertex 126.45 35.6 3.26
      vertex 126.45 33.4 3.51
      vertex 126.45 33.4 3.26
    endloop
  endfacet
  facet normal -0.997803 -0.0662484 0
    outer loop
      vertex 123.713 23.7042 3.51
      vertex 123.7 23.9 14.61
      vertex 123.7 23.9 3.51
    endloop
  endfacet
  facet normal -0.997803 -0.0662484 0
    outer loop
      vertex 123.7 23.9 14.61
      vertex 123.713 23.7042 3.51
      vertex 123.713 23.7042 14.61
    endloop
  endfacet
  facet normal -0.752956 0.658071 0
    outer loop
      vertex 124.01 26.2131 3.51
      vertex 124.139 26.3607 14.61
      vertex 124.139 26.3607 3.51
    endloop
  endfacet
  facet normal -0.752956 0.658071 0
    outer loop
      vertex 124.139 26.3607 14.61
      vertex 124.01 26.2131 3.51
      vertex 124.01 26.2131 14.61
    endloop
  endfacet
  facet normal -0.321264 -0.94699 0
    outer loop
      vertex 124.626 22.5142 3.51
      vertex 124.812 22.4511 14.61
      vertex 124.626 22.5142 14.61
    endloop
  endfacet
  facet normal -0.321264 -0.94699 -0
    outer loop
      vertex 124.812 22.4511 14.61
      vertex 124.626 22.5142 3.51
      vertex 124.812 22.4511 3.51
    endloop
  endfacet
  facet normal -0.896455 0.443134 0
    outer loop
      vertex 123.814 25.874 3.51
      vertex 123.901 26.05 14.61
      vertex 123.901 26.05 3.51
    endloop
  endfacet
  facet normal -0.896455 0.443134 0
    outer loop
      vertex 123.901 26.05 14.61
      vertex 123.814 25.874 3.51
      vertex 123.814 25.874 14.61
    endloop
  endfacet
  facet normal -0.831422 0.555641 0
    outer loop
      vertex 123.901 26.05 3.51
      vertex 124.01 26.2131 14.61
      vertex 124.01 26.2131 3.51
    endloop
  endfacet
  facet normal -0.831422 0.555641 0
    outer loop
      vertex 124.01 26.2131 14.61
      vertex 123.901 26.05 3.51
      vertex 123.901 26.05 14.61
    endloop
  endfacet
  facet normal -0.94704 0.321117 0
    outer loop
      vertex 123.751 25.6882 3.51
      vertex 123.814 25.874 14.61
      vertex 123.814 25.874 3.51
    endloop
  endfacet
  facet normal -0.94704 0.321117 0
    outer loop
      vertex 123.814 25.874 14.61
      vertex 123.751 25.6882 3.51
      vertex 123.751 25.6882 14.61
    endloop
  endfacet
  facet normal -1 0 0
    outer loop
      vertex 123.7 23.9 3.51
      vertex 123.7 25.3 14.61
      vertex 123.7 25.3 3.51
    endloop
  endfacet
  facet normal -1 -0 0
    outer loop
      vertex 123.7 25.3 14.61
      vertex 123.7 23.9 3.51
      vertex 123.7 23.9 14.61
    endloop
  endfacet
  facet normal -0.442315 0.89686 0
    outer loop
      vertex 124.626 26.6858 3.51
      vertex 124.45 26.599 14.61
      vertex 124.626 26.6858 14.61
    endloop
  endfacet
  facet normal -0.442315 0.89686 0
    outer loop
      vertex 124.45 26.599 14.61
      vertex 124.626 26.6858 3.51
      vertex 124.45 26.599 3.51
    endloop
  endfacet
  facet normal -0.195625 0.980679 0
    outer loop
      vertex 125.004 26.7872 3.51
      vertex 124.812 26.7489 14.61
      vertex 125.004 26.7872 14.61
    endloop
  endfacet
  facet normal -0.195625 0.980679 0
    outer loop
      vertex 124.812 26.7489 14.61
      vertex 125.004 26.7872 3.51
      vertex 124.812 26.7489 3.51
    endloop
  endfacet
  facet normal -0.657928 -0.753081 0
    outer loop
      vertex 124.139 22.8393 3.51
      vertex 124.287 22.71 14.61
      vertex 124.139 22.8393 14.61
    endloop
  endfacet
  facet normal -0.657928 -0.753081 -0
    outer loop
      vertex 124.287 22.71 14.61
      vertex 124.139 22.8393 3.51
      vertex 124.287 22.71 3.51
    endloop
  endfacet
  facet normal -0.94704 -0.321117 0
    outer loop
      vertex 123.814 23.326 3.51
      vertex 123.751 23.5118 14.61
      vertex 123.751 23.5118 3.51
    endloop
  endfacet
  facet normal -0.94704 -0.321117 0
    outer loop
      vertex 123.751 23.5118 14.61
      vertex 123.814 23.326 3.51
      vertex 123.814 23.326 14.61
    endloop
  endfacet
  facet normal -0.555877 0.831265 0
    outer loop
      vertex 124.45 26.599 3.51
      vertex 124.287 26.49 14.61
      vertex 124.45 26.599 14.61
    endloop
  endfacet
  facet normal -0.555877 0.831265 0
    outer loop
      vertex 124.287 26.49 14.61
      vertex 124.45 26.599 3.51
      vertex 124.287 26.49 3.51
    endloop
  endfacet
  facet normal -0.981049 -0.193762 0
    outer loop
      vertex 123.751 23.5118 3.51
      vertex 123.713 23.7042 14.61
      vertex 123.713 23.7042 3.51
    endloop
  endfacet
  facet normal -0.981049 -0.193762 0
    outer loop
      vertex 123.713 23.7042 14.61
      vertex 123.751 23.5118 3.51
      vertex 123.751 23.5118 14.61
    endloop
  endfacet
  facet normal -0.896455 -0.443134 0
    outer loop
      vertex 123.901 23.15 3.51
      vertex 123.814 23.326 14.61
      vertex 123.814 23.326 3.51
    endloop
  endfacet
  facet normal -0.896455 -0.443134 0
    outer loop
      vertex 123.814 23.326 14.61
      vertex 123.901 23.15 3.51
      vertex 123.901 23.15 14.61
    endloop
  endfacet
  facet normal -0.321264 0.94699 0
    outer loop
      vertex 124.812 26.7489 3.51
      vertex 124.626 26.6858 14.61
      vertex 124.812 26.7489 14.61
    endloop
  endfacet
  facet normal -0.321264 0.94699 0
    outer loop
      vertex 124.626 26.6858 14.61
      vertex 124.812 26.7489 3.51
      vertex 124.626 26.6858 3.51
    endloop
  endfacet
  facet normal -0.831422 -0.555641 0
    outer loop
      vertex 124.01 22.9869 3.51
      vertex 123.901 23.15 14.61
      vertex 123.901 23.15 3.51
    endloop
  endfacet
  facet normal -0.831422 -0.555641 0
    outer loop
      vertex 123.901 23.15 14.61
      vertex 124.01 22.9869 3.51
      vertex 124.01 22.9869 14.61
    endloop
  endfacet
  facet normal -0.981049 0.193762 0
    outer loop
      vertex 123.713 25.4958 3.51
      vertex 123.751 25.6882 14.61
      vertex 123.751 25.6882 3.51
    endloop
  endfacet
  facet normal -0.981049 0.193762 0
    outer loop
      vertex 123.751 25.6882 14.61
      vertex 123.713 25.4958 3.51
      vertex 123.713 25.4958 14.61
    endloop
  endfacet
  facet normal -0.997803 0.0662484 0
    outer loop
      vertex 123.7 25.3 3.51
      vertex 123.713 25.4958 14.61
      vertex 123.713 25.4958 3.51
    endloop
  endfacet
  facet normal -0.997803 0.0662484 0
    outer loop
      vertex 123.713 25.4958 14.61
      vertex 123.7 25.3 3.51
      vertex 123.7 25.3 14.61
    endloop
  endfacet
  facet normal -0.442315 -0.89686 0
    outer loop
      vertex 124.45 22.601 3.51
      vertex 124.626 22.5142 14.61
      vertex 124.45 22.601 14.61
    endloop
  endfacet
  facet normal -0.442315 -0.89686 -0
    outer loop
      vertex 124.626 22.5142 14.61
      vertex 124.45 22.601 3.51
      vertex 124.626 22.5142 3.51
    endloop
  endfacet
  facet normal -0.195625 -0.980679 0
    outer loop
      vertex 124.812 22.4511 3.51
      vertex 125.004 22.4128 14.61
      vertex 124.812 22.4511 14.61
    endloop
  endfacet
  facet normal -0.195625 -0.980679 -0
    outer loop
      vertex 125.004 22.4128 14.61
      vertex 124.812 22.4511 3.51
      vertex 125.004 22.4128 3.51
    endloop
  endfacet
  facet normal -0.0651673 -0.997874 0
    outer loop
      vertex 125.004 22.4128 3.51
      vertex 125.2 22.4 14.61
      vertex 125.004 22.4128 14.61
    endloop
  endfacet
  facet normal -0.0651673 -0.997874 -0
    outer loop
      vertex 125.2 22.4 14.61
      vertex 125.004 22.4128 3.51
      vertex 125.2 22.4 3.51
    endloop
  endfacet
  facet normal -0.555877 -0.831265 0
    outer loop
      vertex 124.287 22.71 3.51
      vertex 124.45 22.601 14.61
      vertex 124.287 22.71 14.61
    endloop
  endfacet
  facet normal -0.555877 -0.831265 -0
    outer loop
      vertex 124.45 22.601 14.61
      vertex 124.287 22.71 3.51
      vertex 124.45 22.601 3.51
    endloop
  endfacet
  facet normal 0 0 1
    outer loop
      vertex 162.7 25.3 3.52
      vertex 153.7 25.3 3.52
      vertex 162.7 23.9 3.52
    endloop
  endfacet
  facet normal 0 0 1
    outer loop
      vertex 162.713 25.4958 3.52
      vertex 153.7 25.3 3.52
      vertex 162.7 25.3 3.52
    endloop
  endfacet
  facet normal 0 0 1
    outer loop
      vertex 153.687 25.4958 3.52
      vertex 162.713 25.4958 3.52
      vertex 162.751 25.6882 3.52
    endloop
  endfacet
  facet normal 0 0 1
    outer loop
      vertex 153.649 25.6882 3.52
      vertex 162.751 25.6882 3.52
      vertex 162.814 25.874 3.52
    endloop
  endfacet
  facet normal 0 0 1
    outer loop
      vertex 153.586 25.874 3.52
      vertex 162.814 25.874 3.52
      vertex 162.901 26.05 3.52
    endloop
  endfacet
  facet normal 0 0 1
    outer loop
      vertex 153.499 26.05 3.52
      vertex 162.901 26.05 3.52
      vertex 163.01 26.2131 3.52
    endloop
  endfacet
  facet normal 0 0 1
    outer loop
      vertex 153.39 26.2131 3.52
      vertex 163.01 26.2131 3.52
      vertex 163.139 26.3607 3.52
    endloop
  endfacet
  facet normal 0 0 1
    outer loop
      vertex 153.261 26.3607 3.52
      vertex 163.139 26.3607 3.52
      vertex 163.287 26.49 3.52
    endloop
  endfacet
  facet normal 0 0 1
    outer loop
      vertex 153.113 26.49 3.52
      vertex 163.287 26.49 3.52
      vertex 163.45 26.599 3.52
    endloop
  endfacet
  facet normal 0 0 1
    outer loop
      vertex 152.95 26.599 3.52
      vertex 163.45 26.599 3.52
      vertex 163.626 26.6858 3.52
    endloop
  endfacet
  facet normal 0 0 1
    outer loop
      vertex 152.774 26.6858 3.52
      vertex 163.626 26.6858 3.52
      vertex 163.812 26.7489 3.52
    endloop
  endfacet
  facet normal 0 0 1
    outer loop
      vertex 152.588 26.7489 3.52
      vertex 163.812 26.7489 3.52
      vertex 164.004 26.7872 3.52
    endloop
  endfacet
  facet normal 0 0 1
    outer loop
      vertex 162.713 25.4958 3.52
      vertex 153.687 25.4958 3.52
      vertex 153.7 25.3 3.52
    endloop
  endfacet
  facet normal 0 0 1
    outer loop
      vertex 162.751 25.6882 3.52
      vertex 153.649 25.6882 3.52
      vertex 153.687 25.4958 3.52
    endloop
  endfacet
  facet normal 0 0 1
    outer loop
      vertex 162.814 25.874 3.52
      vertex 153.586 25.874 3.52
      vertex 153.649 25.6882 3.52
    endloop
  endfacet
  facet normal 0 0 1
    outer loop
      vertex 162.901 26.05 3.52
      vertex 153.499 26.05 3.52
      vertex 153.586 25.874 3.52
    endloop
  endfacet
  facet normal 0 0 1
    outer loop
      vertex 163.01 26.2131 3.52
      vertex 153.39 26.2131 3.52
      vertex 153.499 26.05 3.52
    endloop
  endfacet
  facet normal 0 0 1
    outer loop
      vertex 152.396 26.7872 3.52
      vertex 164.004 26.7872 3.52
      vertex 164.2 26.8 3.52
    endloop
  endfacet
  facet normal 0 0 1
    outer loop
      vertex 163.139 26.3607 3.52
      vertex 153.261 26.3607 3.52
      vertex 153.39 26.2131 3.52
    endloop
  endfacet
  facet normal 0 0 1
    outer loop
      vertex 163.287 26.49 3.52
      vertex 153.113 26.49 3.52
      vertex 153.261 26.3607 3.52
    endloop
  endfacet
  facet normal 0 0 1
    outer loop
      vertex 163.45 26.599 3.52
      vertex 152.95 26.599 3.52
      vertex 153.113 26.49 3.52
    endloop
  endfacet
  facet normal 0 0 1
    outer loop
      vertex 163.626 26.6858 3.52
      vertex 152.774 26.6858 3.52
      vertex 152.95 26.599 3.52
    endloop
  endfacet
  facet normal 0 0 1
    outer loop
      vertex 163.812 26.7489 3.52
      vertex 152.588 26.7489 3.52
      vertex 152.774 26.6858 3.52
    endloop
  endfacet
  facet normal 0 0 1
    outer loop
      vertex 164.004 26.7872 3.52
      vertex 152.396 26.7872 3.52
      vertex 152.588 26.7489 3.52
    endloop
  endfacet
  facet normal 0 -0 1
    outer loop
      vertex 152.396 26.7872 3.52
      vertex 164.2 26.8 3.52
      vertex 152.2 26.8 3.52
    endloop
  endfacet
  facet normal 0 0 1
    outer loop
      vertex 153.7 23.9 3.52
      vertex 162.7 23.9 3.52
      vertex 153.7 25.3 3.52
    endloop
  endfacet
  facet normal 0 0 1
    outer loop
      vertex 162.7 23.9 3.52
      vertex 153.7 23.9 3.52
      vertex 162.713 23.7042 3.52
    endloop
  endfacet
  facet normal 0 0 1
    outer loop
      vertex 153.687 23.7042 3.52
      vertex 162.713 23.7042 3.52
      vertex 153.7 23.9 3.52
    endloop
  endfacet
  facet normal 0 0 1
    outer loop
      vertex 162.713 23.7042 3.52
      vertex 153.687 23.7042 3.52
      vertex 162.751 23.5118 3.52
    endloop
  endfacet
  facet normal 0 0 1
    outer loop
      vertex 153.649 23.5118 3.52
      vertex 162.751 23.5118 3.52
      vertex 153.687 23.7042 3.52
    endloop
  endfacet
  facet normal 0 0 1
    outer loop
      vertex 162.751 23.5118 3.52
      vertex 153.649 23.5118 3.52
      vertex 162.814 23.326 3.52
    endloop
  endfacet
  facet normal 0 0 1
    outer loop
      vertex 153.586 23.326 3.52
      vertex 162.814 23.326 3.52
      vertex 153.649 23.5118 3.52
    endloop
  endfacet
  facet normal 0 0 1
    outer loop
      vertex 162.814 23.326 3.52
      vertex 153.586 23.326 3.52
      vertex 162.901 23.15 3.52
    endloop
  endfacet
  facet normal 0 0 1
    outer loop
      vertex 153.499 23.15 3.52
      vertex 162.901 23.15 3.52
      vertex 153.586 23.326 3.52
    endloop
  endfacet
  facet normal 0 0 1
    outer loop
      vertex 162.901 23.15 3.52
      vertex 153.499 23.15 3.52
      vertex 163.01 22.9869 3.52
    endloop
  endfacet
  facet normal 0 0 1
    outer loop
      vertex 153.39 22.9869 3.52
      vertex 163.01 22.9869 3.52
      vertex 153.499 23.15 3.52
    endloop
  endfacet
  facet normal 0 0 1
    outer loop
      vertex 163.01 22.9869 3.52
      vertex 153.39 22.9869 3.52
      vertex 163.139 22.8393 3.52
    endloop
  endfacet
  facet normal 0 0 1
    outer loop
      vertex 153.261 22.8393 3.52
      vertex 163.139 22.8393 3.52
      vertex 153.39 22.9869 3.52
    endloop
  endfacet
  facet normal 0 0 1
    outer loop
      vertex 163.139 22.8393 3.52
      vertex 153.261 22.8393 3.52
      vertex 163.287 22.71 3.52
    endloop
  endfacet
  facet normal 0 0 1
    outer loop
      vertex 153.113 22.71 3.52
      vertex 163.287 22.71 3.52
      vertex 153.261 22.8393 3.52
    endloop
  endfacet
  facet normal 0 0 1
    outer loop
      vertex 163.287 22.71 3.52
      vertex 153.113 22.71 3.52
      vertex 163.45 22.601 3.52
    endloop
  endfacet
  facet normal 0 0 1
    outer loop
      vertex 152.95 22.601 3.52
      vertex 163.45 22.601 3.52
      vertex 153.113 22.71 3.52
    endloop
  endfacet
  facet normal 0 0 1
    outer loop
      vertex 163.45 22.601 3.52
      vertex 152.95 22.601 3.52
      vertex 163.626 22.5142 3.52
    endloop
  endfacet
  facet normal 0 0 1
    outer loop
      vertex 152.774 22.5142 3.52
      vertex 163.626 22.5142 3.52
      vertex 152.95 22.601 3.52
    endloop
  endfacet
  facet normal 0 0 1
    outer loop
      vertex 163.626 22.5142 3.52
      vertex 152.774 22.5142 3.52
      vertex 163.812 22.4511 3.52
    endloop
  endfacet
  facet normal 0 0 1
    outer loop
      vertex 152.588 22.4511 3.52
      vertex 163.812 22.4511 3.52
      vertex 152.774 22.5142 3.52
    endloop
  endfacet
  facet normal 0 0 1
    outer loop
      vertex 163.812 22.4511 3.52
      vertex 152.588 22.4511 3.52
      vertex 164.004 22.4128 3.52
    endloop
  endfacet
  facet normal 0 0 1
    outer loop
      vertex 152.396 22.4128 3.52
      vertex 164.004 22.4128 3.52
      vertex 152.588 22.4511 3.52
    endloop
  endfacet
  facet normal 0 0 1
    outer loop
      vertex 164.004 22.4128 3.52
      vertex 152.396 22.4128 3.52
      vertex 164.2 22.4 3.52
    endloop
  endfacet
  facet normal 0 0 1
    outer loop
      vertex 164.2 22.4 3.52
      vertex 152.396 22.4128 3.52
      vertex 152.2 22.4 3.52
    endloop
  endfacet
  facet normal -0.657928 0.753081 0
    outer loop
      vertex 124.287 26.49 3.51
      vertex 124.139 26.3607 14.61
      vertex 124.287 26.49 14.61
    endloop
  endfacet
  facet normal -0.657928 0.753081 0
    outer loop
      vertex 124.139 26.3607 14.61
      vertex 124.287 26.49 3.51
      vertex 124.139 26.3607 3.51
    endloop
  endfacet
  facet normal -0.0651673 0.997874 0
    outer loop
      vertex 125.2 26.8 3.51
      vertex 125.004 26.7872 14.61
      vertex 125.2 26.8 14.61
    endloop
  endfacet
  facet normal -0.0651673 0.997874 0
    outer loop
      vertex 125.004 26.7872 14.61
      vertex 125.2 26.8 3.51
      vertex 125.004 26.7872 3.51
    endloop
  endfacet
  facet normal -0.752956 -0.658071 0
    outer loop
      vertex 124.139 22.8393 3.51
      vertex 124.01 22.9869 14.61
      vertex 124.01 22.9869 3.51
    endloop
  endfacet
  facet normal -0.752956 -0.658071 0
    outer loop
      vertex 124.01 22.9869 14.61
      vertex 124.139 22.8393 3.51
      vertex 124.139 22.8393 14.61
    endloop
  endfacet
  facet normal -0 0 1
    outer loop
      vertex 125.2 26.8 14.61
      vertex 126.004 26.7872 14.61
      vertex 126.2 26.8 14.61
    endloop
  endfacet
  facet normal 0 0 1
    outer loop
      vertex 125.2 26.8 14.61
      vertex 125.812 26.7489 14.61
      vertex 126.004 26.7872 14.61
    endloop
  endfacet
  facet normal 0 0 1
    outer loop
      vertex 125.2 26.8 14.61
      vertex 125.626 26.6858 14.61
      vertex 125.812 26.7489 14.61
    endloop
  endfacet
  facet normal 0 0 1
    outer loop
      vertex 125.2 26.8 14.61
      vertex 125.45 26.599 14.61
      vertex 125.626 26.6858 14.61
    endloop
  endfacet
  facet normal 0 0 1
    outer loop
      vertex 125.2 26.8 14.61
      vertex 125.287 26.49 14.61
      vertex 125.45 26.599 14.61
    endloop
  endfacet
  facet normal -0 0 1
    outer loop
      vertex 125.004 26.7872 14.61
      vertex 125.287 26.49 14.61
      vertex 125.2 26.8 14.61
    endloop
  endfacet
  facet normal 0 0 1
    outer loop
      vertex 125.287 26.49 14.61
      vertex 125.004 26.7872 14.61
      vertex 125.139 26.3607 14.61
    endloop
  endfacet
  facet normal -0 0 1
    outer loop
      vertex 124.812 26.7489 14.61
      vertex 125.139 26.3607 14.61
      vertex 125.004 26.7872 14.61
    endloop
  endfacet
  facet normal 0 0 1
    outer loop
      vertex 125.139 26.3607 14.61
      vertex 124.812 26.7489 14.61
      vertex 125.01 26.2131 14.61
    endloop
  endfacet
  facet normal -0 0 1
    outer loop
      vertex 124.626 26.6858 14.61
      vertex 125.01 26.2131 14.61
      vertex 124.812 26.7489 14.61
    endloop
  endfacet
  facet normal -0 0 1
    outer loop
      vertex 124.45 26.599 14.61
      vertex 125.01 26.2131 14.61
      vertex 124.626 26.6858 14.61
    endloop
  endfacet
  facet normal 0 0 1
    outer loop
      vertex 125.01 26.2131 14.61
      vertex 124.45 26.599 14.61
      vertex 124.901 26.05 14.61
    endloop
  endfacet
  facet normal -0 0 1
    outer loop
      vertex 124.287 26.49 14.61
      vertex 124.901 26.05 14.61
      vertex 124.45 26.599 14.61
    endloop
  endfacet
  facet normal -0 0 1
    outer loop
      vertex 124.01 26.2131 14.61
      vertex 124.814 25.874 14.61
      vertex 124.139 26.3607 14.61
    endloop
  endfacet
  facet normal -0 0 1
    outer loop
      vertex 124.139 26.3607 14.61
      vertex 124.814 25.874 14.61
      vertex 124.287 26.49 14.61
    endloop
  endfacet
  facet normal 0 0 1
    outer loop
      vertex 124.901 26.05 14.61
      vertex 124.287 26.49 14.61
      vertex 124.814 25.874 14.61
    endloop
  endfacet
  facet normal 0 0 1
    outer loop
      vertex 126.004 22.4128 14.61
      vertex 125.2 22.4 14.61
      vertex 126.2 22.4 14.61
    endloop
  endfacet
  facet normal 0 0 1
    outer loop
      vertex 125.812 22.4511 14.61
      vertex 125.2 22.4 14.61
      vertex 126.004 22.4128 14.61
    endloop
  endfacet
  facet normal 0 0 1
    outer loop
      vertex 125.626 22.5142 14.61
      vertex 125.2 22.4 14.61
      vertex 125.812 22.4511 14.61
    endloop
  endfacet
  facet normal 0 0 1
    outer loop
      vertex 125.45 22.601 14.61
      vertex 125.2 22.4 14.61
      vertex 125.626 22.5142 14.61
    endloop
  endfacet
  facet normal 0 0 1
    outer loop
      vertex 125.287 22.71 14.61
      vertex 125.2 22.4 14.61
      vertex 125.45 22.601 14.61
    endloop
  endfacet
  facet normal 0 0 1
    outer loop
      vertex 125.004 22.4128 14.61
      vertex 125.287 22.71 14.61
      vertex 125.139 22.8393 14.61
    endloop
  endfacet
  facet normal 0 0 1
    outer loop
      vertex 124.812 22.4511 14.61
      vertex 125.139 22.8393 14.61
      vertex 125.01 22.9869 14.61
    endloop
  endfacet
  facet normal 0 0 1
    outer loop
      vertex 125.287 22.71 14.61
      vertex 125.004 22.4128 14.61
      vertex 125.2 22.4 14.61
    endloop
  endfacet
  facet normal 0 0 1
    outer loop
      vertex 124.45 22.601 14.61
      vertex 125.01 22.9869 14.61
      vertex 124.901 23.15 14.61
    endloop
  endfacet
  facet normal 0 0 1
    outer loop
      vertex 124.287 22.71 14.61
      vertex 124.901 23.15 14.61
      vertex 124.814 23.326 14.61
    endloop
  endfacet
  facet normal 0 0 1
    outer loop
      vertex 125.139 22.8393 14.61
      vertex 124.812 22.4511 14.61
      vertex 125.004 22.4128 14.61
    endloop
  endfacet
  facet normal 0 0 1
    outer loop
      vertex 124.01 22.9869 14.61
      vertex 124.814 23.326 14.61
      vertex 124.751 23.5118 14.61
    endloop
  endfacet
  facet normal 0 0 1
    outer loop
      vertex 123.814 23.326 14.61
      vertex 124.751 23.5118 14.61
      vertex 124.713 23.7042 14.61
    endloop
  endfacet
  facet normal 0 0 1
    outer loop
      vertex 125.01 22.9869 14.61
      vertex 124.626 22.5142 14.61
      vertex 124.812 22.4511 14.61
    endloop
  endfacet
  facet normal 0 0 1
    outer loop
      vertex 123.713 23.7042 14.61
      vertex 124.713 23.7042 14.61
      vertex 124.7 23.9 14.61
    endloop
  endfacet
  facet normal 0 0 1
    outer loop
      vertex 124.7 25.3 14.61
      vertex 123.7 25.3 14.61
      vertex 124.7 23.9 14.61
    endloop
  endfacet
  facet normal 0 0 1
    outer loop
      vertex 124.814 25.874 14.61
      vertex 124.01 26.2131 14.61
      vertex 124.751 25.6882 14.61
    endloop
  endfacet
  facet normal 0 0 1
    outer loop
      vertex 123.7 23.9 14.61
      vertex 124.7 23.9 14.61
      vertex 123.7 25.3 14.61
    endloop
  endfacet
  facet normal -0 0 1
    outer loop
      vertex 123.901 26.05 14.61
      vertex 124.751 25.6882 14.61
      vertex 124.01 26.2131 14.61
    endloop
  endfacet
  facet normal 0 -0 1
    outer loop
      vertex 123.713 23.7042 14.61
      vertex 124.7 23.9 14.61
      vertex 123.7 23.9 14.61
    endloop
  endfacet
  facet normal -0 0 1
    outer loop
      vertex 123.814 25.874 14.61
      vertex 124.751 25.6882 14.61
      vertex 123.901 26.05 14.61
    endloop
  endfacet
  facet normal 0 0 1
    outer loop
      vertex 125.01 22.9869 14.61
      vertex 124.45 22.601 14.61
      vertex 124.626 22.5142 14.61
    endloop
  endfacet
  facet normal 0 0 1
    outer loop
      vertex 124.751 25.6882 14.61
      vertex 123.814 25.874 14.61
      vertex 124.713 25.4958 14.61
    endloop
  endfacet
  facet normal 0 0 1
    outer loop
      vertex 124.901 23.15 14.61
      vertex 124.287 22.71 14.61
      vertex 124.45 22.601 14.61
    endloop
  endfacet
  facet normal -0 0 1
    outer loop
      vertex 123.751 25.6882 14.61
      vertex 124.713 25.4958 14.61
      vertex 123.814 25.874 14.61
    endloop
  endfacet
  facet normal 0 0 1
    outer loop
      vertex 124.814 23.326 14.61
      vertex 124.139 22.8393 14.61
      vertex 124.287 22.71 14.61
    endloop
  endfacet
  facet normal 0 0 1
    outer loop
      vertex 123.713 25.4958 14.61
      vertex 124.713 25.4958 14.61
      vertex 123.751 25.6882 14.61
    endloop
  endfacet
  facet normal 0 0 1
    outer loop
      vertex 124.814 23.326 14.61
      vertex 124.01 22.9869 14.61
      vertex 124.139 22.8393 14.61
    endloop
  endfacet
  facet normal 0 0 1
    outer loop
      vertex 124.713 25.4958 14.61
      vertex 123.713 25.4958 14.61
      vertex 124.7 25.3 14.61
    endloop
  endfacet
  facet normal 0 0 1
    outer loop
      vertex 124.751 23.5118 14.61
      vertex 123.901 23.15 14.61
      vertex 124.01 22.9869 14.61
    endloop
  endfacet
  facet normal 0 0 1
    outer loop
      vertex 124.7 25.3 14.61
      vertex 123.713 25.4958 14.61
      vertex 123.7 25.3 14.61
    endloop
  endfacet
  facet normal 0 0 1
    outer loop
      vertex 124.751 23.5118 14.61
      vertex 123.814 23.326 14.61
      vertex 123.901 23.15 14.61
    endloop
  endfacet
  facet normal 0 0 1
    outer loop
      vertex 124.713 23.7042 14.61
      vertex 123.751 23.5118 14.61
      vertex 123.814 23.326 14.61
    endloop
  endfacet
  facet normal 0 0 1
    outer loop
      vertex 124.713 23.7042 14.61
      vertex 123.713 23.7042 14.61
      vertex 123.751 23.5118 14.61
    endloop
  endfacet
  facet normal 0 0 -1
    outer loop
      vertex 162.7 23.9 4.02
      vertex 153.7 23.9 4.02
      vertex 162.7 25.3 4.02
    endloop
  endfacet
  facet normal 0 0 -1
    outer loop
      vertex 162.713 23.7042 4.02
      vertex 153.7 23.9 4.02
      vertex 162.7 23.9 4.02
    endloop
  endfacet
  facet normal 0 0 -1
    outer loop
      vertex 153.687 23.7042 4.02
      vertex 162.713 23.7042 4.02
      vertex 162.751 23.5118 4.02
    endloop
  endfacet
  facet normal 0 0 -1
    outer loop
      vertex 153.649 23.5118 4.02
      vertex 162.751 23.5118 4.02
      vertex 162.814 23.326 4.02
    endloop
  endfacet
  facet normal 0 0 -1
    outer loop
      vertex 153.586 23.326 4.02
      vertex 162.814 23.326 4.02
      vertex 162.901 23.15 4.02
    endloop
  endfacet
  facet normal 0 0 -1
    outer loop
      vertex 153.499 23.15 4.02
      vertex 162.901 23.15 4.02
      vertex 163.01 22.9869 4.02
    endloop
  endfacet
  facet normal 0 0 -1
    outer loop
      vertex 153.39 22.9869 4.02
      vertex 163.01 22.9869 4.02
      vertex 163.139 22.8393 4.02
    endloop
  endfacet
  facet normal 0 0 -1
    outer loop
      vertex 153.261 22.8393 4.02
      vertex 163.139 22.8393 4.02
      vertex 163.287 22.71 4.02
    endloop
  endfacet
  facet normal 0 0 -1
    outer loop
      vertex 153.113 22.71 4.02
      vertex 163.287 22.71 4.02
      vertex 163.45 22.601 4.02
    endloop
  endfacet
  facet normal 0 0 -1
    outer loop
      vertex 152.95 22.601 4.02
      vertex 163.45 22.601 4.02
      vertex 163.626 22.5142 4.02
    endloop
  endfacet
  facet normal 0 0 -1
    outer loop
      vertex 152.774 22.5142 4.02
      vertex 163.626 22.5142 4.02
      vertex 163.812 22.4511 4.02
    endloop
  endfacet
  facet normal 0 0 -1
    outer loop
      vertex 152.588 22.4511 4.02
      vertex 163.812 22.4511 4.02
      vertex 164.004 22.4128 4.02
    endloop
  endfacet
  facet normal 0 0 -1
    outer loop
      vertex 162.713 23.7042 4.02
      vertex 153.687 23.7042 4.02
      vertex 153.7 23.9 4.02
    endloop
  endfacet
  facet normal 0 0 -1
    outer loop
      vertex 162.751 23.5118 4.02
      vertex 153.649 23.5118 4.02
      vertex 153.687 23.7042 4.02
    endloop
  endfacet
  facet normal 0 0 -1
    outer loop
      vertex 162.814 23.326 4.02
      vertex 153.586 23.326 4.02
      vertex 153.649 23.5118 4.02
    endloop
  endfacet
  facet normal 0 0 -1
    outer loop
      vertex 162.901 23.15 4.02
      vertex 153.499 23.15 4.02
      vertex 153.586 23.326 4.02
    endloop
  endfacet
  facet normal 0 0 -1
    outer loop
      vertex 163.01 22.9869 4.02
      vertex 153.39 22.9869 4.02
      vertex 153.499 23.15 4.02
    endloop
  endfacet
  facet normal 0 0 -1
    outer loop
      vertex 152.396 22.4128 4.02
      vertex 164.004 22.4128 4.02
      vertex 164.2 22.4 4.02
    endloop
  endfacet
  facet normal 0 0 -1
    outer loop
      vertex 163.139 22.8393 4.02
      vertex 153.261 22.8393 4.02
      vertex 153.39 22.9869 4.02
    endloop
  endfacet
  facet normal 0 0 -1
    outer loop
      vertex 163.287 22.71 4.02
      vertex 153.113 22.71 4.02
      vertex 153.261 22.8393 4.02
    endloop
  endfacet
  facet normal 0 0 -1
    outer loop
      vertex 163.45 22.601 4.02
      vertex 152.95 22.601 4.02
      vertex 153.113 22.71 4.02
    endloop
  endfacet
  facet normal 0 0 -1
    outer loop
      vertex 163.626 22.5142 4.02
      vertex 152.774 22.5142 4.02
      vertex 152.95 22.601 4.02
    endloop
  endfacet
  facet normal 0 0 -1
    outer loop
      vertex 163.812 22.4511 4.02
      vertex 152.588 22.4511 4.02
      vertex 152.774 22.5142 4.02
    endloop
  endfacet
  facet normal 0 0 -1
    outer loop
      vertex 164.004 22.4128 4.02
      vertex 152.396 22.4128 4.02
      vertex 152.588 22.4511 4.02
    endloop
  endfacet
  facet normal 0 -0 -1
    outer loop
      vertex 152.396 22.4128 4.02
      vertex 164.2 22.4 4.02
      vertex 152.2 22.4 4.02
    endloop
  endfacet
  facet normal 0 0 -1
    outer loop
      vertex 153.7 25.3 4.02
      vertex 162.7 25.3 4.02
      vertex 153.7 23.9 4.02
    endloop
  endfacet
  facet normal 0 0 -1
    outer loop
      vertex 162.7 25.3 4.02
      vertex 153.7 25.3 4.02
      vertex 162.713 25.4958 4.02
    endloop
  endfacet
  facet normal 0 0 -1
    outer loop
      vertex 153.687 25.4958 4.02
      vertex 162.713 25.4958 4.02
      vertex 153.7 25.3 4.02
    endloop
  endfacet
  facet normal 0 0 -1
    outer loop
      vertex 162.713 25.4958 4.02
      vertex 153.687 25.4958 4.02
      vertex 162.751 25.6882 4.02
    endloop
  endfacet
  facet normal 0 0 -1
    outer loop
      vertex 153.649 25.6882 4.02
      vertex 162.751 25.6882 4.02
      vertex 153.687 25.4958 4.02
    endloop
  endfacet
  facet normal 0 0 -1
    outer loop
      vertex 162.751 25.6882 4.02
      vertex 153.649 25.6882 4.02
      vertex 162.814 25.874 4.02
    endloop
  endfacet
  facet normal 0 0 -1
    outer loop
      vertex 153.586 25.874 4.02
      vertex 162.814 25.874 4.02
      vertex 153.649 25.6882 4.02
    endloop
  endfacet
  facet normal 0 0 -1
    outer loop
      vertex 162.814 25.874 4.02
      vertex 153.586 25.874 4.02
      vertex 162.901 26.05 4.02
    endloop
  endfacet
  facet normal 0 0 -1
    outer loop
      vertex 153.499 26.05 4.02
      vertex 162.901 26.05 4.02
      vertex 153.586 25.874 4.02
    endloop
  endfacet
  facet normal 0 0 -1
    outer loop
      vertex 162.901 26.05 4.02
      vertex 153.499 26.05 4.02
      vertex 163.01 26.2131 4.02
    endloop
  endfacet
  facet normal 0 0 -1
    outer loop
      vertex 153.39 26.2131 4.02
      vertex 163.01 26.2131 4.02
      vertex 153.499 26.05 4.02
    endloop
  endfacet
  facet normal 0 0 -1
    outer loop
      vertex 163.01 26.2131 4.02
      vertex 153.39 26.2131 4.02
      vertex 163.139 26.3607 4.02
    endloop
  endfacet
  facet normal 0 0 -1
    outer loop
      vertex 153.261 26.3607 4.02
      vertex 163.139 26.3607 4.02
      vertex 153.39 26.2131 4.02
    endloop
  endfacet
  facet normal 0 0 -1
    outer loop
      vertex 163.139 26.3607 4.02
      vertex 153.261 26.3607 4.02
      vertex 163.287 26.49 4.02
    endloop
  endfacet
  facet normal 0 0 -1
    outer loop
      vertex 153.113 26.49 4.02
      vertex 163.287 26.49 4.02
      vertex 153.261 26.3607 4.02
    endloop
  endfacet
  facet normal 0 0 -1
    outer loop
      vertex 163.287 26.49 4.02
      vertex 153.113 26.49 4.02
      vertex 163.45 26.599 4.02
    endloop
  endfacet
  facet normal 0 0 -1
    outer loop
      vertex 152.95 26.599 4.02
      vertex 163.45 26.599 4.02
      vertex 153.113 26.49 4.02
    endloop
  endfacet
  facet normal 0 0 -1
    outer loop
      vertex 163.45 26.599 4.02
      vertex 152.95 26.599 4.02
      vertex 163.626 26.6858 4.02
    endloop
  endfacet
  facet normal 0 0 -1
    outer loop
      vertex 152.774 26.6858 4.02
      vertex 163.626 26.6858 4.02
      vertex 152.95 26.599 4.02
    endloop
  endfacet
  facet normal 0 0 -1
    outer loop
      vertex 163.626 26.6858 4.02
      vertex 152.774 26.6858 4.02
      vertex 163.812 26.7489 4.02
    endloop
  endfacet
  facet normal 0 0 -1
    outer loop
      vertex 152.588 26.7489 4.02
      vertex 163.812 26.7489 4.02
      vertex 152.774 26.6858 4.02
    endloop
  endfacet
  facet normal 0 0 -1
    outer loop
      vertex 163.812 26.7489 4.02
      vertex 152.588 26.7489 4.02
      vertex 164.004 26.7872 4.02
    endloop
  endfacet
  facet normal 0 0 -1
    outer loop
      vertex 152.396 26.7872 4.02
      vertex 164.004 26.7872 4.02
      vertex 152.588 26.7489 4.02
    endloop
  endfacet
  facet normal 0 0 -1
    outer loop
      vertex 164.004 26.7872 4.02
      vertex 152.396 26.7872 4.02
      vertex 164.2 26.8 4.02
    endloop
  endfacet
  facet normal -0 0 -1
    outer loop
      vertex 164.2 26.8 4.02
      vertex 152.396 26.7872 4.02
      vertex 152.2 26.8 4.02
    endloop
  endfacet
  facet normal 0 0 1
    outer loop
      vertex 162.713 18.8958 3.52
      vertex 153.693 18.8 3.52
      vertex 162.707 18.8 3.52
    endloop
  endfacet
  facet normal 0 0 1
    outer loop
      vertex 153.687 18.8958 3.52
      vertex 162.713 18.8958 3.52
      vertex 162.751 19.0882 3.52
    endloop
  endfacet
  facet normal 0 0 1
    outer loop
      vertex 153.649 19.0882 3.52
      vertex 162.751 19.0882 3.52
      vertex 162.814 19.274 3.52
    endloop
  endfacet
  facet normal 0 0 1
    outer loop
      vertex 153.586 19.274 3.52
      vertex 162.814 19.274 3.52
      vertex 162.901 19.45 3.52
    endloop
  endfacet
  facet normal 0 0 1
    outer loop
      vertex 153.499 19.45 3.52
      vertex 162.901 19.45 3.52
      vertex 163.01 19.6131 3.52
    endloop
  endfacet
  facet normal 0 0 1
    outer loop
      vertex 153.39 19.6131 3.52
      vertex 163.01 19.6131 3.52
      vertex 163.139 19.7607 3.52
    endloop
  endfacet
  facet normal 0 0 1
    outer loop
      vertex 153.261 19.7607 3.52
      vertex 163.139 19.7607 3.52
      vertex 163.287 19.89 3.52
    endloop
  endfacet
  facet normal 0 0 1
    outer loop
      vertex 153.113 19.89 3.52
      vertex 163.287 19.89 3.52
      vertex 163.45 19.999 3.52
    endloop
  endfacet
  facet normal 0 0 1
    outer loop
      vertex 152.95 19.999 3.52
      vertex 163.45 19.999 3.52
      vertex 163.626 20.0858 3.52
    endloop
  endfacet
  facet normal 0 0 1
    outer loop
      vertex 152.774 20.0858 3.52
      vertex 163.626 20.0858 3.52
      vertex 163.812 20.1489 3.52
    endloop
  endfacet
  facet normal 0 0 1
    outer loop
      vertex 152.588 20.1489 3.52
      vertex 163.812 20.1489 3.52
      vertex 164.004 20.1872 3.52
    endloop
  endfacet
  facet normal 0 0 1
    outer loop
      vertex 162.713 18.8958 3.52
      vertex 153.687 18.8958 3.52
      vertex 153.693 18.8 3.52
    endloop
  endfacet
  facet normal 0 0 1
    outer loop
      vertex 162.751 19.0882 3.52
      vertex 153.649 19.0882 3.52
      vertex 153.687 18.8958 3.52
    endloop
  endfacet
  facet normal 0 0 1
    outer loop
      vertex 162.814 19.274 3.52
      vertex 153.586 19.274 3.52
      vertex 153.649 19.0882 3.52
    endloop
  endfacet
  facet normal 0 0 1
    outer loop
      vertex 162.901 19.45 3.52
      vertex 153.499 19.45 3.52
      vertex 153.586 19.274 3.52
    endloop
  endfacet
  facet normal 0 0 1
    outer loop
      vertex 163.01 19.6131 3.52
      vertex 153.39 19.6131 3.52
      vertex 153.499 19.45 3.52
    endloop
  endfacet
  facet normal 0 0 1
    outer loop
      vertex 152.396 20.1872 3.52
      vertex 164.004 20.1872 3.52
      vertex 164.2 20.2 3.52
    endloop
  endfacet
  facet normal 0 0 1
    outer loop
      vertex 163.139 19.7607 3.52
      vertex 153.261 19.7607 3.52
      vertex 153.39 19.6131 3.52
    endloop
  endfacet
  facet normal 0 0 1
    outer loop
      vertex 163.287 19.89 3.52
      vertex 153.113 19.89 3.52
      vertex 153.261 19.7607 3.52
    endloop
  endfacet
  facet normal 0 0 1
    outer loop
      vertex 163.45 19.999 3.52
      vertex 152.95 19.999 3.52
      vertex 153.113 19.89 3.52
    endloop
  endfacet
  facet normal 0 0 1
    outer loop
      vertex 163.626 20.0858 3.52
      vertex 152.774 20.0858 3.52
      vertex 152.95 19.999 3.52
    endloop
  endfacet
  facet normal 0 0 1
    outer loop
      vertex 163.812 20.1489 3.52
      vertex 152.588 20.1489 3.52
      vertex 152.774 20.0858 3.52
    endloop
  endfacet
  facet normal 0 0 1
    outer loop
      vertex 164.004 20.1872 3.52
      vertex 152.396 20.1872 3.52
      vertex 152.588 20.1489 3.52
    endloop
  endfacet
  facet normal 0 -0 1
    outer loop
      vertex 152.396 20.1872 3.52
      vertex 164.2 20.2 3.52
      vertex 152.2 20.2 3.52
    endloop
  endfacet
  facet normal -0.997803 -0.0662484 0
    outer loop
      vertex 123.713 30.3042 3.51
      vertex 123.7 30.5 14.61
      vertex 123.7 30.5 3.51
    endloop
  endfacet
  facet normal -0.997803 -0.0662484 0
    outer loop
      vertex 123.7 30.5 14.61
      vertex 123.713 30.3042 3.51
      vertex 123.713 30.3042 14.61
    endloop
  endfacet
  facet normal -0.752956 0.658071 0
    outer loop
      vertex 124.01 32.8131 3.51
      vertex 124.139 32.9607 14.61
      vertex 124.139 32.9607 3.51
    endloop
  endfacet
  facet normal -0.752956 0.658071 0
    outer loop
      vertex 124.139 32.9607 14.61
      vertex 124.01 32.8131 3.51
      vertex 124.01 32.8131 14.61
    endloop
  endfacet
  facet normal -0.321264 -0.94699 0
    outer loop
      vertex 124.626 29.1142 3.51
      vertex 124.812 29.0511 14.61
      vertex 124.626 29.1142 14.61
    endloop
  endfacet
  facet normal -0.321264 -0.94699 -0
    outer loop
      vertex 124.812 29.0511 14.61
      vertex 124.626 29.1142 3.51
      vertex 124.812 29.0511 3.51
    endloop
  endfacet
  facet normal -0.896455 0.443134 0
    outer loop
      vertex 123.814 32.474 3.51
      vertex 123.901 32.65 14.61
      vertex 123.901 32.65 3.51
    endloop
  endfacet
  facet normal -0.896455 0.443134 0
    outer loop
      vertex 123.901 32.65 14.61
      vertex 123.814 32.474 3.51
      vertex 123.814 32.474 14.61
    endloop
  endfacet
  facet normal -0.831422 0.555641 0
    outer loop
      vertex 123.901 32.65 3.51
      vertex 124.01 32.8131 14.61
      vertex 124.01 32.8131 3.51
    endloop
  endfacet
  facet normal -0.831422 0.555641 0
    outer loop
      vertex 124.01 32.8131 14.61
      vertex 123.901 32.65 3.51
      vertex 123.901 32.65 14.61
    endloop
  endfacet
  facet normal -0.94704 0.321117 0
    outer loop
      vertex 123.751 32.2882 3.51
      vertex 123.814 32.474 14.61
      vertex 123.814 32.474 3.51
    endloop
  endfacet
  facet normal -0.94704 0.321117 0
    outer loop
      vertex 123.814 32.474 14.61
      vertex 123.751 32.2882 3.51
      vertex 123.751 32.2882 14.61
    endloop
  endfacet
  facet normal -1 0 0
    outer loop
      vertex 123.7 30.5 3.51
      vertex 123.7 31.9 14.61
      vertex 123.7 31.9 3.51
    endloop
  endfacet
  facet normal -1 -0 0
    outer loop
      vertex 123.7 31.9 14.61
      vertex 123.7 30.5 3.51
      vertex 123.7 30.5 14.61
    endloop
  endfacet
  facet normal -0.442315 0.89686 0
    outer loop
      vertex 124.626 33.2858 3.51
      vertex 124.45 33.199 14.61
      vertex 124.626 33.2858 14.61
    endloop
  endfacet
  facet normal -0.442315 0.89686 0
    outer loop
      vertex 124.45 33.199 14.61
      vertex 124.626 33.2858 3.51
      vertex 124.45 33.199 3.51
    endloop
  endfacet
  facet normal -0.195625 0.980679 0
    outer loop
      vertex 125.004 33.3872 3.51
      vertex 124.812 33.3489 14.61
      vertex 125.004 33.3872 14.61
    endloop
  endfacet
  facet normal -0.195625 0.980679 0
    outer loop
      vertex 124.812 33.3489 14.61
      vertex 125.004 33.3872 3.51
      vertex 124.812 33.3489 3.51
    endloop
  endfacet
  facet normal -0.657928 -0.753081 0
    outer loop
      vertex 124.139 29.4393 3.51
      vertex 124.287 29.31 14.61
      vertex 124.139 29.4393 14.61
    endloop
  endfacet
  facet normal -0.657928 -0.753081 -0
    outer loop
      vertex 124.287 29.31 14.61
      vertex 124.139 29.4393 3.51
      vertex 124.287 29.31 3.51
    endloop
  endfacet
  facet normal -0.94704 -0.321117 0
    outer loop
      vertex 123.814 29.926 3.51
      vertex 123.751 30.1118 14.61
      vertex 123.751 30.1118 3.51
    endloop
  endfacet
  facet normal -0.94704 -0.321117 0
    outer loop
      vertex 123.751 30.1118 14.61
      vertex 123.814 29.926 3.51
      vertex 123.814 29.926 14.61
    endloop
  endfacet
  facet normal -0.555877 0.831265 0
    outer loop
      vertex 124.45 33.199 3.51
      vertex 124.287 33.09 14.61
      vertex 124.45 33.199 14.61
    endloop
  endfacet
  facet normal -0.555877 0.831265 0
    outer loop
      vertex 124.287 33.09 14.61
      vertex 124.45 33.199 3.51
      vertex 124.287 33.09 3.51
    endloop
  endfacet
  facet normal -0.981049 -0.193762 0
    outer loop
      vertex 123.751 30.1118 3.51
      vertex 123.713 30.3042 14.61
      vertex 123.713 30.3042 3.51
    endloop
  endfacet
  facet normal -0.981049 -0.193762 0
    outer loop
      vertex 123.713 30.3042 14.61
      vertex 123.751 30.1118 3.51
      vertex 123.751 30.1118 14.61
    endloop
  endfacet
  facet normal -0.896455 -0.443134 0
    outer loop
      vertex 123.901 29.75 3.51
      vertex 123.814 29.926 14.61
      vertex 123.814 29.926 3.51
    endloop
  endfacet
  facet normal -0.896455 -0.443134 0
    outer loop
      vertex 123.814 29.926 14.61
      vertex 123.901 29.75 3.51
      vertex 123.901 29.75 14.61
    endloop
  endfacet
  facet normal -0.321264 0.94699 0
    outer loop
      vertex 124.812 33.3489 3.51
      vertex 124.626 33.2858 14.61
      vertex 124.812 33.3489 14.61
    endloop
  endfacet
  facet normal -0.321264 0.94699 0
    outer loop
      vertex 124.626 33.2858 14.61
      vertex 124.812 33.3489 3.51
      vertex 124.626 33.2858 3.51
    endloop
  endfacet
  facet normal -0.831422 -0.555641 0
    outer loop
      vertex 124.01 29.5869 3.51
      vertex 123.901 29.75 14.61
      vertex 123.901 29.75 3.51
    endloop
  endfacet
  facet normal -0.831422 -0.555641 0
    outer loop
      vertex 123.901 29.75 14.61
      vertex 124.01 29.5869 3.51
      vertex 124.01 29.5869 14.61
    endloop
  endfacet
  facet normal -0.981049 0.193762 0
    outer loop
      vertex 123.713 32.0958 3.51
      vertex 123.751 32.2882 14.61
      vertex 123.751 32.2882 3.51
    endloop
  endfacet
  facet normal -0.981049 0.193762 0
    outer loop
      vertex 123.751 32.2882 14.61
      vertex 123.713 32.0958 3.51
      vertex 123.713 32.0958 14.61
    endloop
  endfacet
  facet normal -0.997803 0.0662484 0
    outer loop
      vertex 123.7 31.9 3.51
      vertex 123.713 32.0958 14.61
      vertex 123.713 32.0958 3.51
    endloop
  endfacet
  facet normal -0.997803 0.0662484 0
    outer loop
      vertex 123.713 32.0958 14.61
      vertex 123.7 31.9 3.51
      vertex 123.7 31.9 14.61
    endloop
  endfacet
  facet normal -0.442315 -0.89686 0
    outer loop
      vertex 124.45 29.201 3.51
      vertex 124.626 29.1142 14.61
      vertex 124.45 29.201 14.61
    endloop
  endfacet
  facet normal -0.442315 -0.89686 -0
    outer loop
      vertex 124.626 29.1142 14.61
      vertex 124.45 29.201 3.51
      vertex 124.626 29.1142 3.51
    endloop
  endfacet
  facet normal -0.195625 -0.980679 0
    outer loop
      vertex 124.812 29.0511 3.51
      vertex 125.004 29.0128 14.61
      vertex 124.812 29.0511 14.61
    endloop
  endfacet
  facet normal -0.195625 -0.980679 -0
    outer loop
      vertex 125.004 29.0128 14.61
      vertex 124.812 29.0511 3.51
      vertex 125.004 29.0128 3.51
    endloop
  endfacet
  facet normal -0.0651673 -0.997874 0
    outer loop
      vertex 125.004 29.0128 3.51
      vertex 125.2 29 14.61
      vertex 125.004 29.0128 14.61
    endloop
  endfacet
  facet normal -0.0651673 -0.997874 -0
    outer loop
      vertex 125.2 29 14.61
      vertex 125.004 29.0128 3.51
      vertex 125.2 29 3.51
    endloop
  endfacet
  facet normal -0.555877 -0.831265 0
    outer loop
      vertex 124.287 29.31 3.51
      vertex 124.45 29.201 14.61
      vertex 124.287 29.31 14.61
    endloop
  endfacet
  facet normal -0.555877 -0.831265 -0
    outer loop
      vertex 124.45 29.201 14.61
      vertex 124.287 29.31 3.51
      vertex 124.45 29.201 3.51
    endloop
  endfacet
  facet normal 0 0 1
    outer loop
      vertex 162.7 31.9 3.52
      vertex 153.7 31.9 3.52
      vertex 162.7 30.5 3.52
    endloop
  endfacet
  facet normal 0 0 1
    outer loop
      vertex 162.713 32.0958 3.52
      vertex 153.7 31.9 3.52
      vertex 162.7 31.9 3.52
    endloop
  endfacet
  facet normal 0 0 1
    outer loop
      vertex 153.687 32.0958 3.52
      vertex 162.713 32.0958 3.52
      vertex 162.751 32.2882 3.52
    endloop
  endfacet
  facet normal 0 0 1
    outer loop
      vertex 153.649 32.2882 3.52
      vertex 162.751 32.2882 3.52
      vertex 162.814 32.474 3.52
    endloop
  endfacet
  facet normal 0 0 1
    outer loop
      vertex 153.586 32.474 3.52
      vertex 162.814 32.474 3.52
      vertex 162.901 32.65 3.52
    endloop
  endfacet
  facet normal 0 0 1
    outer loop
      vertex 153.499 32.65 3.52
      vertex 162.901 32.65 3.52
      vertex 163.01 32.8131 3.52
    endloop
  endfacet
  facet normal 0 0 1
    outer loop
      vertex 153.39 32.8131 3.52
      vertex 163.01 32.8131 3.52
      vertex 163.139 32.9607 3.52
    endloop
  endfacet
  facet normal 0 0 1
    outer loop
      vertex 153.261 32.9607 3.52
      vertex 163.139 32.9607 3.52
      vertex 163.287 33.09 3.52
    endloop
  endfacet
  facet normal 0 0 1
    outer loop
      vertex 153.113 33.09 3.52
      vertex 163.287 33.09 3.52
      vertex 163.45 33.199 3.52
    endloop
  endfacet
  facet normal 0 0 1
    outer loop
      vertex 152.95 33.199 3.52
      vertex 163.45 33.199 3.52
      vertex 163.626 33.2858 3.52
    endloop
  endfacet
  facet normal 0 0 1
    outer loop
      vertex 152.774 33.2858 3.52
      vertex 163.626 33.2858 3.52
      vertex 163.812 33.3489 3.52
    endloop
  endfacet
  facet normal 0 0 1
    outer loop
      vertex 152.588 33.3489 3.52
      vertex 163.812 33.3489 3.52
      vertex 164.004 33.3872 3.52
    endloop
  endfacet
  facet normal 0 0 1
    outer loop
      vertex 162.713 32.0958 3.52
      vertex 153.687 32.0958 3.52
      vertex 153.7 31.9 3.52
    endloop
  endfacet
  facet normal 0 0 1
    outer loop
      vertex 162.751 32.2882 3.52
      vertex 153.649 32.2882 3.52
      vertex 153.687 32.0958 3.52
    endloop
  endfacet
  facet normal 0 0 1
    outer loop
      vertex 162.814 32.474 3.52
      vertex 153.586 32.474 3.52
      vertex 153.649 32.2882 3.52
    endloop
  endfacet
  facet normal 0 0 1
    outer loop
      vertex 162.901 32.65 3.52
      vertex 153.499 32.65 3.52
      vertex 153.586 32.474 3.52
    endloop
  endfacet
  facet normal 0 0 1
    outer loop
      vertex 163.01 32.8131 3.52
      vertex 153.39 32.8131 3.52
      vertex 153.499 32.65 3.52
    endloop
  endfacet
  facet normal 0 0 1
    outer loop
      vertex 152.396 33.3872 3.52
      vertex 164.004 33.3872 3.52
      vertex 164.2 33.4 3.52
    endloop
  endfacet
  facet normal 0 0 1
    outer loop
      vertex 163.139 32.9607 3.52
      vertex 153.261 32.9607 3.52
      vertex 153.39 32.8131 3.52
    endloop
  endfacet
  facet normal 0 0 1
    outer loop
      vertex 163.287 33.09 3.52
      vertex 153.113 33.09 3.52
      vertex 153.261 32.9607 3.52
    endloop
  endfacet
  facet normal 0 0 1
    outer loop
      vertex 163.45 33.199 3.52
      vertex 152.95 33.199 3.52
      vertex 153.113 33.09 3.52
    endloop
  endfacet
  facet normal 0 0 1
    outer loop
      vertex 163.626 33.2858 3.52
      vertex 152.774 33.2858 3.52
      vertex 152.95 33.199 3.52
    endloop
  endfacet
  facet normal 0 0 1
    outer loop
      vertex 163.812 33.3489 3.52
      vertex 152.588 33.3489 3.52
      vertex 152.774 33.2858 3.52
    endloop
  endfacet
  facet normal 0 0 1
    outer loop
      vertex 164.004 33.3872 3.52
      vertex 152.396 33.3872 3.52
      vertex 152.588 33.3489 3.52
    endloop
  endfacet
  facet normal 0 -0 1
    outer loop
      vertex 152.396 33.3872 3.52
      vertex 164.2 33.4 3.52
      vertex 152.2 33.4 3.52
    endloop
  endfacet
  facet normal 0 0 1
    outer loop
      vertex 153.7 30.5 3.52
      vertex 162.7 30.5 3.52
      vertex 153.7 31.9 3.52
    endloop
  endfacet
  facet normal 0 0 1
    outer loop
      vertex 162.7 30.5 3.52
      vertex 153.7 30.5 3.52
      vertex 162.713 30.3042 3.52
    endloop
  endfacet
  facet normal 0 0 1
    outer loop
      vertex 153.687 30.3042 3.52
      vertex 162.713 30.3042 3.52
      vertex 153.7 30.5 3.52
    endloop
  endfacet
  facet normal 0 0 1
    outer loop
      vertex 162.713 30.3042 3.52
      vertex 153.687 30.3042 3.52
      vertex 162.751 30.1118 3.52
    endloop
  endfacet
  facet normal 0 0 1
    outer loop
      vertex 153.649 30.1118 3.52
      vertex 162.751 30.1118 3.52
      vertex 153.687 30.3042 3.52
    endloop
  endfacet
  facet normal 0 0 1
    outer loop
      vertex 162.751 30.1118 3.52
      vertex 153.649 30.1118 3.52
      vertex 162.814 29.926 3.52
    endloop
  endfacet
  facet normal 0 0 1
    outer loop
      vertex 153.586 29.926 3.52
      vertex 162.814 29.926 3.52
      vertex 153.649 30.1118 3.52
    endloop
  endfacet
  facet normal 0 0 1
    outer loop
      vertex 162.814 29.926 3.52
      vertex 153.586 29.926 3.52
      vertex 162.901 29.75 3.52
    endloop
  endfacet
  facet normal 0 0 1
    outer loop
      vertex 153.499 29.75 3.52
      vertex 162.901 29.75 3.52
      vertex 153.586 29.926 3.52
    endloop
  endfacet
  facet normal 0 0 1
    outer loop
      vertex 162.901 29.75 3.52
      vertex 153.499 29.75 3.52
      vertex 163.01 29.5869 3.52
    endloop
  endfacet
  facet normal 0 0 1
    outer loop
      vertex 153.39 29.5869 3.52
      vertex 163.01 29.5869 3.52
      vertex 153.499 29.75 3.52
    endloop
  endfacet
  facet normal 0 0 1
    outer loop
      vertex 163.01 29.5869 3.52
      vertex 153.39 29.5869 3.52
      vertex 163.139 29.4393 3.52
    endloop
  endfacet
  facet normal 0 0 1
    outer loop
      vertex 153.261 29.4393 3.52
      vertex 163.139 29.4393 3.52
      vertex 153.39 29.5869 3.52
    endloop
  endfacet
  facet normal 0 0 1
    outer loop
      vertex 163.139 29.4393 3.52
      vertex 153.261 29.4393 3.52
      vertex 163.287 29.31 3.52
    endloop
  endfacet
  facet normal 0 0 1
    outer loop
      vertex 153.113 29.31 3.52
      vertex 163.287 29.31 3.52
      vertex 153.261 29.4393 3.52
    endloop
  endfacet
  facet normal 0 0 1
    outer loop
      vertex 163.287 29.31 3.52
      vertex 153.113 29.31 3.52
      vertex 163.45 29.201 3.52
    endloop
  endfacet
  facet normal 0 0 1
    outer loop
      vertex 152.95 29.201 3.52
      vertex 163.45 29.201 3.52
      vertex 153.113 29.31 3.52
    endloop
  endfacet
  facet normal 0 0 1
    outer loop
      vertex 163.45 29.201 3.52
      vertex 152.95 29.201 3.52
      vertex 163.626 29.1142 3.52
    endloop
  endfacet
  facet normal 0 0 1
    outer loop
      vertex 152.774 29.1142 3.52
      vertex 163.626 29.1142 3.52
      vertex 152.95 29.201 3.52
    endloop
  endfacet
  facet normal 0 0 1
    outer loop
      vertex 163.626 29.1142 3.52
      vertex 152.774 29.1142 3.52
      vertex 163.812 29.0511 3.52
    endloop
  endfacet
  facet normal 0 0 1
    outer loop
      vertex 152.588 29.0511 3.52
      vertex 163.812 29.0511 3.52
      vertex 152.774 29.1142 3.52
    endloop
  endfacet
  facet normal 0 0 1
    outer loop
      vertex 163.812 29.0511 3.52
      vertex 152.588 29.0511 3.52
      vertex 164.004 29.0128 3.52
    endloop
  endfacet
  facet normal 0 0 1
    outer loop
      vertex 152.396 29.0128 3.52
      vertex 164.004 29.0128 3.52
      vertex 152.588 29.0511 3.52
    endloop
  endfacet
  facet normal 0 0 1
    outer loop
      vertex 164.004 29.0128 3.52
      vertex 152.396 29.0128 3.52
      vertex 164.2 29 3.52
    endloop
  endfacet
  facet normal 0 0 1
    outer loop
      vertex 164.2 29 3.52
      vertex 152.396 29.0128 3.52
      vertex 152.2 29 3.52
    endloop
  endfacet
  facet normal -0.657928 0.753081 0
    outer loop
      vertex 124.287 33.09 3.51
      vertex 124.139 32.9607 14.61
      vertex 124.287 33.09 14.61
    endloop
  endfacet
  facet normal -0.657928 0.753081 0
    outer loop
      vertex 124.139 32.9607 14.61
      vertex 124.287 33.09 3.51
      vertex 124.139 32.9607 3.51
    endloop
  endfacet
  facet normal -0.0651673 0.997874 0
    outer loop
      vertex 125.2 33.4 3.51
      vertex 125.004 33.3872 14.61
      vertex 125.2 33.4 14.61
    endloop
  endfacet
  facet normal -0.0651673 0.997874 0
    outer loop
      vertex 125.004 33.3872 14.61
      vertex 125.2 33.4 3.51
      vertex 125.004 33.3872 3.51
    endloop
  endfacet
  facet normal -0.752956 -0.658071 0
    outer loop
      vertex 124.139 29.4393 3.51
      vertex 124.01 29.5869 14.61
      vertex 124.01 29.5869 3.51
    endloop
  endfacet
  facet normal -0.752956 -0.658071 0
    outer loop
      vertex 124.01 29.5869 14.61
      vertex 124.139 29.4393 3.51
      vertex 124.139 29.4393 14.61
    endloop
  endfacet
  facet normal -0 0 1
    outer loop
      vertex 125.2 33.4 14.61
      vertex 126.004 33.3872 14.61
      vertex 126.2 33.4 14.61
    endloop
  endfacet
  facet normal 0 0 1
    outer loop
      vertex 125.2 33.4 14.61
      vertex 125.812 33.3489 14.61
      vertex 126.004 33.3872 14.61
    endloop
  endfacet
  facet normal 0 0 1
    outer loop
      vertex 125.2 33.4 14.61
      vertex 125.626 33.2858 14.61
      vertex 125.812 33.3489 14.61
    endloop
  endfacet
  facet normal 0 0 1
    outer loop
      vertex 125.2 33.4 14.61
      vertex 125.45 33.199 14.61
      vertex 125.626 33.2858 14.61
    endloop
  endfacet
  facet normal 0 0 1
    outer loop
      vertex 125.2 33.4 14.61
      vertex 125.287 33.09 14.61
      vertex 125.45 33.199 14.61
    endloop
  endfacet
  facet normal -0 0 1
    outer loop
      vertex 125.004 33.3872 14.61
      vertex 125.287 33.09 14.61
      vertex 125.2 33.4 14.61
    endloop
  endfacet
  facet normal 0 0 1
    outer loop
      vertex 125.287 33.09 14.61
      vertex 125.004 33.3872 14.61
      vertex 125.139 32.9607 14.61
    endloop
  endfacet
  facet normal -0 0 1
    outer loop
      vertex 124.812 33.3489 14.61
      vertex 125.139 32.9607 14.61
      vertex 125.004 33.3872 14.61
    endloop
  endfacet
  facet normal 0 0 1
    outer loop
      vertex 125.139 32.9607 14.61
      vertex 124.812 33.3489 14.61
      vertex 125.01 32.8131 14.61
    endloop
  endfacet
  facet normal -0 0 1
    outer loop
      vertex 124.626 33.2858 14.61
      vertex 125.01 32.8131 14.61
      vertex 124.812 33.3489 14.61
    endloop
  endfacet
  facet normal -0 0 1
    outer loop
      vertex 124.45 33.199 14.61
      vertex 125.01 32.8131 14.61
      vertex 124.626 33.2858 14.61
    endloop
  endfacet
  facet normal 0 0 1
    outer loop
      vertex 125.01 32.8131 14.61
      vertex 124.45 33.199 14.61
      vertex 124.901 32.65 14.61
    endloop
  endfacet
  facet normal -0 0 1
    outer loop
      vertex 124.287 33.09 14.61
      vertex 124.901 32.65 14.61
      vertex 124.45 33.199 14.61
    endloop
  endfacet
  facet normal -0 0 1
    outer loop
      vertex 124.01 32.8131 14.61
      vertex 124.814 32.474 14.61
      vertex 124.139 32.9607 14.61
    endloop
  endfacet
  facet normal -0 0 1
    outer loop
      vertex 124.139 32.9607 14.61
      vertex 124.814 32.474 14.61
      vertex 124.287 33.09 14.61
    endloop
  endfacet
  facet normal 0 0 1
    outer loop
      vertex 124.901 32.65 14.61
      vertex 124.287 33.09 14.61
      vertex 124.814 32.474 14.61
    endloop
  endfacet
  facet normal 0 0 1
    outer loop
      vertex 126.004 29.0128 14.61
      vertex 125.2 29 14.61
      vertex 126.2 29 14.61
    endloop
  endfacet
  facet normal 0 0 1
    outer loop
      vertex 125.812 29.0511 14.61
      vertex 125.2 29 14.61
      vertex 126.004 29.0128 14.61
    endloop
  endfacet
  facet normal 0 0 1
    outer loop
      vertex 125.626 29.1142 14.61
      vertex 125.2 29 14.61
      vertex 125.812 29.0511 14.61
    endloop
  endfacet
  facet normal 0 0 1
    outer loop
      vertex 125.45 29.201 14.61
      vertex 125.2 29 14.61
      vertex 125.626 29.1142 14.61
    endloop
  endfacet
  facet normal 0 0 1
    outer loop
      vertex 125.287 29.31 14.61
      vertex 125.2 29 14.61
      vertex 125.45 29.201 14.61
    endloop
  endfacet
  facet normal 0 0 1
    outer loop
      vertex 125.004 29.0128 14.61
      vertex 125.287 29.31 14.61
      vertex 125.139 29.4393 14.61
    endloop
  endfacet
  facet normal 0 0 1
    outer loop
      vertex 124.812 29.0511 14.61
      vertex 125.139 29.4393 14.61
      vertex 125.01 29.5869 14.61
    endloop
  endfacet
  facet normal 0 0 1
    outer loop
      vertex 125.287 29.31 14.61
      vertex 125.004 29.0128 14.61
      vertex 125.2 29 14.61
    endloop
  endfacet
  facet normal 0 0 1
    outer loop
      vertex 124.45 29.201 14.61
      vertex 125.01 29.5869 14.61
      vertex 124.901 29.75 14.61
    endloop
  endfacet
  facet normal 0 0 1
    outer loop
      vertex 124.287 29.31 14.61
      vertex 124.901 29.75 14.61
      vertex 124.814 29.926 14.61
    endloop
  endfacet
  facet normal 0 0 1
    outer loop
      vertex 125.139 29.4393 14.61
      vertex 124.812 29.0511 14.61
      vertex 125.004 29.0128 14.61
    endloop
  endfacet
  facet normal 0 0 1
    outer loop
      vertex 124.01 29.5869 14.61
      vertex 124.814 29.926 14.61
      vertex 124.751 30.1118 14.61
    endloop
  endfacet
  facet normal 0 0 1
    outer loop
      vertex 123.814 29.926 14.61
      vertex 124.751 30.1118 14.61
      vertex 124.713 30.3042 14.61
    endloop
  endfacet
  facet normal 0 0 1
    outer loop
      vertex 125.01 29.5869 14.61
      vertex 124.626 29.1142 14.61
      vertex 124.812 29.0511 14.61
    endloop
  endfacet
  facet normal 0 0 1
    outer loop
      vertex 123.713 30.3042 14.61
      vertex 124.713 30.3042 14.61
      vertex 124.7 30.5 14.61
    endloop
  endfacet
  facet normal 0 0 1
    outer loop
      vertex 124.7 31.9 14.61
      vertex 123.7 31.9 14.61
      vertex 124.7 30.5 14.61
    endloop
  endfacet
  facet normal 0 0 1
    outer loop
      vertex 124.814 32.474 14.61
      vertex 124.01 32.8131 14.61
      vertex 124.751 32.2882 14.61
    endloop
  endfacet
  facet normal 0 0 1
    outer loop
      vertex 123.7 30.5 14.61
      vertex 124.7 30.5 14.61
      vertex 123.7 31.9 14.61
    endloop
  endfacet
  facet normal -0 0 1
    outer loop
      vertex 123.901 32.65 14.61
      vertex 124.751 32.2882 14.61
      vertex 124.01 32.8131 14.61
    endloop
  endfacet
  facet normal 0 -0 1
    outer loop
      vertex 123.713 30.3042 14.61
      vertex 124.7 30.5 14.61
      vertex 123.7 30.5 14.61
    endloop
  endfacet
  facet normal -0 0 1
    outer loop
      vertex 123.814 32.474 14.61
      vertex 124.751 32.2882 14.61
      vertex 123.901 32.65 14.61
    endloop
  endfacet
  facet normal 0 0 1
    outer loop
      vertex 125.01 29.5869 14.61
      vertex 124.45 29.201 14.61
      vertex 124.626 29.1142 14.61
    endloop
  endfacet
  facet normal 0 0 1
    outer loop
      vertex 124.751 32.2882 14.61
      vertex 123.814 32.474 14.61
      vertex 124.713 32.0958 14.61
    endloop
  endfacet
  facet normal 0 0 1
    outer loop
      vertex 124.901 29.75 14.61
      vertex 124.287 29.31 14.61
      vertex 124.45 29.201 14.61
    endloop
  endfacet
  facet normal -0 0 1
    outer loop
      vertex 123.751 32.2882 14.61
      vertex 124.713 32.0958 14.61
      vertex 123.814 32.474 14.61
    endloop
  endfacet
  facet normal 0 0 1
    outer loop
      vertex 124.814 29.926 14.61
      vertex 124.139 29.4393 14.61
      vertex 124.287 29.31 14.61
    endloop
  endfacet
  facet normal 0 0 1
    outer loop
      vertex 123.713 32.0958 14.61
      vertex 124.713 32.0958 14.61
      vertex 123.751 32.2882 14.61
    endloop
  endfacet
  facet normal 0 0 1
    outer loop
      vertex 124.814 29.926 14.61
      vertex 124.01 29.5869 14.61
      vertex 124.139 29.4393 14.61
    endloop
  endfacet
  facet normal 0 0 1
    outer loop
      vertex 124.713 32.0958 14.61
      vertex 123.713 32.0958 14.61
      vertex 124.7 31.9 14.61
    endloop
  endfacet
  facet normal 0 0 1
    outer loop
      vertex 124.751 30.1118 14.61
      vertex 123.901 29.75 14.61
      vertex 124.01 29.5869 14.61
    endloop
  endfacet
  facet normal 0 0 1
    outer loop
      vertex 124.7 31.9 14.61
      vertex 123.713 32.0958 14.61
      vertex 123.7 31.9 14.61
    endloop
  endfacet
  facet normal 0 0 1
    outer loop
      vertex 124.751 30.1118 14.61
      vertex 123.814 29.926 14.61
      vertex 123.901 29.75 14.61
    endloop
  endfacet
  facet normal 0 0 1
    outer loop
      vertex 124.713 30.3042 14.61
      vertex 123.751 30.1118 14.61
      vertex 123.814 29.926 14.61
    endloop
  endfacet
  facet normal 0 0 1
    outer loop
      vertex 124.713 30.3042 14.61
      vertex 123.713 30.3042 14.61
      vertex 123.751 30.1118 14.61
    endloop
  endfacet
  facet normal 0 0 -1
    outer loop
      vertex 162.7 30.5 4.02
      vertex 153.7 30.5 4.02
      vertex 162.7 31.9 4.02
    endloop
  endfacet
  facet normal 0 0 -1
    outer loop
      vertex 162.713 30.3042 4.02
      vertex 153.7 30.5 4.02
      vertex 162.7 30.5 4.02
    endloop
  endfacet
  facet normal 0 0 -1
    outer loop
      vertex 153.687 30.3042 4.02
      vertex 162.713 30.3042 4.02
      vertex 162.751 30.1118 4.02
    endloop
  endfacet
  facet normal 0 0 -1
    outer loop
      vertex 153.649 30.1118 4.02
      vertex 162.751 30.1118 4.02
      vertex 162.814 29.926 4.02
    endloop
  endfacet
  facet normal 0 0 -1
    outer loop
      vertex 153.586 29.926 4.02
      vertex 162.814 29.926 4.02
      vertex 162.901 29.75 4.02
    endloop
  endfacet
  facet normal 0 0 -1
    outer loop
      vertex 153.499 29.75 4.02
      vertex 162.901 29.75 4.02
      vertex 163.01 29.5869 4.02
    endloop
  endfacet
  facet normal 0 0 -1
    outer loop
      vertex 153.39 29.5869 4.02
      vertex 163.01 29.5869 4.02
      vertex 163.139 29.4393 4.02
    endloop
  endfacet
  facet normal 0 0 -1
    outer loop
      vertex 153.261 29.4393 4.02
      vertex 163.139 29.4393 4.02
      vertex 163.287 29.31 4.02
    endloop
  endfacet
  facet normal 0 0 -1
    outer loop
      vertex 153.113 29.31 4.02
      vertex 163.287 29.31 4.02
      vertex 163.45 29.201 4.02
    endloop
  endfacet
  facet normal 0 0 -1
    outer loop
      vertex 152.95 29.201 4.02
      vertex 163.45 29.201 4.02
      vertex 163.626 29.1142 4.02
    endloop
  endfacet
  facet normal 0 0 -1
    outer loop
      vertex 152.774 29.1142 4.02
      vertex 163.626 29.1142 4.02
      vertex 163.812 29.0511 4.02
    endloop
  endfacet
  facet normal 0 0 -1
    outer loop
      vertex 152.588 29.0511 4.02
      vertex 163.812 29.0511 4.02
      vertex 164.004 29.0128 4.02
    endloop
  endfacet
  facet normal 0 0 -1
    outer loop
      vertex 162.713 30.3042 4.02
      vertex 153.687 30.3042 4.02
      vertex 153.7 30.5 4.02
    endloop
  endfacet
  facet normal 0 0 -1
    outer loop
      vertex 162.751 30.1118 4.02
      vertex 153.649 30.1118 4.02
      vertex 153.687 30.3042 4.02
    endloop
  endfacet
  facet normal 0 0 -1
    outer loop
      vertex 162.814 29.926 4.02
      vertex 153.586 29.926 4.02
      vertex 153.649 30.1118 4.02
    endloop
  endfacet
  facet normal 0 0 -1
    outer loop
      vertex 162.901 29.75 4.02
      vertex 153.499 29.75 4.02
      vertex 153.586 29.926 4.02
    endloop
  endfacet
  facet normal 0 0 -1
    outer loop
      vertex 163.01 29.5869 4.02
      vertex 153.39 29.5869 4.02
      vertex 153.499 29.75 4.02
    endloop
  endfacet
  facet normal 0 0 -1
    outer loop
      vertex 152.396 29.0128 4.02
      vertex 164.004 29.0128 4.02
      vertex 164.2 29 4.02
    endloop
  endfacet
  facet normal 0 0 -1
    outer loop
      vertex 163.139 29.4393 4.02
      vertex 153.261 29.4393 4.02
      vertex 153.39 29.5869 4.02
    endloop
  endfacet
  facet normal 0 0 -1
    outer loop
      vertex 163.287 29.31 4.02
      vertex 153.113 29.31 4.02
      vertex 153.261 29.4393 4.02
    endloop
  endfacet
  facet normal 0 0 -1
    outer loop
      vertex 163.45 29.201 4.02
      vertex 152.95 29.201 4.02
      vertex 153.113 29.31 4.02
    endloop
  endfacet
  facet normal 0 0 -1
    outer loop
      vertex 163.626 29.1142 4.02
      vertex 152.774 29.1142 4.02
      vertex 152.95 29.201 4.02
    endloop
  endfacet
  facet normal 0 0 -1
    outer loop
      vertex 163.812 29.0511 4.02
      vertex 152.588 29.0511 4.02
      vertex 152.774 29.1142 4.02
    endloop
  endfacet
  facet normal 0 0 -1
    outer loop
      vertex 164.004 29.0128 4.02
      vertex 152.396 29.0128 4.02
      vertex 152.588 29.0511 4.02
    endloop
  endfacet
  facet normal 0 -0 -1
    outer loop
      vertex 152.396 29.0128 4.02
      vertex 164.2 29 4.02
      vertex 152.2 29 4.02
    endloop
  endfacet
  facet normal 0 0 -1
    outer loop
      vertex 153.7 31.9 4.02
      vertex 162.7 31.9 4.02
      vertex 153.7 30.5 4.02
    endloop
  endfacet
  facet normal 0 0 -1
    outer loop
      vertex 162.7 31.9 4.02
      vertex 153.7 31.9 4.02
      vertex 162.713 32.0958 4.02
    endloop
  endfacet
  facet normal 0 0 -1
    outer loop
      vertex 153.687 32.0958 4.02
      vertex 162.713 32.0958 4.02
      vertex 153.7 31.9 4.02
    endloop
  endfacet
  facet normal 0 0 -1
    outer loop
      vertex 162.713 32.0958 4.02
      vertex 153.687 32.0958 4.02
      vertex 162.751 32.2882 4.02
    endloop
  endfacet
  facet normal 0 0 -1
    outer loop
      vertex 153.649 32.2882 4.02
      vertex 162.751 32.2882 4.02
      vertex 153.687 32.0958 4.02
    endloop
  endfacet
  facet normal 0 0 -1
    outer loop
      vertex 162.751 32.2882 4.02
      vertex 153.649 32.2882 4.02
      vertex 162.814 32.474 4.02
    endloop
  endfacet
  facet normal 0 0 -1
    outer loop
      vertex 153.586 32.474 4.02
      vertex 162.814 32.474 4.02
      vertex 153.649 32.2882 4.02
    endloop
  endfacet
  facet normal 0 0 -1
    outer loop
      vertex 162.814 32.474 4.02
      vertex 153.586 32.474 4.02
      vertex 162.901 32.65 4.02
    endloop
  endfacet
  facet normal 0 0 -1
    outer loop
      vertex 153.499 32.65 4.02
      vertex 162.901 32.65 4.02
      vertex 153.586 32.474 4.02
    endloop
  endfacet
  facet normal 0 0 -1
    outer loop
      vertex 162.901 32.65 4.02
      vertex 153.499 32.65 4.02
      vertex 163.01 32.8131 4.02
    endloop
  endfacet
  facet normal 0 0 -1
    outer loop
      vertex 153.39 32.8131 4.02
      vertex 163.01 32.8131 4.02
      vertex 153.499 32.65 4.02
    endloop
  endfacet
  facet normal 0 0 -1
    outer loop
      vertex 163.01 32.8131 4.02
      vertex 153.39 32.8131 4.02
      vertex 163.139 32.9607 4.02
    endloop
  endfacet
  facet normal 0 0 -1
    outer loop
      vertex 153.261 32.9607 4.02
      vertex 163.139 32.9607 4.02
      vertex 153.39 32.8131 4.02
    endloop
  endfacet
  facet normal 0 0 -1
    outer loop
      vertex 163.139 32.9607 4.02
      vertex 153.261 32.9607 4.02
      vertex 163.287 33.09 4.02
    endloop
  endfacet
  facet normal 0 0 -1
    outer loop
      vertex 153.113 33.09 4.02
      vertex 163.287 33.09 4.02
      vertex 153.261 32.9607 4.02
    endloop
  endfacet
  facet normal 0 0 -1
    outer loop
      vertex 163.287 33.09 4.02
      vertex 153.113 33.09 4.02
      vertex 163.45 33.199 4.02
    endloop
  endfacet
  facet normal 0 0 -1
    outer loop
      vertex 152.95 33.199 4.02
      vertex 163.45 33.199 4.02
      vertex 153.113 33.09 4.02
    endloop
  endfacet
  facet normal 0 0 -1
    outer loop
      vertex 163.45 33.199 4.02
      vertex 152.95 33.199 4.02
      vertex 163.626 33.2858 4.02
    endloop
  endfacet
  facet normal 0 0 -1
    outer loop
      vertex 152.774 33.2858 4.02
      vertex 163.626 33.2858 4.02
      vertex 152.95 33.199 4.02
    endloop
  endfacet
  facet normal 0 0 -1
    outer loop
      vertex 163.626 33.2858 4.02
      vertex 152.774 33.2858 4.02
      vertex 163.812 33.3489 4.02
    endloop
  endfacet
  facet normal 0 0 -1
    outer loop
      vertex 152.588 33.3489 4.02
      vertex 163.812 33.3489 4.02
      vertex 152.774 33.2858 4.02
    endloop
  endfacet
  facet normal 0 0 -1
    outer loop
      vertex 163.812 33.3489 4.02
      vertex 152.588 33.3489 4.02
      vertex 164.004 33.3872 4.02
    endloop
  endfacet
  facet normal 0 0 -1
    outer loop
      vertex 152.396 33.3872 4.02
      vertex 164.004 33.3872 4.02
      vertex 152.588 33.3489 4.02
    endloop
  endfacet
  facet normal 0 0 -1
    outer loop
      vertex 164.004 33.3872 4.02
      vertex 152.396 33.3872 4.02
      vertex 164.2 33.4 4.02
    endloop
  endfacet
  facet normal -0 0 -1
    outer loop
      vertex 164.2 33.4 4.02
      vertex 152.396 33.3872 4.02
      vertex 152.2 33.4 4.02
    endloop
  endfacet
  facet normal -0.997803 -0.0662484 0
    outer loop
      vertex 123.713 36.9042 3.51
      vertex 123.7 37.1 14.61
      vertex 123.7 37.1 3.51
    endloop
  endfacet
  facet normal -0.997803 -0.0662484 0
    outer loop
      vertex 123.7 37.1 14.61
      vertex 123.713 36.9042 3.51
      vertex 123.713 36.9042 14.61
    endloop
  endfacet
  facet normal -0.752956 0.658071 0
    outer loop
      vertex 124.01 39.4131 3.51
      vertex 124.139 39.5607 14.61
      vertex 124.139 39.5607 3.51
    endloop
  endfacet
  facet normal -0.752956 0.658071 0
    outer loop
      vertex 124.139 39.5607 14.61
      vertex 124.01 39.4131 3.51
      vertex 124.01 39.4131 14.61
    endloop
  endfacet
  facet normal -0.321264 -0.94699 0
    outer loop
      vertex 124.626 35.7142 3.51
      vertex 124.812 35.6511 14.61
      vertex 124.626 35.7142 14.61
    endloop
  endfacet
  facet normal -0.321264 -0.94699 -0
    outer loop
      vertex 124.812 35.6511 14.61
      vertex 124.626 35.7142 3.51
      vertex 124.812 35.6511 3.51
    endloop
  endfacet
  facet normal -0.896455 0.443134 0
    outer loop
      vertex 123.814 39.074 3.51
      vertex 123.901 39.25 14.61
      vertex 123.901 39.25 3.51
    endloop
  endfacet
  facet normal -0.896455 0.443134 0
    outer loop
      vertex 123.901 39.25 14.61
      vertex 123.814 39.074 3.51
      vertex 123.814 39.074 14.61
    endloop
  endfacet
  facet normal -0.831422 0.555641 0
    outer loop
      vertex 123.901 39.25 3.51
      vertex 124.01 39.4131 14.61
      vertex 124.01 39.4131 3.51
    endloop
  endfacet
  facet normal -0.831422 0.555641 0
    outer loop
      vertex 124.01 39.4131 14.61
      vertex 123.901 39.25 3.51
      vertex 123.901 39.25 14.61
    endloop
  endfacet
  facet normal -0.94704 0.321117 0
    outer loop
      vertex 123.751 38.8882 3.51
      vertex 123.814 39.074 14.61
      vertex 123.814 39.074 3.51
    endloop
  endfacet
  facet normal -0.94704 0.321117 0
    outer loop
      vertex 123.814 39.074 14.61
      vertex 123.751 38.8882 3.51
      vertex 123.751 38.8882 14.61
    endloop
  endfacet
  facet normal -1 0 0
    outer loop
      vertex 123.7 37.1 3.51
      vertex 123.7 38.5 14.61
      vertex 123.7 38.5 3.51
    endloop
  endfacet
  facet normal -1 -0 0
    outer loop
      vertex 123.7 38.5 14.61
      vertex 123.7 37.1 3.51
      vertex 123.7 37.1 14.61
    endloop
  endfacet
  facet normal -0.442315 0.89686 0
    outer loop
      vertex 124.626 39.8858 3.51
      vertex 124.45 39.799 14.61
      vertex 124.626 39.8858 14.61
    endloop
  endfacet
  facet normal -0.442315 0.89686 0
    outer loop
      vertex 124.45 39.799 14.61
      vertex 124.626 39.8858 3.51
      vertex 124.45 39.799 3.51
    endloop
  endfacet
  facet normal -0.195625 0.980679 0
    outer loop
      vertex 125.004 39.9872 3.51
      vertex 124.812 39.9489 14.61
      vertex 125.004 39.9872 14.61
    endloop
  endfacet
  facet normal -0.195625 0.980679 0
    outer loop
      vertex 124.812 39.9489 14.61
      vertex 125.004 39.9872 3.51
      vertex 124.812 39.9489 3.51
    endloop
  endfacet
  facet normal -0.0651673 0.997874 0
    outer loop
      vertex 125.2 40 3.51
      vertex 125.004 39.9872 14.61
      vertex 125.2 40 14.61
    endloop
  endfacet
  facet normal -0.0651673 0.997874 0
    outer loop
      vertex 125.004 39.9872 14.61
      vertex 125.2 40 3.51
      vertex 125.004 39.9872 3.51
    endloop
  endfacet
  facet normal -0.657928 -0.753081 0
    outer loop
      vertex 124.139 36.0393 3.51
      vertex 124.287 35.91 14.61
      vertex 124.139 36.0393 14.61
    endloop
  endfacet
  facet normal -0.657928 -0.753081 -0
    outer loop
      vertex 124.287 35.91 14.61
      vertex 124.139 36.0393 3.51
      vertex 124.287 35.91 3.51
    endloop
  endfacet
  facet normal -0.94704 -0.321117 0
    outer loop
      vertex 123.814 36.526 3.51
      vertex 123.751 36.7118 14.61
      vertex 123.751 36.7118 3.51
    endloop
  endfacet
  facet normal -0.94704 -0.321117 0
    outer loop
      vertex 123.751 36.7118 14.61
      vertex 123.814 36.526 3.51
      vertex 123.814 36.526 14.61
    endloop
  endfacet
  facet normal -0.555877 0.831265 0
    outer loop
      vertex 124.45 39.799 3.51
      vertex 124.287 39.69 14.61
      vertex 124.45 39.799 14.61
    endloop
  endfacet
  facet normal -0.555877 0.831265 0
    outer loop
      vertex 124.287 39.69 14.61
      vertex 124.45 39.799 3.51
      vertex 124.287 39.69 3.51
    endloop
  endfacet
  facet normal -0.981049 -0.193762 0
    outer loop
      vertex 123.751 36.7118 3.51
      vertex 123.713 36.9042 14.61
      vertex 123.713 36.9042 3.51
    endloop
  endfacet
  facet normal -0.981049 -0.193762 0
    outer loop
      vertex 123.713 36.9042 14.61
      vertex 123.751 36.7118 3.51
      vertex 123.751 36.7118 14.61
    endloop
  endfacet
  facet normal -0.896455 -0.443134 0
    outer loop
      vertex 123.901 36.35 3.51
      vertex 123.814 36.526 14.61
      vertex 123.814 36.526 3.51
    endloop
  endfacet
  facet normal -0.896455 -0.443134 0
    outer loop
      vertex 123.814 36.526 14.61
      vertex 123.901 36.35 3.51
      vertex 123.901 36.35 14.61
    endloop
  endfacet
  facet normal -0.321264 0.94699 0
    outer loop
      vertex 124.812 39.9489 3.51
      vertex 124.626 39.8858 14.61
      vertex 124.812 39.9489 14.61
    endloop
  endfacet
  facet normal -0.321264 0.94699 0
    outer loop
      vertex 124.626 39.8858 14.61
      vertex 124.812 39.9489 3.51
      vertex 124.626 39.8858 3.51
    endloop
  endfacet
  facet normal -0.831422 -0.555641 0
    outer loop
      vertex 124.01 36.1869 3.51
      vertex 123.901 36.35 14.61
      vertex 123.901 36.35 3.51
    endloop
  endfacet
  facet normal -0.831422 -0.555641 0
    outer loop
      vertex 123.901 36.35 14.61
      vertex 124.01 36.1869 3.51
      vertex 124.01 36.1869 14.61
    endloop
  endfacet
  facet normal -0.981049 0.193762 0
    outer loop
      vertex 123.713 38.6958 3.51
      vertex 123.751 38.8882 14.61
      vertex 123.751 38.8882 3.51
    endloop
  endfacet
  facet normal -0.981049 0.193762 0
    outer loop
      vertex 123.751 38.8882 14.61
      vertex 123.713 38.6958 3.51
      vertex 123.713 38.6958 14.61
    endloop
  endfacet
  facet normal -0.997803 0.0662484 0
    outer loop
      vertex 123.7 38.5 3.51
      vertex 123.713 38.6958 14.61
      vertex 123.713 38.6958 3.51
    endloop
  endfacet
  facet normal -0.997803 0.0662484 0
    outer loop
      vertex 123.713 38.6958 14.61
      vertex 123.7 38.5 3.51
      vertex 123.7 38.5 14.61
    endloop
  endfacet
  facet normal -0.442315 -0.89686 0
    outer loop
      vertex 124.45 35.801 3.51
      vertex 124.626 35.7142 14.61
      vertex 124.45 35.801 14.61
    endloop
  endfacet
  facet normal -0.442315 -0.89686 -0
    outer loop
      vertex 124.626 35.7142 14.61
      vertex 124.45 35.801 3.51
      vertex 124.626 35.7142 3.51
    endloop
  endfacet
  facet normal -0.195625 -0.980679 0
    outer loop
      vertex 124.812 35.6511 3.51
      vertex 125.004 35.6128 14.61
      vertex 124.812 35.6511 14.61
    endloop
  endfacet
  facet normal -0.195625 -0.980679 -0
    outer loop
      vertex 125.004 35.6128 14.61
      vertex 124.812 35.6511 3.51
      vertex 125.004 35.6128 3.51
    endloop
  endfacet
  facet normal -0.0651673 -0.997874 0
    outer loop
      vertex 125.004 35.6128 3.51
      vertex 125.2 35.6 14.61
      vertex 125.004 35.6128 14.61
    endloop
  endfacet
  facet normal -0.0651673 -0.997874 -0
    outer loop
      vertex 125.2 35.6 14.61
      vertex 125.004 35.6128 3.51
      vertex 125.2 35.6 3.51
    endloop
  endfacet
  facet normal -0.555877 -0.831265 0
    outer loop
      vertex 124.287 35.91 3.51
      vertex 124.45 35.801 14.61
      vertex 124.287 35.91 14.61
    endloop
  endfacet
  facet normal -0.555877 -0.831265 -0
    outer loop
      vertex 124.45 35.801 14.61
      vertex 124.287 35.91 3.51
      vertex 124.45 35.801 3.51
    endloop
  endfacet
  facet normal 0 0 1
    outer loop
      vertex 162.7 38.5 3.52
      vertex 153.7 38.5 3.52
      vertex 162.7 37.1 3.52
    endloop
  endfacet
  facet normal 0 0 1
    outer loop
      vertex 162.713 38.6958 3.52
      vertex 153.7 38.5 3.52
      vertex 162.7 38.5 3.52
    endloop
  endfacet
  facet normal 0 0 1
    outer loop
      vertex 153.687 38.6958 3.52
      vertex 162.713 38.6958 3.52
      vertex 162.751 38.8882 3.52
    endloop
  endfacet
  facet normal 0 0 1
    outer loop
      vertex 153.649 38.8882 3.52
      vertex 162.751 38.8882 3.52
      vertex 162.814 39.074 3.52
    endloop
  endfacet
  facet normal 0 0 1
    outer loop
      vertex 153.586 39.074 3.52
      vertex 162.814 39.074 3.52
      vertex 162.901 39.25 3.52
    endloop
  endfacet
  facet normal 0 0 1
    outer loop
      vertex 153.499 39.25 3.52
      vertex 162.901 39.25 3.52
      vertex 163.01 39.4131 3.52
    endloop
  endfacet
  facet normal 0 0 1
    outer loop
      vertex 153.39 39.4131 3.52
      vertex 163.01 39.4131 3.52
      vertex 163.139 39.5607 3.52
    endloop
  endfacet
  facet normal 0 0 1
    outer loop
      vertex 153.261 39.5607 3.52
      vertex 163.139 39.5607 3.52
      vertex 163.287 39.69 3.52
    endloop
  endfacet
  facet normal 0 0 1
    outer loop
      vertex 153.113 39.69 3.52
      vertex 163.287 39.69 3.52
      vertex 163.45 39.799 3.52
    endloop
  endfacet
  facet normal 0 0 1
    outer loop
      vertex 152.95 39.799 3.52
      vertex 163.45 39.799 3.52
      vertex 163.626 39.8858 3.52
    endloop
  endfacet
  facet normal 0 0 1
    outer loop
      vertex 152.774 39.8858 3.52
      vertex 163.626 39.8858 3.52
      vertex 163.812 39.9489 3.52
    endloop
  endfacet
  facet normal 0 0 1
    outer loop
      vertex 152.588 39.9489 3.52
      vertex 163.812 39.9489 3.52
      vertex 164.004 39.9872 3.52
    endloop
  endfacet
  facet normal 0 0 1
    outer loop
      vertex 162.713 38.6958 3.52
      vertex 153.687 38.6958 3.52
      vertex 153.7 38.5 3.52
    endloop
  endfacet
  facet normal 0 0 1
    outer loop
      vertex 162.751 38.8882 3.52
      vertex 153.649 38.8882 3.52
      vertex 153.687 38.6958 3.52
    endloop
  endfacet
  facet normal 0 0 1
    outer loop
      vertex 162.814 39.074 3.52
      vertex 153.586 39.074 3.52
      vertex 153.649 38.8882 3.52
    endloop
  endfacet
  facet normal 0 0 1
    outer loop
      vertex 162.901 39.25 3.52
      vertex 153.499 39.25 3.52
      vertex 153.586 39.074 3.52
    endloop
  endfacet
  facet normal 0 0 1
    outer loop
      vertex 163.01 39.4131 3.52
      vertex 153.39 39.4131 3.52
      vertex 153.499 39.25 3.52
    endloop
  endfacet
  facet normal 0 0 1
    outer loop
      vertex 152.396 39.9872 3.52
      vertex 164.004 39.9872 3.52
      vertex 164.2 40 3.52
    endloop
  endfacet
  facet normal 0 0 1
    outer loop
      vertex 163.139 39.5607 3.52
      vertex 153.261 39.5607 3.52
      vertex 153.39 39.4131 3.52
    endloop
  endfacet
  facet normal 0 0 1
    outer loop
      vertex 163.287 39.69 3.52
      vertex 153.113 39.69 3.52
      vertex 153.261 39.5607 3.52
    endloop
  endfacet
  facet normal 0 0 1
    outer loop
      vertex 163.45 39.799 3.52
      vertex 152.95 39.799 3.52
      vertex 153.113 39.69 3.52
    endloop
  endfacet
  facet normal 0 0 1
    outer loop
      vertex 163.626 39.8858 3.52
      vertex 152.774 39.8858 3.52
      vertex 152.95 39.799 3.52
    endloop
  endfacet
  facet normal 0 0 1
    outer loop
      vertex 163.812 39.9489 3.52
      vertex 152.588 39.9489 3.52
      vertex 152.774 39.8858 3.52
    endloop
  endfacet
  facet normal 0 0 1
    outer loop
      vertex 164.004 39.9872 3.52
      vertex 152.396 39.9872 3.52
      vertex 152.588 39.9489 3.52
    endloop
  endfacet
  facet normal 0 -0 1
    outer loop
      vertex 152.396 39.9872 3.52
      vertex 164.2 40 3.52
      vertex 152.2 40 3.52
    endloop
  endfacet
  facet normal 0 0 1
    outer loop
      vertex 153.7 37.1 3.52
      vertex 162.7 37.1 3.52
      vertex 153.7 38.5 3.52
    endloop
  endfacet
  facet normal 0 0 1
    outer loop
      vertex 162.7 37.1 3.52
      vertex 153.7 37.1 3.52
      vertex 162.713 36.9042 3.52
    endloop
  endfacet
  facet normal 0 0 1
    outer loop
      vertex 153.687 36.9042 3.52
      vertex 162.713 36.9042 3.52
      vertex 153.7 37.1 3.52
    endloop
  endfacet
  facet normal 0 0 1
    outer loop
      vertex 162.713 36.9042 3.52
      vertex 153.687 36.9042 3.52
      vertex 162.751 36.7118 3.52
    endloop
  endfacet
  facet normal 0 0 1
    outer loop
      vertex 153.649 36.7118 3.52
      vertex 162.751 36.7118 3.52
      vertex 153.687 36.9042 3.52
    endloop
  endfacet
  facet normal 0 0 1
    outer loop
      vertex 162.751 36.7118 3.52
      vertex 153.649 36.7118 3.52
      vertex 162.814 36.526 3.52
    endloop
  endfacet
  facet normal 0 0 1
    outer loop
      vertex 153.586 36.526 3.52
      vertex 162.814 36.526 3.52
      vertex 153.649 36.7118 3.52
    endloop
  endfacet
  facet normal 0 0 1
    outer loop
      vertex 162.814 36.526 3.52
      vertex 153.586 36.526 3.52
      vertex 162.901 36.35 3.52
    endloop
  endfacet
  facet normal 0 0 1
    outer loop
      vertex 153.499 36.35 3.52
      vertex 162.901 36.35 3.52
      vertex 153.586 36.526 3.52
    endloop
  endfacet
  facet normal 0 0 1
    outer loop
      vertex 162.901 36.35 3.52
      vertex 153.499 36.35 3.52
      vertex 163.01 36.1869 3.52
    endloop
  endfacet
  facet normal 0 0 1
    outer loop
      vertex 153.39 36.1869 3.52
      vertex 163.01 36.1869 3.52
      vertex 153.499 36.35 3.52
    endloop
  endfacet
  facet normal 0 0 1
    outer loop
      vertex 163.01 36.1869 3.52
      vertex 153.39 36.1869 3.52
      vertex 163.139 36.0393 3.52
    endloop
  endfacet
  facet normal 0 0 1
    outer loop
      vertex 153.261 36.0393 3.52
      vertex 163.139 36.0393 3.52
      vertex 153.39 36.1869 3.52
    endloop
  endfacet
  facet normal 0 0 1
    outer loop
      vertex 163.139 36.0393 3.52
      vertex 153.261 36.0393 3.52
      vertex 163.287 35.91 3.52
    endloop
  endfacet
  facet normal 0 0 1
    outer loop
      vertex 153.113 35.91 3.52
      vertex 163.287 35.91 3.52
      vertex 153.261 36.0393 3.52
    endloop
  endfacet
  facet normal 0 0 1
    outer loop
      vertex 163.287 35.91 3.52
      vertex 153.113 35.91 3.52
      vertex 163.45 35.801 3.52
    endloop
  endfacet
  facet normal 0 0 1
    outer loop
      vertex 152.95 35.801 3.52
      vertex 163.45 35.801 3.52
      vertex 153.113 35.91 3.52
    endloop
  endfacet
  facet normal 0 0 1
    outer loop
      vertex 163.45 35.801 3.52
      vertex 152.95 35.801 3.52
      vertex 163.626 35.7142 3.52
    endloop
  endfacet
  facet normal 0 0 1
    outer loop
      vertex 152.774 35.7142 3.52
      vertex 163.626 35.7142 3.52
      vertex 152.95 35.801 3.52
    endloop
  endfacet
  facet normal 0 0 1
    outer loop
      vertex 163.626 35.7142 3.52
      vertex 152.774 35.7142 3.52
      vertex 163.812 35.6511 3.52
    endloop
  endfacet
  facet normal 0 0 1
    outer loop
      vertex 152.588 35.6511 3.52
      vertex 163.812 35.6511 3.52
      vertex 152.774 35.7142 3.52
    endloop
  endfacet
  facet normal 0 0 1
    outer loop
      vertex 163.812 35.6511 3.52
      vertex 152.588 35.6511 3.52
      vertex 164.004 35.6128 3.52
    endloop
  endfacet
  facet normal 0 0 1
    outer loop
      vertex 152.396 35.6128 3.52
      vertex 164.004 35.6128 3.52
      vertex 152.588 35.6511 3.52
    endloop
  endfacet
  facet normal 0 0 1
    outer loop
      vertex 164.004 35.6128 3.52
      vertex 152.396 35.6128 3.52
      vertex 164.2 35.6 3.52
    endloop
  endfacet
  facet normal 0 0 1
    outer loop
      vertex 164.2 35.6 3.52
      vertex 152.396 35.6128 3.52
      vertex 152.2 35.6 3.52
    endloop
  endfacet
  facet normal -0.657928 0.753081 0
    outer loop
      vertex 124.287 39.69 3.51
      vertex 124.139 39.5607 14.61
      vertex 124.287 39.69 14.61
    endloop
  endfacet
  facet normal -0.657928 0.753081 0
    outer loop
      vertex 124.139 39.5607 14.61
      vertex 124.287 39.69 3.51
      vertex 124.139 39.5607 3.51
    endloop
  endfacet
  facet normal -0.752956 -0.658071 0
    outer loop
      vertex 124.139 36.0393 3.51
      vertex 124.01 36.1869 14.61
      vertex 124.01 36.1869 3.51
    endloop
  endfacet
  facet normal -0.752956 -0.658071 0
    outer loop
      vertex 124.01 36.1869 14.61
      vertex 124.139 36.0393 3.51
      vertex 124.139 36.0393 14.61
    endloop
  endfacet
  facet normal -0 0 1
    outer loop
      vertex 125.2 40 14.61
      vertex 126.004 39.9872 14.61
      vertex 126.2 40 14.61
    endloop
  endfacet
  facet normal 0 0 1
    outer loop
      vertex 125.2 40 14.61
      vertex 125.812 39.9489 14.61
      vertex 126.004 39.9872 14.61
    endloop
  endfacet
  facet normal 0 0 1
    outer loop
      vertex 125.2 40 14.61
      vertex 125.626 39.8858 14.61
      vertex 125.812 39.9489 14.61
    endloop
  endfacet
  facet normal 0 0 1
    outer loop
      vertex 125.2 40 14.61
      vertex 125.45 39.799 14.61
      vertex 125.626 39.8858 14.61
    endloop
  endfacet
  facet normal 0 0 1
    outer loop
      vertex 125.2 40 14.61
      vertex 125.287 39.69 14.61
      vertex 125.45 39.799 14.61
    endloop
  endfacet
  facet normal -0 0 1
    outer loop
      vertex 125.004 39.9872 14.61
      vertex 125.287 39.69 14.61
      vertex 125.2 40 14.61
    endloop
  endfacet
  facet normal 0 0 1
    outer loop
      vertex 125.287 39.69 14.61
      vertex 125.004 39.9872 14.61
      vertex 125.139 39.5607 14.61
    endloop
  endfacet
  facet normal -0 0 1
    outer loop
      vertex 124.812 39.9489 14.61
      vertex 125.139 39.5607 14.61
      vertex 125.004 39.9872 14.61
    endloop
  endfacet
  facet normal 0 0 1
    outer loop
      vertex 125.139 39.5607 14.61
      vertex 124.812 39.9489 14.61
      vertex 125.01 39.4131 14.61
    endloop
  endfacet
  facet normal -0 0 1
    outer loop
      vertex 124.626 39.8858 14.61
      vertex 125.01 39.4131 14.61
      vertex 124.812 39.9489 14.61
    endloop
  endfacet
  facet normal -0 0 1
    outer loop
      vertex 124.45 39.799 14.61
      vertex 125.01 39.4131 14.61
      vertex 124.626 39.8858 14.61
    endloop
  endfacet
  facet normal 0 0 1
    outer loop
      vertex 125.01 39.4131 14.61
      vertex 124.45 39.799 14.61
      vertex 124.901 39.25 14.61
    endloop
  endfacet
  facet normal -0 0 1
    outer loop
      vertex 124.287 39.69 14.61
      vertex 124.901 39.25 14.61
      vertex 124.45 39.799 14.61
    endloop
  endfacet
  facet normal -0 0 1
    outer loop
      vertex 124.01 39.4131 14.61
      vertex 124.814 39.074 14.61
      vertex 124.139 39.5607 14.61
    endloop
  endfacet
  facet normal -0 0 1
    outer loop
      vertex 124.139 39.5607 14.61
      vertex 124.814 39.074 14.61
      vertex 124.287 39.69 14.61
    endloop
  endfacet
  facet normal 0 0 1
    outer loop
      vertex 124.901 39.25 14.61
      vertex 124.287 39.69 14.61
      vertex 124.814 39.074 14.61
    endloop
  endfacet
  facet normal 0 0 1
    outer loop
      vertex 126.004 35.6128 14.61
      vertex 125.2 35.6 14.61
      vertex 126.2 35.6 14.61
    endloop
  endfacet
  facet normal 0 0 1
    outer loop
      vertex 125.812 35.6511 14.61
      vertex 125.2 35.6 14.61
      vertex 126.004 35.6128 14.61
    endloop
  endfacet
  facet normal 0 0 1
    outer loop
      vertex 125.626 35.7142 14.61
      vertex 125.2 35.6 14.61
      vertex 125.812 35.6511 14.61
    endloop
  endfacet
  facet normal 0 0 1
    outer loop
      vertex 125.45 35.801 14.61
      vertex 125.2 35.6 14.61
      vertex 125.626 35.7142 14.61
    endloop
  endfacet
  facet normal 0 0 1
    outer loop
      vertex 125.287 35.91 14.61
      vertex 125.2 35.6 14.61
      vertex 125.45 35.801 14.61
    endloop
  endfacet
  facet normal 0 0 1
    outer loop
      vertex 125.004 35.6128 14.61
      vertex 125.287 35.91 14.61
      vertex 125.139 36.0393 14.61
    endloop
  endfacet
  facet normal 0 0 1
    outer loop
      vertex 124.812 35.6511 14.61
      vertex 125.139 36.0393 14.61
      vertex 125.01 36.1869 14.61
    endloop
  endfacet
  facet normal 0 0 1
    outer loop
      vertex 125.287 35.91 14.61
      vertex 125.004 35.6128 14.61
      vertex 125.2 35.6 14.61
    endloop
  endfacet
  facet normal 0 0 1
    outer loop
      vertex 124.45 35.801 14.61
      vertex 125.01 36.1869 14.61
      vertex 124.901 36.35 14.61
    endloop
  endfacet
  facet normal 0 0 1
    outer loop
      vertex 124.287 35.91 14.61
      vertex 124.901 36.35 14.61
      vertex 124.814 36.526 14.61
    endloop
  endfacet
  facet normal 0 0 1
    outer loop
      vertex 125.139 36.0393 14.61
      vertex 124.812 35.6511 14.61
      vertex 125.004 35.6128 14.61
    endloop
  endfacet
  facet normal 0 0 1
    outer loop
      vertex 124.01 36.1869 14.61
      vertex 124.814 36.526 14.61
      vertex 124.751 36.7118 14.61
    endloop
  endfacet
  facet normal 0 0 1
    outer loop
      vertex 123.814 36.526 14.61
      vertex 124.751 36.7118 14.61
      vertex 124.713 36.9042 14.61
    endloop
  endfacet
  facet normal 0 0 1
    outer loop
      vertex 125.01 36.1869 14.61
      vertex 124.626 35.7142 14.61
      vertex 124.812 35.6511 14.61
    endloop
  endfacet
  facet normal 0 0 1
    outer loop
      vertex 123.713 36.9042 14.61
      vertex 124.713 36.9042 14.61
      vertex 124.7 37.1 14.61
    endloop
  endfacet
  facet normal 0 0 1
    outer loop
      vertex 124.7 38.5 14.61
      vertex 123.7 38.5 14.61
      vertex 124.7 37.1 14.61
    endloop
  endfacet
  facet normal 0 0 1
    outer loop
      vertex 124.814 39.074 14.61
      vertex 124.01 39.4131 14.61
      vertex 124.751 38.8882 14.61
    endloop
  endfacet
  facet normal 0 0 1
    outer loop
      vertex 123.7 37.1 14.61
      vertex 124.7 37.1 14.61
      vertex 123.7 38.5 14.61
    endloop
  endfacet
  facet normal -0 0 1
    outer loop
      vertex 123.901 39.25 14.61
      vertex 124.751 38.8882 14.61
      vertex 124.01 39.4131 14.61
    endloop
  endfacet
  facet normal 0 -0 1
    outer loop
      vertex 123.713 36.9042 14.61
      vertex 124.7 37.1 14.61
      vertex 123.7 37.1 14.61
    endloop
  endfacet
  facet normal -0 0 1
    outer loop
      vertex 123.814 39.074 14.61
      vertex 124.751 38.8882 14.61
      vertex 123.901 39.25 14.61
    endloop
  endfacet
  facet normal 0 0 1
    outer loop
      vertex 125.01 36.1869 14.61
      vertex 124.45 35.801 14.61
      vertex 124.626 35.7142 14.61
    endloop
  endfacet
  facet normal 0 0 1
    outer loop
      vertex 124.751 38.8882 14.61
      vertex 123.814 39.074 14.61
      vertex 124.713 38.6958 14.61
    endloop
  endfacet
  facet normal 0 0 1
    outer loop
      vertex 124.901 36.35 14.61
      vertex 124.287 35.91 14.61
      vertex 124.45 35.801 14.61
    endloop
  endfacet
  facet normal -0 0 1
    outer loop
      vertex 123.751 38.8882 14.61
      vertex 124.713 38.6958 14.61
      vertex 123.814 39.074 14.61
    endloop
  endfacet
  facet normal 0 0 1
    outer loop
      vertex 124.814 36.526 14.61
      vertex 124.139 36.0393 14.61
      vertex 124.287 35.91 14.61
    endloop
  endfacet
  facet normal 0 0 1
    outer loop
      vertex 123.713 38.6958 14.61
      vertex 124.713 38.6958 14.61
      vertex 123.751 38.8882 14.61
    endloop
  endfacet
  facet normal 0 0 1
    outer loop
      vertex 124.814 36.526 14.61
      vertex 124.01 36.1869 14.61
      vertex 124.139 36.0393 14.61
    endloop
  endfacet
  facet normal 0 0 1
    outer loop
      vertex 124.713 38.6958 14.61
      vertex 123.713 38.6958 14.61
      vertex 124.7 38.5 14.61
    endloop
  endfacet
  facet normal 0 0 1
    outer loop
      vertex 124.751 36.7118 14.61
      vertex 123.901 36.35 14.61
      vertex 124.01 36.1869 14.61
    endloop
  endfacet
  facet normal 0 0 1
    outer loop
      vertex 124.7 38.5 14.61
      vertex 123.713 38.6958 14.61
      vertex 123.7 38.5 14.61
    endloop
  endfacet
  facet normal 0 0 1
    outer loop
      vertex 124.751 36.7118 14.61
      vertex 123.814 36.526 14.61
      vertex 123.901 36.35 14.61
    endloop
  endfacet
  facet normal 0 0 1
    outer loop
      vertex 124.713 36.9042 14.61
      vertex 123.751 36.7118 14.61
      vertex 123.814 36.526 14.61
    endloop
  endfacet
  facet normal 0 0 1
    outer loop
      vertex 124.713 36.9042 14.61
      vertex 123.713 36.9042 14.61
      vertex 123.751 36.7118 14.61
    endloop
  endfacet
  facet normal 0 0 -1
    outer loop
      vertex 162.7 37.1 4.02
      vertex 153.7 37.1 4.02
      vertex 162.7 38.5 4.02
    endloop
  endfacet
  facet normal 0 0 -1
    outer loop
      vertex 162.713 36.9042 4.02
      vertex 153.7 37.1 4.02
      vertex 162.7 37.1 4.02
    endloop
  endfacet
  facet normal 0 0 -1
    outer loop
      vertex 153.687 36.9042 4.02
      vertex 162.713 36.9042 4.02
      vertex 162.751 36.7118 4.02
    endloop
  endfacet
  facet normal 0 0 -1
    outer loop
      vertex 153.649 36.7118 4.02
      vertex 162.751 36.7118 4.02
      vertex 162.814 36.526 4.02
    endloop
  endfacet
  facet normal 0 0 -1
    outer loop
      vertex 153.586 36.526 4.02
      vertex 162.814 36.526 4.02
      vertex 162.901 36.35 4.02
    endloop
  endfacet
  facet normal 0 0 -1
    outer loop
      vertex 153.499 36.35 4.02
      vertex 162.901 36.35 4.02
      vertex 163.01 36.1869 4.02
    endloop
  endfacet
  facet normal 0 0 -1
    outer loop
      vertex 153.39 36.1869 4.02
      vertex 163.01 36.1869 4.02
      vertex 163.139 36.0393 4.02
    endloop
  endfacet
  facet normal 0 0 -1
    outer loop
      vertex 153.261 36.0393 4.02
      vertex 163.139 36.0393 4.02
      vertex 163.287 35.91 4.02
    endloop
  endfacet
  facet normal 0 0 -1
    outer loop
      vertex 153.113 35.91 4.02
      vertex 163.287 35.91 4.02
      vertex 163.45 35.801 4.02
    endloop
  endfacet
  facet normal 0 0 -1
    outer loop
      vertex 152.95 35.801 4.02
      vertex 163.45 35.801 4.02
      vertex 163.626 35.7142 4.02
    endloop
  endfacet
  facet normal 0 0 -1
    outer loop
      vertex 152.774 35.7142 4.02
      vertex 163.626 35.7142 4.02
      vertex 163.812 35.6511 4.02
    endloop
  endfacet
  facet normal 0 0 -1
    outer loop
      vertex 152.588 35.6511 4.02
      vertex 163.812 35.6511 4.02
      vertex 164.004 35.6128 4.02
    endloop
  endfacet
  facet normal 0 0 -1
    outer loop
      vertex 162.713 36.9042 4.02
      vertex 153.687 36.9042 4.02
      vertex 153.7 37.1 4.02
    endloop
  endfacet
  facet normal 0 0 -1
    outer loop
      vertex 162.751 36.7118 4.02
      vertex 153.649 36.7118 4.02
      vertex 153.687 36.9042 4.02
    endloop
  endfacet
  facet normal 0 0 -1
    outer loop
      vertex 162.814 36.526 4.02
      vertex 153.586 36.526 4.02
      vertex 153.649 36.7118 4.02
    endloop
  endfacet
  facet normal 0 0 -1
    outer loop
      vertex 162.901 36.35 4.02
      vertex 153.499 36.35 4.02
      vertex 153.586 36.526 4.02
    endloop
  endfacet
  facet normal 0 0 -1
    outer loop
      vertex 163.01 36.1869 4.02
      vertex 153.39 36.1869 4.02
      vertex 153.499 36.35 4.02
    endloop
  endfacet
  facet normal 0 0 -1
    outer loop
      vertex 152.396 35.6128 4.02
      vertex 164.004 35.6128 4.02
      vertex 164.2 35.6 4.02
    endloop
  endfacet
  facet normal 0 0 -1
    outer loop
      vertex 163.139 36.0393 4.02
      vertex 153.261 36.0393 4.02
      vertex 153.39 36.1869 4.02
    endloop
  endfacet
  facet normal 0 0 -1
    outer loop
      vertex 163.287 35.91 4.02
      vertex 153.113 35.91 4.02
      vertex 153.261 36.0393 4.02
    endloop
  endfacet
  facet normal 0 0 -1
    outer loop
      vertex 163.45 35.801 4.02
      vertex 152.95 35.801 4.02
      vertex 153.113 35.91 4.02
    endloop
  endfacet
  facet normal 0 0 -1
    outer loop
      vertex 163.626 35.7142 4.02
      vertex 152.774 35.7142 4.02
      vertex 152.95 35.801 4.02
    endloop
  endfacet
  facet normal 0 0 -1
    outer loop
      vertex 163.812 35.6511 4.02
      vertex 152.588 35.6511 4.02
      vertex 152.774 35.7142 4.02
    endloop
  endfacet
  facet normal 0 0 -1
    outer loop
      vertex 164.004 35.6128 4.02
      vertex 152.396 35.6128 4.02
      vertex 152.588 35.6511 4.02
    endloop
  endfacet
  facet normal 0 -0 -1
    outer loop
      vertex 152.396 35.6128 4.02
      vertex 164.2 35.6 4.02
      vertex 152.2 35.6 4.02
    endloop
  endfacet
  facet normal 0 0 -1
    outer loop
      vertex 153.7 38.5 4.02
      vertex 162.7 38.5 4.02
      vertex 153.7 37.1 4.02
    endloop
  endfacet
  facet normal 0 0 -1
    outer loop
      vertex 162.7 38.5 4.02
      vertex 153.7 38.5 4.02
      vertex 162.713 38.6958 4.02
    endloop
  endfacet
  facet normal 0 0 -1
    outer loop
      vertex 153.687 38.6958 4.02
      vertex 162.713 38.6958 4.02
      vertex 153.7 38.5 4.02
    endloop
  endfacet
  facet normal 0 0 -1
    outer loop
      vertex 162.713 38.6958 4.02
      vertex 153.687 38.6958 4.02
      vertex 162.751 38.8882 4.02
    endloop
  endfacet
  facet normal 0 0 -1
    outer loop
      vertex 153.649 38.8882 4.02
      vertex 162.751 38.8882 4.02
      vertex 153.687 38.6958 4.02
    endloop
  endfacet
  facet normal 0 0 -1
    outer loop
      vertex 162.751 38.8882 4.02
      vertex 153.649 38.8882 4.02
      vertex 162.814 39.074 4.02
    endloop
  endfacet
  facet normal 0 0 -1
    outer loop
      vertex 153.586 39.074 4.02
      vertex 162.814 39.074 4.02
      vertex 153.649 38.8882 4.02
    endloop
  endfacet
  facet normal 0 0 -1
    outer loop
      vertex 162.814 39.074 4.02
      vertex 153.586 39.074 4.02
      vertex 162.901 39.25 4.02
    endloop
  endfacet
  facet normal 0 0 -1
    outer loop
      vertex 153.499 39.25 4.02
      vertex 162.901 39.25 4.02
      vertex 153.586 39.074 4.02
    endloop
  endfacet
  facet normal 0 0 -1
    outer loop
      vertex 162.901 39.25 4.02
      vertex 153.499 39.25 4.02
      vertex 163.01 39.4131 4.02
    endloop
  endfacet
  facet normal 0 0 -1
    outer loop
      vertex 153.39 39.4131 4.02
      vertex 163.01 39.4131 4.02
      vertex 153.499 39.25 4.02
    endloop
  endfacet
  facet normal 0 0 -1
    outer loop
      vertex 163.01 39.4131 4.02
      vertex 153.39 39.4131 4.02
      vertex 163.139 39.5607 4.02
    endloop
  endfacet
  facet normal 0 0 -1
    outer loop
      vertex 153.261 39.5607 4.02
      vertex 163.139 39.5607 4.02
      vertex 153.39 39.4131 4.02
    endloop
  endfacet
  facet normal 0 0 -1
    outer loop
      vertex 163.139 39.5607 4.02
      vertex 153.261 39.5607 4.02
      vertex 163.287 39.69 4.02
    endloop
  endfacet
  facet normal 0 0 -1
    outer loop
      vertex 153.113 39.69 4.02
      vertex 163.287 39.69 4.02
      vertex 153.261 39.5607 4.02
    endloop
  endfacet
  facet normal 0 0 -1
    outer loop
      vertex 163.287 39.69 4.02
      vertex 153.113 39.69 4.02
      vertex 163.45 39.799 4.02
    endloop
  endfacet
  facet normal 0 0 -1
    outer loop
      vertex 152.95 39.799 4.02
      vertex 163.45 39.799 4.02
      vertex 153.113 39.69 4.02
    endloop
  endfacet
  facet normal 0 0 -1
    outer loop
      vertex 163.45 39.799 4.02
      vertex 152.95 39.799 4.02
      vertex 163.626 39.8858 4.02
    endloop
  endfacet
  facet normal 0 0 -1
    outer loop
      vertex 152.774 39.8858 4.02
      vertex 163.626 39.8858 4.02
      vertex 152.95 39.799 4.02
    endloop
  endfacet
  facet normal 0 0 -1
    outer loop
      vertex 163.626 39.8858 4.02
      vertex 152.774 39.8858 4.02
      vertex 163.812 39.9489 4.02
    endloop
  endfacet
  facet normal 0 0 -1
    outer loop
      vertex 152.588 39.9489 4.02
      vertex 163.812 39.9489 4.02
      vertex 152.774 39.8858 4.02
    endloop
  endfacet
  facet normal 0 0 -1
    outer loop
      vertex 163.812 39.9489 4.02
      vertex 152.588 39.9489 4.02
      vertex 164.004 39.9872 4.02
    endloop
  endfacet
  facet normal 0 0 -1
    outer loop
      vertex 152.396 39.9872 4.02
      vertex 164.004 39.9872 4.02
      vertex 152.588 39.9489 4.02
    endloop
  endfacet
  facet normal 0 0 -1
    outer loop
      vertex 164.004 39.9872 4.02
      vertex 152.396 39.9872 4.02
      vertex 164.2 40 4.02
    endloop
  endfacet
  facet normal -0 0 -1
    outer loop
      vertex 164.2 40 4.02
      vertex 152.396 39.9872 4.02
      vertex 152.2 40 4.02
    endloop
  endfacet
  facet normal -0.997803 -0.0662484 0
    outer loop
      vertex 123.713 43.5042 3.51
      vertex 123.7 43.7 14.61
      vertex 123.7 43.7 3.51
    endloop
  endfacet
  facet normal -0.997803 -0.0662484 0
    outer loop
      vertex 123.7 43.7 14.61
      vertex 123.713 43.5042 3.51
      vertex 123.713 43.5042 14.61
    endloop
  endfacet
  facet normal -0.752956 0.658071 0
    outer loop
      vertex 124.01 46.0131 3.51
      vertex 124.139 46.1607 14.61
      vertex 124.139 46.1607 3.51
    endloop
  endfacet
  facet normal -0.752956 0.658071 0
    outer loop
      vertex 124.139 46.1607 14.61
      vertex 124.01 46.0131 3.51
      vertex 124.01 46.0131 14.61
    endloop
  endfacet
  facet normal -0.321264 -0.94699 0
    outer loop
      vertex 124.626 42.3142 3.51
      vertex 124.812 42.2511 14.61
      vertex 124.626 42.3142 14.61
    endloop
  endfacet
  facet normal -0.321264 -0.94699 -0
    outer loop
      vertex 124.812 42.2511 14.61
      vertex 124.626 42.3142 3.51
      vertex 124.812 42.2511 3.51
    endloop
  endfacet
  facet normal -0.896455 0.443134 0
    outer loop
      vertex 123.814 45.674 3.51
      vertex 123.901 45.85 14.61
      vertex 123.901 45.85 3.51
    endloop
  endfacet
  facet normal -0.896455 0.443134 0
    outer loop
      vertex 123.901 45.85 14.61
      vertex 123.814 45.674 3.51
      vertex 123.814 45.674 14.61
    endloop
  endfacet
  facet normal -0.831422 0.555641 0
    outer loop
      vertex 123.901 45.85 3.51
      vertex 124.01 46.0131 14.61
      vertex 124.01 46.0131 3.51
    endloop
  endfacet
  facet normal -0.831422 0.555641 0
    outer loop
      vertex 124.01 46.0131 14.61
      vertex 123.901 45.85 3.51
      vertex 123.901 45.85 14.61
    endloop
  endfacet
  facet normal -0.94704 0.321117 0
    outer loop
      vertex 123.751 45.4882 3.51
      vertex 123.814 45.674 14.61
      vertex 123.814 45.674 3.51
    endloop
  endfacet
  facet normal -0.94704 0.321117 0
    outer loop
      vertex 123.814 45.674 14.61
      vertex 123.751 45.4882 3.51
      vertex 123.751 45.4882 14.61
    endloop
  endfacet
  facet normal -1 0 0
    outer loop
      vertex 123.7 43.7 3.51
      vertex 123.7 45.1 14.61
      vertex 123.7 45.1 3.51
    endloop
  endfacet
  facet normal -1 -0 0
    outer loop
      vertex 123.7 45.1 14.61
      vertex 123.7 43.7 3.51
      vertex 123.7 43.7 14.61
    endloop
  endfacet
  facet normal -0.442315 0.89686 0
    outer loop
      vertex 124.626 46.4858 3.51
      vertex 124.45 46.399 14.61
      vertex 124.626 46.4858 14.61
    endloop
  endfacet
  facet normal -0.442315 0.89686 0
    outer loop
      vertex 124.45 46.399 14.61
      vertex 124.626 46.4858 3.51
      vertex 124.45 46.399 3.51
    endloop
  endfacet
  facet normal -0.195625 0.980679 0
    outer loop
      vertex 125.004 46.5872 3.51
      vertex 124.812 46.5489 14.61
      vertex 125.004 46.5872 14.61
    endloop
  endfacet
  facet normal -0.195625 0.980679 0
    outer loop
      vertex 124.812 46.5489 14.61
      vertex 125.004 46.5872 3.51
      vertex 124.812 46.5489 3.51
    endloop
  endfacet
  facet normal -0.0651673 0.997874 0
    outer loop
      vertex 125.2 46.6 3.51
      vertex 125.004 46.5872 14.61
      vertex 125.2 46.6 14.61
    endloop
  endfacet
  facet normal -0.0651673 0.997874 0
    outer loop
      vertex 125.004 46.5872 14.61
      vertex 125.2 46.6 3.51
      vertex 125.004 46.5872 3.51
    endloop
  endfacet
  facet normal -0.657928 -0.753081 0
    outer loop
      vertex 124.139 42.6393 3.51
      vertex 124.287 42.51 14.61
      vertex 124.139 42.6393 14.61
    endloop
  endfacet
  facet normal -0.657928 -0.753081 -0
    outer loop
      vertex 124.287 42.51 14.61
      vertex 124.139 42.6393 3.51
      vertex 124.287 42.51 3.51
    endloop
  endfacet
  facet normal -0.94704 -0.321117 0
    outer loop
      vertex 123.814 43.126 3.51
      vertex 123.751 43.3118 14.61
      vertex 123.751 43.3118 3.51
    endloop
  endfacet
  facet normal -0.94704 -0.321117 0
    outer loop
      vertex 123.751 43.3118 14.61
      vertex 123.814 43.126 3.51
      vertex 123.814 43.126 14.61
    endloop
  endfacet
  facet normal -0.555877 0.831265 0
    outer loop
      vertex 124.45 46.399 3.51
      vertex 124.287 46.29 14.61
      vertex 124.45 46.399 14.61
    endloop
  endfacet
  facet normal -0.555877 0.831265 0
    outer loop
      vertex 124.287 46.29 14.61
      vertex 124.45 46.399 3.51
      vertex 124.287 46.29 3.51
    endloop
  endfacet
  facet normal -0.981049 -0.193762 0
    outer loop
      vertex 123.751 43.3118 3.51
      vertex 123.713 43.5042 14.61
      vertex 123.713 43.5042 3.51
    endloop
  endfacet
  facet normal -0.981049 -0.193762 0
    outer loop
      vertex 123.713 43.5042 14.61
      vertex 123.751 43.3118 3.51
      vertex 123.751 43.3118 14.61
    endloop
  endfacet
  facet normal -0.896455 -0.443134 0
    outer loop
      vertex 123.901 42.95 3.51
      vertex 123.814 43.126 14.61
      vertex 123.814 43.126 3.51
    endloop
  endfacet
  facet normal -0.896455 -0.443134 0
    outer loop
      vertex 123.814 43.126 14.61
      vertex 123.901 42.95 3.51
      vertex 123.901 42.95 14.61
    endloop
  endfacet
  facet normal -0.321264 0.94699 0
    outer loop
      vertex 124.812 46.5489 3.51
      vertex 124.626 46.4858 14.61
      vertex 124.812 46.5489 14.61
    endloop
  endfacet
  facet normal -0.321264 0.94699 0
    outer loop
      vertex 124.626 46.4858 14.61
      vertex 124.812 46.5489 3.51
      vertex 124.626 46.4858 3.51
    endloop
  endfacet
  facet normal -0.831422 -0.555641 0
    outer loop
      vertex 124.01 42.7869 3.51
      vertex 123.901 42.95 14.61
      vertex 123.901 42.95 3.51
    endloop
  endfacet
  facet normal -0.831422 -0.555641 0
    outer loop
      vertex 123.901 42.95 14.61
      vertex 124.01 42.7869 3.51
      vertex 124.01 42.7869 14.61
    endloop
  endfacet
  facet normal -0.981049 0.193762 0
    outer loop
      vertex 123.713 45.2958 3.51
      vertex 123.751 45.4882 14.61
      vertex 123.751 45.4882 3.51
    endloop
  endfacet
  facet normal -0.981049 0.193762 0
    outer loop
      vertex 123.751 45.4882 14.61
      vertex 123.713 45.2958 3.51
      vertex 123.713 45.2958 14.61
    endloop
  endfacet
  facet normal -0.997803 0.0662484 0
    outer loop
      vertex 123.7 45.1 3.51
      vertex 123.713 45.2958 14.61
      vertex 123.713 45.2958 3.51
    endloop
  endfacet
  facet normal -0.997803 0.0662484 0
    outer loop
      vertex 123.713 45.2958 14.61
      vertex 123.7 45.1 3.51
      vertex 123.7 45.1 14.61
    endloop
  endfacet
  facet normal -0.442315 -0.89686 0
    outer loop
      vertex 124.45 42.401 3.51
      vertex 124.626 42.3142 14.61
      vertex 124.45 42.401 14.61
    endloop
  endfacet
  facet normal -0.442315 -0.89686 -0
    outer loop
      vertex 124.626 42.3142 14.61
      vertex 124.45 42.401 3.51
      vertex 124.626 42.3142 3.51
    endloop
  endfacet
  facet normal -0.195625 -0.980679 0
    outer loop
      vertex 124.812 42.2511 3.51
      vertex 125.004 42.2128 14.61
      vertex 124.812 42.2511 14.61
    endloop
  endfacet
  facet normal -0.195625 -0.980679 -0
    outer loop
      vertex 125.004 42.2128 14.61
      vertex 124.812 42.2511 3.51
      vertex 125.004 42.2128 3.51
    endloop
  endfacet
  facet normal -0.0651673 -0.997874 0
    outer loop
      vertex 125.004 42.2128 3.51
      vertex 125.2 42.2 14.61
      vertex 125.004 42.2128 14.61
    endloop
  endfacet
  facet normal -0.0651673 -0.997874 -0
    outer loop
      vertex 125.2 42.2 14.61
      vertex 125.004 42.2128 3.51
      vertex 125.2 42.2 3.51
    endloop
  endfacet
  facet normal -0.555877 -0.831265 0
    outer loop
      vertex 124.287 42.51 3.51
      vertex 124.45 42.401 14.61
      vertex 124.287 42.51 14.61
    endloop
  endfacet
  facet normal -0.555877 -0.831265 -0
    outer loop
      vertex 124.45 42.401 14.61
      vertex 124.287 42.51 3.51
      vertex 124.45 42.401 3.51
    endloop
  endfacet
  facet normal 0 0 1
    outer loop
      vertex 162.7 45.1 3.52
      vertex 153.7 45.1 3.52
      vertex 162.7 43.7 3.52
    endloop
  endfacet
  facet normal 0 0 1
    outer loop
      vertex 162.713 45.2958 3.52
      vertex 153.7 45.1 3.52
      vertex 162.7 45.1 3.52
    endloop
  endfacet
  facet normal 0 0 1
    outer loop
      vertex 153.687 45.2958 3.52
      vertex 162.713 45.2958 3.52
      vertex 162.751 45.4882 3.52
    endloop
  endfacet
  facet normal 0 0 1
    outer loop
      vertex 153.649 45.4882 3.52
      vertex 162.751 45.4882 3.52
      vertex 162.814 45.674 3.52
    endloop
  endfacet
  facet normal 0 0 1
    outer loop
      vertex 153.586 45.674 3.52
      vertex 162.814 45.674 3.52
      vertex 162.901 45.85 3.52
    endloop
  endfacet
  facet normal 0 0 1
    outer loop
      vertex 153.499 45.85 3.52
      vertex 162.901 45.85 3.52
      vertex 163.01 46.0131 3.52
    endloop
  endfacet
  facet normal 0 0 1
    outer loop
      vertex 153.39 46.0131 3.52
      vertex 163.01 46.0131 3.52
      vertex 163.139 46.1607 3.52
    endloop
  endfacet
  facet normal 0 0 1
    outer loop
      vertex 153.261 46.1607 3.52
      vertex 163.139 46.1607 3.52
      vertex 163.287 46.29 3.52
    endloop
  endfacet
  facet normal 0 0 1
    outer loop
      vertex 153.113 46.29 3.52
      vertex 163.287 46.29 3.52
      vertex 163.45 46.399 3.52
    endloop
  endfacet
  facet normal 0 0 1
    outer loop
      vertex 152.95 46.399 3.52
      vertex 163.45 46.399 3.52
      vertex 163.626 46.4858 3.52
    endloop
  endfacet
  facet normal 0 0 1
    outer loop
      vertex 152.774 46.4858 3.52
      vertex 163.626 46.4858 3.52
      vertex 163.812 46.5489 3.52
    endloop
  endfacet
  facet normal 0 0 1
    outer loop
      vertex 152.588 46.5489 3.52
      vertex 163.812 46.5489 3.52
      vertex 164.004 46.5872 3.52
    endloop
  endfacet
  facet normal 0 0 1
    outer loop
      vertex 162.713 45.2958 3.52
      vertex 153.687 45.2958 3.52
      vertex 153.7 45.1 3.52
    endloop
  endfacet
  facet normal 0 0 1
    outer loop
      vertex 162.751 45.4882 3.52
      vertex 153.649 45.4882 3.52
      vertex 153.687 45.2958 3.52
    endloop
  endfacet
  facet normal 0 0 1
    outer loop
      vertex 162.814 45.674 3.52
      vertex 153.586 45.674 3.52
      vertex 153.649 45.4882 3.52
    endloop
  endfacet
  facet normal 0 0 1
    outer loop
      vertex 162.901 45.85 3.52
      vertex 153.499 45.85 3.52
      vertex 153.586 45.674 3.52
    endloop
  endfacet
  facet normal 0 0 1
    outer loop
      vertex 163.01 46.0131 3.52
      vertex 153.39 46.0131 3.52
      vertex 153.499 45.85 3.52
    endloop
  endfacet
  facet normal 0 0 1
    outer loop
      vertex 152.396 46.5872 3.52
      vertex 164.004 46.5872 3.52
      vertex 164.2 46.6 3.52
    endloop
  endfacet
  facet normal 0 0 1
    outer loop
      vertex 163.139 46.1607 3.52
      vertex 153.261 46.1607 3.52
      vertex 153.39 46.0131 3.52
    endloop
  endfacet
  facet normal 0 0 1
    outer loop
      vertex 163.287 46.29 3.52
      vertex 153.113 46.29 3.52
      vertex 153.261 46.1607 3.52
    endloop
  endfacet
  facet normal 0 0 1
    outer loop
      vertex 163.45 46.399 3.52
      vertex 152.95 46.399 3.52
      vertex 153.113 46.29 3.52
    endloop
  endfacet
  facet normal 0 0 1
    outer loop
      vertex 163.626 46.4858 3.52
      vertex 152.774 46.4858 3.52
      vertex 152.95 46.399 3.52
    endloop
  endfacet
  facet normal 0 0 1
    outer loop
      vertex 163.812 46.5489 3.52
      vertex 152.588 46.5489 3.52
      vertex 152.774 46.4858 3.52
    endloop
  endfacet
  facet normal 0 0 1
    outer loop
      vertex 164.004 46.5872 3.52
      vertex 152.396 46.5872 3.52
      vertex 152.588 46.5489 3.52
    endloop
  endfacet
  facet normal 0 -0 1
    outer loop
      vertex 152.396 46.5872 3.52
      vertex 164.2 46.6 3.52
      vertex 152.2 46.6 3.52
    endloop
  endfacet
  facet normal 0 0 1
    outer loop
      vertex 153.7 43.7 3.52
      vertex 162.7 43.7 3.52
      vertex 153.7 45.1 3.52
    endloop
  endfacet
  facet normal 0 0 1
    outer loop
      vertex 162.7 43.7 3.52
      vertex 153.7 43.7 3.52
      vertex 162.713 43.5042 3.52
    endloop
  endfacet
  facet normal 0 0 1
    outer loop
      vertex 153.687 43.5042 3.52
      vertex 162.713 43.5042 3.52
      vertex 153.7 43.7 3.52
    endloop
  endfacet
  facet normal 0 0 1
    outer loop
      vertex 162.713 43.5042 3.52
      vertex 153.687 43.5042 3.52
      vertex 162.751 43.3118 3.52
    endloop
  endfacet
  facet normal 0 0 1
    outer loop
      vertex 153.649 43.3118 3.52
      vertex 162.751 43.3118 3.52
      vertex 153.687 43.5042 3.52
    endloop
  endfacet
  facet normal 0 0 1
    outer loop
      vertex 162.751 43.3118 3.52
      vertex 153.649 43.3118 3.52
      vertex 162.814 43.126 3.52
    endloop
  endfacet
  facet normal 0 0 1
    outer loop
      vertex 153.586 43.126 3.52
      vertex 162.814 43.126 3.52
      vertex 153.649 43.3118 3.52
    endloop
  endfacet
  facet normal 0 0 1
    outer loop
      vertex 162.814 43.126 3.52
      vertex 153.586 43.126 3.52
      vertex 162.901 42.95 3.52
    endloop
  endfacet
  facet normal 0 0 1
    outer loop
      vertex 153.499 42.95 3.52
      vertex 162.901 42.95 3.52
      vertex 153.586 43.126 3.52
    endloop
  endfacet
  facet normal 0 0 1
    outer loop
      vertex 162.901 42.95 3.52
      vertex 153.499 42.95 3.52
      vertex 163.01 42.7869 3.52
    endloop
  endfacet
  facet normal 0 0 1
    outer loop
      vertex 153.39 42.7869 3.52
      vertex 163.01 42.7869 3.52
      vertex 153.499 42.95 3.52
    endloop
  endfacet
  facet normal 0 0 1
    outer loop
      vertex 163.01 42.7869 3.52
      vertex 153.39 42.7869 3.52
      vertex 163.139 42.6393 3.52
    endloop
  endfacet
  facet normal 0 0 1
    outer loop
      vertex 153.261 42.6393 3.52
      vertex 163.139 42.6393 3.52
      vertex 153.39 42.7869 3.52
    endloop
  endfacet
  facet normal 0 0 1
    outer loop
      vertex 163.139 42.6393 3.52
      vertex 153.261 42.6393 3.52
      vertex 163.287 42.51 3.52
    endloop
  endfacet
  facet normal 0 0 1
    outer loop
      vertex 153.113 42.51 3.52
      vertex 163.287 42.51 3.52
      vertex 153.261 42.6393 3.52
    endloop
  endfacet
  facet normal 0 0 1
    outer loop
      vertex 163.287 42.51 3.52
      vertex 153.113 42.51 3.52
      vertex 163.45 42.401 3.52
    endloop
  endfacet
  facet normal 0 0 1
    outer loop
      vertex 152.95 42.401 3.52
      vertex 163.45 42.401 3.52
      vertex 153.113 42.51 3.52
    endloop
  endfacet
  facet normal 0 0 1
    outer loop
      vertex 163.45 42.401 3.52
      vertex 152.95 42.401 3.52
      vertex 163.626 42.3142 3.52
    endloop
  endfacet
  facet normal 0 0 1
    outer loop
      vertex 152.774 42.3142 3.52
      vertex 163.626 42.3142 3.52
      vertex 152.95 42.401 3.52
    endloop
  endfacet
  facet normal 0 0 1
    outer loop
      vertex 163.626 42.3142 3.52
      vertex 152.774 42.3142 3.52
      vertex 163.812 42.2511 3.52
    endloop
  endfacet
  facet normal 0 0 1
    outer loop
      vertex 152.588 42.2511 3.52
      vertex 163.812 42.2511 3.52
      vertex 152.774 42.3142 3.52
    endloop
  endfacet
  facet normal 0 0 1
    outer loop
      vertex 163.812 42.2511 3.52
      vertex 152.588 42.2511 3.52
      vertex 164.004 42.2128 3.52
    endloop
  endfacet
  facet normal 0 0 1
    outer loop
      vertex 152.396 42.2128 3.52
      vertex 164.004 42.2128 3.52
      vertex 152.588 42.2511 3.52
    endloop
  endfacet
  facet normal 0 0 1
    outer loop
      vertex 164.004 42.2128 3.52
      vertex 152.396 42.2128 3.52
      vertex 164.2 42.2 3.52
    endloop
  endfacet
  facet normal 0 0 1
    outer loop
      vertex 164.2 42.2 3.52
      vertex 152.396 42.2128 3.52
      vertex 152.2 42.2 3.52
    endloop
  endfacet
  facet normal -0.657928 0.753081 0
    outer loop
      vertex 124.287 46.29 3.51
      vertex 124.139 46.1607 14.61
      vertex 124.287 46.29 14.61
    endloop
  endfacet
  facet normal -0.657928 0.753081 0
    outer loop
      vertex 124.139 46.1607 14.61
      vertex 124.287 46.29 3.51
      vertex 124.139 46.1607 3.51
    endloop
  endfacet
  facet normal -0.752956 -0.658071 0
    outer loop
      vertex 124.139 42.6393 3.51
      vertex 124.01 42.7869 14.61
      vertex 124.01 42.7869 3.51
    endloop
  endfacet
  facet normal -0.752956 -0.658071 0
    outer loop
      vertex 124.01 42.7869 14.61
      vertex 124.139 42.6393 3.51
      vertex 124.139 42.6393 14.61
    endloop
  endfacet
  facet normal -0 0 1
    outer loop
      vertex 125.2 46.6 14.61
      vertex 126.004 46.5872 14.61
      vertex 126.2 46.6 14.61
    endloop
  endfacet
  facet normal 0 0 1
    outer loop
      vertex 125.2 46.6 14.61
      vertex 125.812 46.5489 14.61
      vertex 126.004 46.5872 14.61
    endloop
  endfacet
  facet normal 0 0 1
    outer loop
      vertex 125.2 46.6 14.61
      vertex 125.626 46.4858 14.61
      vertex 125.812 46.5489 14.61
    endloop
  endfacet
  facet normal 0 0 1
    outer loop
      vertex 125.2 46.6 14.61
      vertex 125.45 46.399 14.61
      vertex 125.626 46.4858 14.61
    endloop
  endfacet
  facet normal 0 0 1
    outer loop
      vertex 125.2 46.6 14.61
      vertex 125.287 46.29 14.61
      vertex 125.45 46.399 14.61
    endloop
  endfacet
  facet normal -0 0 1
    outer loop
      vertex 125.004 46.5872 14.61
      vertex 125.287 46.29 14.61
      vertex 125.2 46.6 14.61
    endloop
  endfacet
  facet normal 0 0 1
    outer loop
      vertex 125.287 46.29 14.61
      vertex 125.004 46.5872 14.61
      vertex 125.139 46.1607 14.61
    endloop
  endfacet
  facet normal -0 0 1
    outer loop
      vertex 124.812 46.5489 14.61
      vertex 125.139 46.1607 14.61
      vertex 125.004 46.5872 14.61
    endloop
  endfacet
  facet normal 0 0 1
    outer loop
      vertex 125.139 46.1607 14.61
      vertex 124.812 46.5489 14.61
      vertex 125.01 46.0131 14.61
    endloop
  endfacet
  facet normal -0 0 1
    outer loop
      vertex 124.626 46.4858 14.61
      vertex 125.01 46.0131 14.61
      vertex 124.812 46.5489 14.61
    endloop
  endfacet
  facet normal -0 0 1
    outer loop
      vertex 124.45 46.399 14.61
      vertex 125.01 46.0131 14.61
      vertex 124.626 46.4858 14.61
    endloop
  endfacet
  facet normal 0 0 1
    outer loop
      vertex 125.01 46.0131 14.61
      vertex 124.45 46.399 14.61
      vertex 124.901 45.85 14.61
    endloop
  endfacet
  facet normal -0 0 1
    outer loop
      vertex 124.287 46.29 14.61
      vertex 124.901 45.85 14.61
      vertex 124.45 46.399 14.61
    endloop
  endfacet
  facet normal -0 0 1
    outer loop
      vertex 124.01 46.0131 14.61
      vertex 124.814 45.674 14.61
      vertex 124.139 46.1607 14.61
    endloop
  endfacet
  facet normal -0 0 1
    outer loop
      vertex 124.139 46.1607 14.61
      vertex 124.814 45.674 14.61
      vertex 124.287 46.29 14.61
    endloop
  endfacet
  facet normal 0 0 1
    outer loop
      vertex 124.901 45.85 14.61
      vertex 124.287 46.29 14.61
      vertex 124.814 45.674 14.61
    endloop
  endfacet
  facet normal 0 0 1
    outer loop
      vertex 126.004 42.2128 14.61
      vertex 125.2 42.2 14.61
      vertex 126.2 42.2 14.61
    endloop
  endfacet
  facet normal 0 0 1
    outer loop
      vertex 125.812 42.2511 14.61
      vertex 125.2 42.2 14.61
      vertex 126.004 42.2128 14.61
    endloop
  endfacet
  facet normal 0 0 1
    outer loop
      vertex 125.626 42.3142 14.61
      vertex 125.2 42.2 14.61
      vertex 125.812 42.2511 14.61
    endloop
  endfacet
  facet normal 0 0 1
    outer loop
      vertex 125.45 42.401 14.61
      vertex 125.2 42.2 14.61
      vertex 125.626 42.3142 14.61
    endloop
  endfacet
  facet normal 0 0 1
    outer loop
      vertex 125.287 42.51 14.61
      vertex 125.2 42.2 14.61
      vertex 125.45 42.401 14.61
    endloop
  endfacet
  facet normal 0 0 1
    outer loop
      vertex 125.004 42.2128 14.61
      vertex 125.287 42.51 14.61
      vertex 125.139 42.6393 14.61
    endloop
  endfacet
  facet normal 0 0 1
    outer loop
      vertex 124.812 42.2511 14.61
      vertex 125.139 42.6393 14.61
      vertex 125.01 42.7869 14.61
    endloop
  endfacet
  facet normal 0 0 1
    outer loop
      vertex 125.287 42.51 14.61
      vertex 125.004 42.2128 14.61
      vertex 125.2 42.2 14.61
    endloop
  endfacet
  facet normal 0 0 1
    outer loop
      vertex 124.45 42.401 14.61
      vertex 125.01 42.7869 14.61
      vertex 124.901 42.95 14.61
    endloop
  endfacet
  facet normal 0 0 1
    outer loop
      vertex 124.287 42.51 14.61
      vertex 124.901 42.95 14.61
      vertex 124.814 43.126 14.61
    endloop
  endfacet
  facet normal 0 0 1
    outer loop
      vertex 125.139 42.6393 14.61
      vertex 124.812 42.2511 14.61
      vertex 125.004 42.2128 14.61
    endloop
  endfacet
  facet normal 0 0 1
    outer loop
      vertex 124.01 42.7869 14.61
      vertex 124.814 43.126 14.61
      vertex 124.751 43.3118 14.61
    endloop
  endfacet
  facet normal 0 0 1
    outer loop
      vertex 123.814 43.126 14.61
      vertex 124.751 43.3118 14.61
      vertex 124.713 43.5042 14.61
    endloop
  endfacet
  facet normal 0 0 1
    outer loop
      vertex 125.01 42.7869 14.61
      vertex 124.626 42.3142 14.61
      vertex 124.812 42.2511 14.61
    endloop
  endfacet
  facet normal 0 0 1
    outer loop
      vertex 123.713 43.5042 14.61
      vertex 124.713 43.5042 14.61
      vertex 124.7 43.7 14.61
    endloop
  endfacet
  facet normal 0 0 1
    outer loop
      vertex 124.7 45.1 14.61
      vertex 123.7 45.1 14.61
      vertex 124.7 43.7 14.61
    endloop
  endfacet
  facet normal 0 0 1
    outer loop
      vertex 124.814 45.674 14.61
      vertex 124.01 46.0131 14.61
      vertex 124.751 45.4882 14.61
    endloop
  endfacet
  facet normal 0 0 1
    outer loop
      vertex 123.7 43.7 14.61
      vertex 124.7 43.7 14.61
      vertex 123.7 45.1 14.61
    endloop
  endfacet
  facet normal -0 0 1
    outer loop
      vertex 123.901 45.85 14.61
      vertex 124.751 45.4882 14.61
      vertex 124.01 46.0131 14.61
    endloop
  endfacet
  facet normal 0 -0 1
    outer loop
      vertex 123.713 43.5042 14.61
      vertex 124.7 43.7 14.61
      vertex 123.7 43.7 14.61
    endloop
  endfacet
  facet normal -0 0 1
    outer loop
      vertex 123.814 45.674 14.61
      vertex 124.751 45.4882 14.61
      vertex 123.901 45.85 14.61
    endloop
  endfacet
  facet normal 0 0 1
    outer loop
      vertex 125.01 42.7869 14.61
      vertex 124.45 42.401 14.61
      vertex 124.626 42.3142 14.61
    endloop
  endfacet
  facet normal 0 0 1
    outer loop
      vertex 124.751 45.4882 14.61
      vertex 123.814 45.674 14.61
      vertex 124.713 45.2958 14.61
    endloop
  endfacet
  facet normal 0 0 1
    outer loop
      vertex 124.901 42.95 14.61
      vertex 124.287 42.51 14.61
      vertex 124.45 42.401 14.61
    endloop
  endfacet
  facet normal -0 0 1
    outer loop
      vertex 123.751 45.4882 14.61
      vertex 124.713 45.2958 14.61
      vertex 123.814 45.674 14.61
    endloop
  endfacet
  facet normal 0 0 1
    outer loop
      vertex 124.814 43.126 14.61
      vertex 124.139 42.6393 14.61
      vertex 124.287 42.51 14.61
    endloop
  endfacet
  facet normal 0 0 1
    outer loop
      vertex 123.713 45.2958 14.61
      vertex 124.713 45.2958 14.61
      vertex 123.751 45.4882 14.61
    endloop
  endfacet
  facet normal 0 0 1
    outer loop
      vertex 124.814 43.126 14.61
      vertex 124.01 42.7869 14.61
      vertex 124.139 42.6393 14.61
    endloop
  endfacet
  facet normal 0 0 1
    outer loop
      vertex 124.713 45.2958 14.61
      vertex 123.713 45.2958 14.61
      vertex 124.7 45.1 14.61
    endloop
  endfacet
  facet normal 0 0 1
    outer loop
      vertex 124.751 43.3118 14.61
      vertex 123.901 42.95 14.61
      vertex 124.01 42.7869 14.61
    endloop
  endfacet
  facet normal 0 0 1
    outer loop
      vertex 124.7 45.1 14.61
      vertex 123.713 45.2958 14.61
      vertex 123.7 45.1 14.61
    endloop
  endfacet
  facet normal 0 0 1
    outer loop
      vertex 124.751 43.3118 14.61
      vertex 123.814 43.126 14.61
      vertex 123.901 42.95 14.61
    endloop
  endfacet
  facet normal 0 0 1
    outer loop
      vertex 124.713 43.5042 14.61
      vertex 123.751 43.3118 14.61
      vertex 123.814 43.126 14.61
    endloop
  endfacet
  facet normal 0 0 1
    outer loop
      vertex 124.713 43.5042 14.61
      vertex 123.713 43.5042 14.61
      vertex 123.751 43.3118 14.61
    endloop
  endfacet
  facet normal 0 0 -1
    outer loop
      vertex 162.7 43.7 4.02
      vertex 153.7 43.7 4.02
      vertex 162.7 45.1 4.02
    endloop
  endfacet
  facet normal 0 0 -1
    outer loop
      vertex 162.713 43.5042 4.02
      vertex 153.7 43.7 4.02
      vertex 162.7 43.7 4.02
    endloop
  endfacet
  facet normal 0 0 -1
    outer loop
      vertex 153.687 43.5042 4.02
      vertex 162.713 43.5042 4.02
      vertex 162.751 43.3118 4.02
    endloop
  endfacet
  facet normal 0 0 -1
    outer loop
      vertex 153.649 43.3118 4.02
      vertex 162.751 43.3118 4.02
      vertex 162.814 43.126 4.02
    endloop
  endfacet
  facet normal 0 0 -1
    outer loop
      vertex 153.586 43.126 4.02
      vertex 162.814 43.126 4.02
      vertex 162.901 42.95 4.02
    endloop
  endfacet
  facet normal 0 0 -1
    outer loop
      vertex 153.499 42.95 4.02
      vertex 162.901 42.95 4.02
      vertex 163.01 42.7869 4.02
    endloop
  endfacet
  facet normal 0 0 -1
    outer loop
      vertex 153.39 42.7869 4.02
      vertex 163.01 42.7869 4.02
      vertex 163.139 42.6393 4.02
    endloop
  endfacet
  facet normal 0 0 -1
    outer loop
      vertex 153.261 42.6393 4.02
      vertex 163.139 42.6393 4.02
      vertex 163.287 42.51 4.02
    endloop
  endfacet
  facet normal 0 0 -1
    outer loop
      vertex 153.113 42.51 4.02
      vertex 163.287 42.51 4.02
      vertex 163.45 42.401 4.02
    endloop
  endfacet
  facet normal 0 0 -1
    outer loop
      vertex 152.95 42.401 4.02
      vertex 163.45 42.401 4.02
      vertex 163.626 42.3142 4.02
    endloop
  endfacet
  facet normal 0 0 -1
    outer loop
      vertex 152.774 42.3142 4.02
      vertex 163.626 42.3142 4.02
      vertex 163.812 42.2511 4.02
    endloop
  endfacet
  facet normal 0 0 -1
    outer loop
      vertex 152.588 42.2511 4.02
      vertex 163.812 42.2511 4.02
      vertex 164.004 42.2128 4.02
    endloop
  endfacet
  facet normal 0 0 -1
    outer loop
      vertex 162.713 43.5042 4.02
      vertex 153.687 43.5042 4.02
      vertex 153.7 43.7 4.02
    endloop
  endfacet
  facet normal 0 0 -1
    outer loop
      vertex 162.751 43.3118 4.02
      vertex 153.649 43.3118 4.02
      vertex 153.687 43.5042 4.02
    endloop
  endfacet
  facet normal 0 0 -1
    outer loop
      vertex 162.814 43.126 4.02
      vertex 153.586 43.126 4.02
      vertex 153.649 43.3118 4.02
    endloop
  endfacet
  facet normal 0 0 -1
    outer loop
      vertex 162.901 42.95 4.02
      vertex 153.499 42.95 4.02
      vertex 153.586 43.126 4.02
    endloop
  endfacet
  facet normal 0 0 -1
    outer loop
      vertex 163.01 42.7869 4.02
      vertex 153.39 42.7869 4.02
      vertex 153.499 42.95 4.02
    endloop
  endfacet
  facet normal 0 0 -1
    outer loop
      vertex 152.396 42.2128 4.02
      vertex 164.004 42.2128 4.02
      vertex 164.2 42.2 4.02
    endloop
  endfacet
  facet normal 0 0 -1
    outer loop
      vertex 163.139 42.6393 4.02
      vertex 153.261 42.6393 4.02
      vertex 153.39 42.7869 4.02
    endloop
  endfacet
  facet normal 0 0 -1
    outer loop
      vertex 163.287 42.51 4.02
      vertex 153.113 42.51 4.02
      vertex 153.261 42.6393 4.02
    endloop
  endfacet
  facet normal 0 0 -1
    outer loop
      vertex 163.45 42.401 4.02
      vertex 152.95 42.401 4.02
      vertex 153.113 42.51 4.02
    endloop
  endfacet
  facet normal 0 0 -1
    outer loop
      vertex 163.626 42.3142 4.02
      vertex 152.774 42.3142 4.02
      vertex 152.95 42.401 4.02
    endloop
  endfacet
  facet normal 0 0 -1
    outer loop
      vertex 163.812 42.2511 4.02
      vertex 152.588 42.2511 4.02
      vertex 152.774 42.3142 4.02
    endloop
  endfacet
  facet normal 0 0 -1
    outer loop
      vertex 164.004 42.2128 4.02
      vertex 152.396 42.2128 4.02
      vertex 152.588 42.2511 4.02
    endloop
  endfacet
  facet normal 0 -0 -1
    outer loop
      vertex 152.396 42.2128 4.02
      vertex 164.2 42.2 4.02
      vertex 152.2 42.2 4.02
    endloop
  endfacet
  facet normal 0 0 -1
    outer loop
      vertex 153.7 45.1 4.02
      vertex 162.7 45.1 4.02
      vertex 153.7 43.7 4.02
    endloop
  endfacet
  facet normal 0 0 -1
    outer loop
      vertex 162.7 45.1 4.02
      vertex 153.7 45.1 4.02
      vertex 162.713 45.2958 4.02
    endloop
  endfacet
  facet normal 0 0 -1
    outer loop
      vertex 153.687 45.2958 4.02
      vertex 162.713 45.2958 4.02
      vertex 153.7 45.1 4.02
    endloop
  endfacet
  facet normal 0 0 -1
    outer loop
      vertex 162.713 45.2958 4.02
      vertex 153.687 45.2958 4.02
      vertex 162.751 45.4882 4.02
    endloop
  endfacet
  facet normal 0 0 -1
    outer loop
      vertex 153.649 45.4882 4.02
      vertex 162.751 45.4882 4.02
      vertex 153.687 45.2958 4.02
    endloop
  endfacet
  facet normal 0 0 -1
    outer loop
      vertex 162.751 45.4882 4.02
      vertex 153.649 45.4882 4.02
      vertex 162.814 45.674 4.02
    endloop
  endfacet
  facet normal 0 0 -1
    outer loop
      vertex 153.586 45.674 4.02
      vertex 162.814 45.674 4.02
      vertex 153.649 45.4882 4.02
    endloop
  endfacet
  facet normal 0 0 -1
    outer loop
      vertex 162.814 45.674 4.02
      vertex 153.586 45.674 4.02
      vertex 162.901 45.85 4.02
    endloop
  endfacet
  facet normal 0 0 -1
    outer loop
      vertex 153.499 45.85 4.02
      vertex 162.901 45.85 4.02
      vertex 153.586 45.674 4.02
    endloop
  endfacet
  facet normal 0 0 -1
    outer loop
      vertex 162.901 45.85 4.02
      vertex 153.499 45.85 4.02
      vertex 163.01 46.0131 4.02
    endloop
  endfacet
  facet normal 0 0 -1
    outer loop
      vertex 153.39 46.0131 4.02
      vertex 163.01 46.0131 4.02
      vertex 153.499 45.85 4.02
    endloop
  endfacet
  facet normal 0 0 -1
    outer loop
      vertex 163.01 46.0131 4.02
      vertex 153.39 46.0131 4.02
      vertex 163.139 46.1607 4.02
    endloop
  endfacet
  facet normal 0 0 -1
    outer loop
      vertex 153.261 46.1607 4.02
      vertex 163.139 46.1607 4.02
      vertex 153.39 46.0131 4.02
    endloop
  endfacet
  facet normal 0 0 -1
    outer loop
      vertex 163.139 46.1607 4.02
      vertex 153.261 46.1607 4.02
      vertex 163.287 46.29 4.02
    endloop
  endfacet
  facet normal 0 0 -1
    outer loop
      vertex 153.113 46.29 4.02
      vertex 163.287 46.29 4.02
      vertex 153.261 46.1607 4.02
    endloop
  endfacet
  facet normal 0 0 -1
    outer loop
      vertex 163.287 46.29 4.02
      vertex 153.113 46.29 4.02
      vertex 163.45 46.399 4.02
    endloop
  endfacet
  facet normal 0 0 -1
    outer loop
      vertex 152.95 46.399 4.02
      vertex 163.45 46.399 4.02
      vertex 153.113 46.29 4.02
    endloop
  endfacet
  facet normal 0 0 -1
    outer loop
      vertex 163.45 46.399 4.02
      vertex 152.95 46.399 4.02
      vertex 163.626 46.4858 4.02
    endloop
  endfacet
  facet normal 0 0 -1
    outer loop
      vertex 152.774 46.4858 4.02
      vertex 163.626 46.4858 4.02
      vertex 152.95 46.399 4.02
    endloop
  endfacet
  facet normal 0 0 -1
    outer loop
      vertex 163.626 46.4858 4.02
      vertex 152.774 46.4858 4.02
      vertex 163.812 46.5489 4.02
    endloop
  endfacet
  facet normal 0 0 -1
    outer loop
      vertex 152.588 46.5489 4.02
      vertex 163.812 46.5489 4.02
      vertex 152.774 46.4858 4.02
    endloop
  endfacet
  facet normal 0 0 -1
    outer loop
      vertex 163.812 46.5489 4.02
      vertex 152.588 46.5489 4.02
      vertex 164.004 46.5872 4.02
    endloop
  endfacet
  facet normal 0 0 -1
    outer loop
      vertex 152.396 46.5872 4.02
      vertex 164.004 46.5872 4.02
      vertex 152.588 46.5489 4.02
    endloop
  endfacet
  facet normal 0 0 -1
    outer loop
      vertex 164.004 46.5872 4.02
      vertex 152.396 46.5872 4.02
      vertex 164.2 46.6 4.02
    endloop
  endfacet
  facet normal -0 0 -1
    outer loop
      vertex 164.2 46.6 4.02
      vertex 152.396 46.5872 4.02
      vertex 152.2 46.6 4.02
    endloop
  endfacet
  facet normal -0.997803 -0.0662484 0
    outer loop
      vertex 123.713 50.1042 3.51
      vertex 123.7 50.3 14.61
      vertex 123.7 50.3 3.51
    endloop
  endfacet
  facet normal -0.997803 -0.0662484 0
    outer loop
      vertex 123.7 50.3 14.61
      vertex 123.713 50.1042 3.51
      vertex 123.713 50.1042 14.61
    endloop
  endfacet
  facet normal -0.752956 0.658071 0
    outer loop
      vertex 124.01 52.6131 3.51
      vertex 124.139 52.7607 14.61
      vertex 124.139 52.7607 3.51
    endloop
  endfacet
  facet normal -0.752956 0.658071 0
    outer loop
      vertex 124.139 52.7607 14.61
      vertex 124.01 52.6131 3.51
      vertex 124.01 52.6131 14.61
    endloop
  endfacet
  facet normal -0.321264 -0.94699 0
    outer loop
      vertex 124.626 48.9142 3.51
      vertex 124.812 48.8511 14.61
      vertex 124.626 48.9142 14.61
    endloop
  endfacet
  facet normal -0.321264 -0.94699 -0
    outer loop
      vertex 124.812 48.8511 14.61
      vertex 124.626 48.9142 3.51
      vertex 124.812 48.8511 3.51
    endloop
  endfacet
  facet normal -0.896455 0.443134 0
    outer loop
      vertex 123.814 52.274 3.51
      vertex 123.901 52.45 14.61
      vertex 123.901 52.45 3.51
    endloop
  endfacet
  facet normal -0.896455 0.443134 0
    outer loop
      vertex 123.901 52.45 14.61
      vertex 123.814 52.274 3.51
      vertex 123.814 52.274 14.61
    endloop
  endfacet
  facet normal -0.831422 0.555641 0
    outer loop
      vertex 123.901 52.45 3.51
      vertex 124.01 52.6131 14.61
      vertex 124.01 52.6131 3.51
    endloop
  endfacet
  facet normal -0.831422 0.555641 0
    outer loop
      vertex 124.01 52.6131 14.61
      vertex 123.901 52.45 3.51
      vertex 123.901 52.45 14.61
    endloop
  endfacet
  facet normal -0.94704 0.321117 0
    outer loop
      vertex 123.751 52.0882 3.51
      vertex 123.814 52.274 14.61
      vertex 123.814 52.274 3.51
    endloop
  endfacet
  facet normal -0.94704 0.321117 0
    outer loop
      vertex 123.814 52.274 14.61
      vertex 123.751 52.0882 3.51
      vertex 123.751 52.0882 14.61
    endloop
  endfacet
  facet normal -1 0 0
    outer loop
      vertex 123.7 50.3 3.51
      vertex 123.7 51.7 14.61
      vertex 123.7 51.7 3.51
    endloop
  endfacet
  facet normal -1 -0 0
    outer loop
      vertex 123.7 51.7 14.61
      vertex 123.7 50.3 3.51
      vertex 123.7 50.3 14.61
    endloop
  endfacet
  facet normal -0.442315 0.89686 0
    outer loop
      vertex 124.626 53.0858 3.51
      vertex 124.45 52.999 14.61
      vertex 124.626 53.0858 14.61
    endloop
  endfacet
  facet normal -0.442315 0.89686 0
    outer loop
      vertex 124.45 52.999 14.61
      vertex 124.626 53.0858 3.51
      vertex 124.45 52.999 3.51
    endloop
  endfacet
  facet normal -0.195625 0.980679 0
    outer loop
      vertex 125.004 53.1872 3.51
      vertex 124.812 53.1489 14.61
      vertex 125.004 53.1872 14.61
    endloop
  endfacet
  facet normal -0.195625 0.980679 0
    outer loop
      vertex 124.812 53.1489 14.61
      vertex 125.004 53.1872 3.51
      vertex 124.812 53.1489 3.51
    endloop
  endfacet
  facet normal -0.657928 -0.753081 0
    outer loop
      vertex 124.139 49.2393 3.51
      vertex 124.287 49.11 14.61
      vertex 124.139 49.2393 14.61
    endloop
  endfacet
  facet normal -0.657928 -0.753081 -0
    outer loop
      vertex 124.287 49.11 14.61
      vertex 124.139 49.2393 3.51
      vertex 124.287 49.11 3.51
    endloop
  endfacet
  facet normal -0.94704 -0.321117 0
    outer loop
      vertex 123.814 49.726 3.51
      vertex 123.751 49.9118 14.61
      vertex 123.751 49.9118 3.51
    endloop
  endfacet
  facet normal -0.94704 -0.321117 0
    outer loop
      vertex 123.751 49.9118 14.61
      vertex 123.814 49.726 3.51
      vertex 123.814 49.726 14.61
    endloop
  endfacet
  facet normal -0.555877 0.831265 0
    outer loop
      vertex 124.45 52.999 3.51
      vertex 124.287 52.89 14.61
      vertex 124.45 52.999 14.61
    endloop
  endfacet
  facet normal -0.555877 0.831265 0
    outer loop
      vertex 124.287 52.89 14.61
      vertex 124.45 52.999 3.51
      vertex 124.287 52.89 3.51
    endloop
  endfacet
  facet normal -0.981049 -0.193762 0
    outer loop
      vertex 123.751 49.9118 3.51
      vertex 123.713 50.1042 14.61
      vertex 123.713 50.1042 3.51
    endloop
  endfacet
  facet normal -0.981049 -0.193762 0
    outer loop
      vertex 123.713 50.1042 14.61
      vertex 123.751 49.9118 3.51
      vertex 123.751 49.9118 14.61
    endloop
  endfacet
  facet normal -0.896455 -0.443134 0
    outer loop
      vertex 123.901 49.55 3.51
      vertex 123.814 49.726 14.61
      vertex 123.814 49.726 3.51
    endloop
  endfacet
  facet normal -0.896455 -0.443134 0
    outer loop
      vertex 123.814 49.726 14.61
      vertex 123.901 49.55 3.51
      vertex 123.901 49.55 14.61
    endloop
  endfacet
  facet normal -0.321264 0.94699 0
    outer loop
      vertex 124.812 53.1489 3.51
      vertex 124.626 53.0858 14.61
      vertex 124.812 53.1489 14.61
    endloop
  endfacet
  facet normal -0.321264 0.94699 0
    outer loop
      vertex 124.626 53.0858 14.61
      vertex 124.812 53.1489 3.51
      vertex 124.626 53.0858 3.51
    endloop
  endfacet
  facet normal -0.831422 -0.555641 0
    outer loop
      vertex 124.01 49.3869 3.51
      vertex 123.901 49.55 14.61
      vertex 123.901 49.55 3.51
    endloop
  endfacet
  facet normal -0.831422 -0.555641 0
    outer loop
      vertex 123.901 49.55 14.61
      vertex 124.01 49.3869 3.51
      vertex 124.01 49.3869 14.61
    endloop
  endfacet
  facet normal -0.981049 0.193762 0
    outer loop
      vertex 123.713 51.8958 3.51
      vertex 123.751 52.0882 14.61
      vertex 123.751 52.0882 3.51
    endloop
  endfacet
  facet normal -0.981049 0.193762 0
    outer loop
      vertex 123.751 52.0882 14.61
      vertex 123.713 51.8958 3.51
      vertex 123.713 51.8958 14.61
    endloop
  endfacet
  facet normal -0.997803 0.0662484 0
    outer loop
      vertex 123.7 51.7 3.51
      vertex 123.713 51.8958 14.61
      vertex 123.713 51.8958 3.51
    endloop
  endfacet
  facet normal -0.997803 0.0662484 0
    outer loop
      vertex 123.713 51.8958 14.61
      vertex 123.7 51.7 3.51
      vertex 123.7 51.7 14.61
    endloop
  endfacet
  facet normal -0.442315 -0.89686 0
    outer loop
      vertex 124.45 49.001 3.51
      vertex 124.626 48.9142 14.61
      vertex 124.45 49.001 14.61
    endloop
  endfacet
  facet normal -0.442315 -0.89686 -0
    outer loop
      vertex 124.626 48.9142 14.61
      vertex 124.45 49.001 3.51
      vertex 124.626 48.9142 3.51
    endloop
  endfacet
  facet normal -0.195625 -0.980679 0
    outer loop
      vertex 124.812 48.8511 3.51
      vertex 125.004 48.8128 14.61
      vertex 124.812 48.8511 14.61
    endloop
  endfacet
  facet normal -0.195625 -0.980679 -0
    outer loop
      vertex 125.004 48.8128 14.61
      vertex 124.812 48.8511 3.51
      vertex 125.004 48.8128 3.51
    endloop
  endfacet
  facet normal -0.0651673 -0.997874 0
    outer loop
      vertex 125.004 48.8128 3.51
      vertex 125.2 48.8 14.61
      vertex 125.004 48.8128 14.61
    endloop
  endfacet
  facet normal -0.0651673 -0.997874 -0
    outer loop
      vertex 125.2 48.8 14.61
      vertex 125.004 48.8128 3.51
      vertex 125.2 48.8 3.51
    endloop
  endfacet
  facet normal -0.555877 -0.831265 0
    outer loop
      vertex 124.287 49.11 3.51
      vertex 124.45 49.001 14.61
      vertex 124.287 49.11 14.61
    endloop
  endfacet
  facet normal -0.555877 -0.831265 -0
    outer loop
      vertex 124.45 49.001 14.61
      vertex 124.287 49.11 3.51
      vertex 124.45 49.001 3.51
    endloop
  endfacet
  facet normal 0 0 1
    outer loop
      vertex 162.7 51.7 3.52
      vertex 153.7 51.7 3.52
      vertex 162.7 50.3 3.52
    endloop
  endfacet
  facet normal 0 0 1
    outer loop
      vertex 162.713 51.8958 3.52
      vertex 153.7 51.7 3.52
      vertex 162.7 51.7 3.52
    endloop
  endfacet
  facet normal 0 0 1
    outer loop
      vertex 153.687 51.8958 3.52
      vertex 162.713 51.8958 3.52
      vertex 162.751 52.0882 3.52
    endloop
  endfacet
  facet normal 0 0 1
    outer loop
      vertex 153.649 52.0882 3.52
      vertex 162.751 52.0882 3.52
      vertex 162.814 52.274 3.52
    endloop
  endfacet
  facet normal 0 0 1
    outer loop
      vertex 153.586 52.274 3.52
      vertex 162.814 52.274 3.52
      vertex 162.901 52.45 3.52
    endloop
  endfacet
  facet normal 0 0 1
    outer loop
      vertex 153.499 52.45 3.52
      vertex 162.901 52.45 3.52
      vertex 163.01 52.6131 3.52
    endloop
  endfacet
  facet normal 0 0 1
    outer loop
      vertex 153.39 52.6131 3.52
      vertex 163.01 52.6131 3.52
      vertex 163.139 52.7607 3.52
    endloop
  endfacet
  facet normal 0 0 1
    outer loop
      vertex 153.261 52.7607 3.52
      vertex 163.139 52.7607 3.52
      vertex 163.287 52.89 3.52
    endloop
  endfacet
  facet normal 0 0 1
    outer loop
      vertex 153.113 52.89 3.52
      vertex 163.287 52.89 3.52
      vertex 163.45 52.999 3.52
    endloop
  endfacet
  facet normal 0 0 1
    outer loop
      vertex 152.95 52.999 3.52
      vertex 163.45 52.999 3.52
      vertex 163.626 53.0858 3.52
    endloop
  endfacet
  facet normal 0 0 1
    outer loop
      vertex 152.774 53.0858 3.52
      vertex 163.626 53.0858 3.52
      vertex 163.812 53.1489 3.52
    endloop
  endfacet
  facet normal 0 0 1
    outer loop
      vertex 152.588 53.1489 3.52
      vertex 163.812 53.1489 3.52
      vertex 164.004 53.1872 3.52
    endloop
  endfacet
  facet normal 0 0 1
    outer loop
      vertex 162.713 51.8958 3.52
      vertex 153.687 51.8958 3.52
      vertex 153.7 51.7 3.52
    endloop
  endfacet
  facet normal 0 0 1
    outer loop
      vertex 162.751 52.0882 3.52
      vertex 153.649 52.0882 3.52
      vertex 153.687 51.8958 3.52
    endloop
  endfacet
  facet normal 0 0 1
    outer loop
      vertex 162.814 52.274 3.52
      vertex 153.586 52.274 3.52
      vertex 153.649 52.0882 3.52
    endloop
  endfacet
  facet normal 0 0 1
    outer loop
      vertex 162.901 52.45 3.52
      vertex 153.499 52.45 3.52
      vertex 153.586 52.274 3.52
    endloop
  endfacet
  facet normal 0 0 1
    outer loop
      vertex 163.01 52.6131 3.52
      vertex 153.39 52.6131 3.52
      vertex 153.499 52.45 3.52
    endloop
  endfacet
  facet normal 0 0 1
    outer loop
      vertex 152.396 53.1872 3.52
      vertex 164.004 53.1872 3.52
      vertex 164.2 53.2 3.52
    endloop
  endfacet
  facet normal 0 0 1
    outer loop
      vertex 163.139 52.7607 3.52
      vertex 153.261 52.7607 3.52
      vertex 153.39 52.6131 3.52
    endloop
  endfacet
  facet normal 0 0 1
    outer loop
      vertex 163.287 52.89 3.52
      vertex 153.113 52.89 3.52
      vertex 153.261 52.7607 3.52
    endloop
  endfacet
  facet normal 0 0 1
    outer loop
      vertex 163.45 52.999 3.52
      vertex 152.95 52.999 3.52
      vertex 153.113 52.89 3.52
    endloop
  endfacet
  facet normal 0 0 1
    outer loop
      vertex 163.626 53.0858 3.52
      vertex 152.774 53.0858 3.52
      vertex 152.95 52.999 3.52
    endloop
  endfacet
  facet normal 0 0 1
    outer loop
      vertex 163.812 53.1489 3.52
      vertex 152.588 53.1489 3.52
      vertex 152.774 53.0858 3.52
    endloop
  endfacet
  facet normal 0 0 1
    outer loop
      vertex 164.004 53.1872 3.52
      vertex 152.396 53.1872 3.52
      vertex 152.588 53.1489 3.52
    endloop
  endfacet
  facet normal 0 -0 1
    outer loop
      vertex 152.396 53.1872 3.52
      vertex 164.2 53.2 3.52
      vertex 152.2 53.2 3.52
    endloop
  endfacet
  facet normal 0 0 1
    outer loop
      vertex 153.7 50.3 3.52
      vertex 162.7 50.3 3.52
      vertex 153.7 51.7 3.52
    endloop
  endfacet
  facet normal 0 0 1
    outer loop
      vertex 162.7 50.3 3.52
      vertex 153.7 50.3 3.52
      vertex 162.713 50.1042 3.52
    endloop
  endfacet
  facet normal 0 0 1
    outer loop
      vertex 153.687 50.1042 3.52
      vertex 162.713 50.1042 3.52
      vertex 153.7 50.3 3.52
    endloop
  endfacet
  facet normal 0 0 1
    outer loop
      vertex 162.713 50.1042 3.52
      vertex 153.687 50.1042 3.52
      vertex 162.751 49.9118 3.52
    endloop
  endfacet
  facet normal 0 0 1
    outer loop
      vertex 153.649 49.9118 3.52
      vertex 162.751 49.9118 3.52
      vertex 153.687 50.1042 3.52
    endloop
  endfacet
  facet normal 0 0 1
    outer loop
      vertex 162.751 49.9118 3.52
      vertex 153.649 49.9118 3.52
      vertex 162.814 49.726 3.52
    endloop
  endfacet
  facet normal 0 0 1
    outer loop
      vertex 153.586 49.726 3.52
      vertex 162.814 49.726 3.52
      vertex 153.649 49.9118 3.52
    endloop
  endfacet
  facet normal 0 0 1
    outer loop
      vertex 162.814 49.726 3.52
      vertex 153.586 49.726 3.52
      vertex 162.901 49.55 3.52
    endloop
  endfacet
  facet normal 0 0 1
    outer loop
      vertex 153.499 49.55 3.52
      vertex 162.901 49.55 3.52
      vertex 153.586 49.726 3.52
    endloop
  endfacet
  facet normal 0 0 1
    outer loop
      vertex 162.901 49.55 3.52
      vertex 153.499 49.55 3.52
      vertex 163.01 49.3869 3.52
    endloop
  endfacet
  facet normal 0 0 1
    outer loop
      vertex 153.39 49.3869 3.52
      vertex 163.01 49.3869 3.52
      vertex 153.499 49.55 3.52
    endloop
  endfacet
  facet normal 0 0 1
    outer loop
      vertex 163.01 49.3869 3.52
      vertex 153.39 49.3869 3.52
      vertex 163.139 49.2393 3.52
    endloop
  endfacet
  facet normal 0 0 1
    outer loop
      vertex 153.261 49.2393 3.52
      vertex 163.139 49.2393 3.52
      vertex 153.39 49.3869 3.52
    endloop
  endfacet
  facet normal 0 0 1
    outer loop
      vertex 163.139 49.2393 3.52
      vertex 153.261 49.2393 3.52
      vertex 163.287 49.11 3.52
    endloop
  endfacet
  facet normal 0 0 1
    outer loop
      vertex 153.113 49.11 3.52
      vertex 163.287 49.11 3.52
      vertex 153.261 49.2393 3.52
    endloop
  endfacet
  facet normal 0 0 1
    outer loop
      vertex 163.287 49.11 3.52
      vertex 153.113 49.11 3.52
      vertex 163.45 49.001 3.52
    endloop
  endfacet
  facet normal 0 0 1
    outer loop
      vertex 152.95 49.001 3.52
      vertex 163.45 49.001 3.52
      vertex 153.113 49.11 3.52
    endloop
  endfacet
  facet normal 0 0 1
    outer loop
      vertex 163.45 49.001 3.52
      vertex 152.95 49.001 3.52
      vertex 163.626 48.9142 3.52
    endloop
  endfacet
  facet normal 0 0 1
    outer loop
      vertex 152.774 48.9142 3.52
      vertex 163.626 48.9142 3.52
      vertex 152.95 49.001 3.52
    endloop
  endfacet
  facet normal 0 0 1
    outer loop
      vertex 163.626 48.9142 3.52
      vertex 152.774 48.9142 3.52
      vertex 163.812 48.8511 3.52
    endloop
  endfacet
  facet normal 0 0 1
    outer loop
      vertex 152.588 48.8511 3.52
      vertex 163.812 48.8511 3.52
      vertex 152.774 48.9142 3.52
    endloop
  endfacet
  facet normal 0 0 1
    outer loop
      vertex 163.812 48.8511 3.52
      vertex 152.588 48.8511 3.52
      vertex 164.004 48.8128 3.52
    endloop
  endfacet
  facet normal 0 0 1
    outer loop
      vertex 152.396 48.8128 3.52
      vertex 164.004 48.8128 3.52
      vertex 152.588 48.8511 3.52
    endloop
  endfacet
  facet normal 0 0 1
    outer loop
      vertex 164.004 48.8128 3.52
      vertex 152.396 48.8128 3.52
      vertex 164.2 48.8 3.52
    endloop
  endfacet
  facet normal 0 0 1
    outer loop
      vertex 164.2 48.8 3.52
      vertex 152.396 48.8128 3.52
      vertex 152.2 48.8 3.52
    endloop
  endfacet
  facet normal -0.657928 0.753081 0
    outer loop
      vertex 124.287 52.89 3.51
      vertex 124.139 52.7607 14.61
      vertex 124.287 52.89 14.61
    endloop
  endfacet
  facet normal -0.657928 0.753081 0
    outer loop
      vertex 124.139 52.7607 14.61
      vertex 124.287 52.89 3.51
      vertex 124.139 52.7607 3.51
    endloop
  endfacet
  facet normal -0.0651673 0.997874 0
    outer loop
      vertex 125.2 53.2 3.51
      vertex 125.004 53.1872 14.61
      vertex 125.2 53.2 14.61
    endloop
  endfacet
  facet normal -0.0651673 0.997874 0
    outer loop
      vertex 125.004 53.1872 14.61
      vertex 125.2 53.2 3.51
      vertex 125.004 53.1872 3.51
    endloop
  endfacet
  facet normal -0.752956 -0.658071 0
    outer loop
      vertex 124.139 49.2393 3.51
      vertex 124.01 49.3869 14.61
      vertex 124.01 49.3869 3.51
    endloop
  endfacet
  facet normal -0.752956 -0.658071 0
    outer loop
      vertex 124.01 49.3869 14.61
      vertex 124.139 49.2393 3.51
      vertex 124.139 49.2393 14.61
    endloop
  endfacet
  facet normal -0 0 1
    outer loop
      vertex 125.2 53.2 14.61
      vertex 126.004 53.1872 14.61
      vertex 126.2 53.2 14.61
    endloop
  endfacet
  facet normal 0 0 1
    outer loop
      vertex 125.2 53.2 14.61
      vertex 125.812 53.1489 14.61
      vertex 126.004 53.1872 14.61
    endloop
  endfacet
  facet normal 0 0 1
    outer loop
      vertex 125.2 53.2 14.61
      vertex 125.626 53.0858 14.61
      vertex 125.812 53.1489 14.61
    endloop
  endfacet
  facet normal 0 0 1
    outer loop
      vertex 125.2 53.2 14.61
      vertex 125.45 52.999 14.61
      vertex 125.626 53.0858 14.61
    endloop
  endfacet
  facet normal 0 0 1
    outer loop
      vertex 125.2 53.2 14.61
      vertex 125.287 52.89 14.61
      vertex 125.45 52.999 14.61
    endloop
  endfacet
  facet normal -0 0 1
    outer loop
      vertex 125.004 53.1872 14.61
      vertex 125.287 52.89 14.61
      vertex 125.2 53.2 14.61
    endloop
  endfacet
  facet normal 0 0 1
    outer loop
      vertex 125.287 52.89 14.61
      vertex 125.004 53.1872 14.61
      vertex 125.139 52.7607 14.61
    endloop
  endfacet
  facet normal -0 0 1
    outer loop
      vertex 124.812 53.1489 14.61
      vertex 125.139 52.7607 14.61
      vertex 125.004 53.1872 14.61
    endloop
  endfacet
  facet normal 0 0 1
    outer loop
      vertex 125.139 52.7607 14.61
      vertex 124.812 53.1489 14.61
      vertex 125.01 52.6131 14.61
    endloop
  endfacet
  facet normal -0 0 1
    outer loop
      vertex 124.626 53.0858 14.61
      vertex 125.01 52.6131 14.61
      vertex 124.812 53.1489 14.61
    endloop
  endfacet
  facet normal -0 0 1
    outer loop
      vertex 124.45 52.999 14.61
      vertex 125.01 52.6131 14.61
      vertex 124.626 53.0858 14.61
    endloop
  endfacet
  facet normal 0 0 1
    outer loop
      vertex 125.01 52.6131 14.61
      vertex 124.45 52.999 14.61
      vertex 124.901 52.45 14.61
    endloop
  endfacet
  facet normal -0 0 1
    outer loop
      vertex 124.287 52.89 14.61
      vertex 124.901 52.45 14.61
      vertex 124.45 52.999 14.61
    endloop
  endfacet
  facet normal -0 0 1
    outer loop
      vertex 124.01 52.6131 14.61
      vertex 124.814 52.274 14.61
      vertex 124.139 52.7607 14.61
    endloop
  endfacet
  facet normal -0 0 1
    outer loop
      vertex 124.139 52.7607 14.61
      vertex 124.814 52.274 14.61
      vertex 124.287 52.89 14.61
    endloop
  endfacet
  facet normal 0 0 1
    outer loop
      vertex 124.901 52.45 14.61
      vertex 124.287 52.89 14.61
      vertex 124.814 52.274 14.61
    endloop
  endfacet
  facet normal 0 0 1
    outer loop
      vertex 126.004 48.8128 14.61
      vertex 125.2 48.8 14.61
      vertex 126.2 48.8 14.61
    endloop
  endfacet
  facet normal 0 0 1
    outer loop
      vertex 125.812 48.8511 14.61
      vertex 125.2 48.8 14.61
      vertex 126.004 48.8128 14.61
    endloop
  endfacet
  facet normal 0 0 1
    outer loop
      vertex 125.626 48.9142 14.61
      vertex 125.2 48.8 14.61
      vertex 125.812 48.8511 14.61
    endloop
  endfacet
  facet normal 0 0 1
    outer loop
      vertex 125.45 49.001 14.61
      vertex 125.2 48.8 14.61
      vertex 125.626 48.9142 14.61
    endloop
  endfacet
  facet normal 0 0 1
    outer loop
      vertex 125.287 49.11 14.61
      vertex 125.2 48.8 14.61
      vertex 125.45 49.001 14.61
    endloop
  endfacet
  facet normal 0 0 1
    outer loop
      vertex 125.004 48.8128 14.61
      vertex 125.287 49.11 14.61
      vertex 125.139 49.2393 14.61
    endloop
  endfacet
  facet normal 0 0 1
    outer loop
      vertex 124.812 48.8511 14.61
      vertex 125.139 49.2393 14.61
      vertex 125.01 49.3869 14.61
    endloop
  endfacet
  facet normal 0 0 1
    outer loop
      vertex 125.287 49.11 14.61
      vertex 125.004 48.8128 14.61
      vertex 125.2 48.8 14.61
    endloop
  endfacet
  facet normal 0 0 1
    outer loop
      vertex 124.45 49.001 14.61
      vertex 125.01 49.3869 14.61
      vertex 124.901 49.55 14.61
    endloop
  endfacet
  facet normal 0 0 1
    outer loop
      vertex 124.287 49.11 14.61
      vertex 124.901 49.55 14.61
      vertex 124.814 49.726 14.61
    endloop
  endfacet
  facet normal 0 0 1
    outer loop
      vertex 125.139 49.2393 14.61
      vertex 124.812 48.8511 14.61
      vertex 125.004 48.8128 14.61
    endloop
  endfacet
  facet normal 0 0 1
    outer loop
      vertex 124.01 49.3869 14.61
      vertex 124.814 49.726 14.61
      vertex 124.751 49.9118 14.61
    endloop
  endfacet
  facet normal 0 0 1
    outer loop
      vertex 123.814 49.726 14.61
      vertex 124.751 49.9118 14.61
      vertex 124.713 50.1042 14.61
    endloop
  endfacet
  facet normal 0 0 1
    outer loop
      vertex 125.01 49.3869 14.61
      vertex 124.626 48.9142 14.61
      vertex 124.812 48.8511 14.61
    endloop
  endfacet
  facet normal 0 0 1
    outer loop
      vertex 123.713 50.1042 14.61
      vertex 124.713 50.1042 14.61
      vertex 124.7 50.3 14.61
    endloop
  endfacet
  facet normal 0 0 1
    outer loop
      vertex 124.7 51.7 14.61
      vertex 123.7 51.7 14.61
      vertex 124.7 50.3 14.61
    endloop
  endfacet
  facet normal 0 0 1
    outer loop
      vertex 124.814 52.274 14.61
      vertex 124.01 52.6131 14.61
      vertex 124.751 52.0882 14.61
    endloop
  endfacet
  facet normal 0 0 1
    outer loop
      vertex 123.7 50.3 14.61
      vertex 124.7 50.3 14.61
      vertex 123.7 51.7 14.61
    endloop
  endfacet
  facet normal -0 0 1
    outer loop
      vertex 123.901 52.45 14.61
      vertex 124.751 52.0882 14.61
      vertex 124.01 52.6131 14.61
    endloop
  endfacet
  facet normal 0 -0 1
    outer loop
      vertex 123.713 50.1042 14.61
      vertex 124.7 50.3 14.61
      vertex 123.7 50.3 14.61
    endloop
  endfacet
  facet normal -0 0 1
    outer loop
      vertex 123.814 52.274 14.61
      vertex 124.751 52.0882 14.61
      vertex 123.901 52.45 14.61
    endloop
  endfacet
  facet normal 0 0 1
    outer loop
      vertex 125.01 49.3869 14.61
      vertex 124.45 49.001 14.61
      vertex 124.626 48.9142 14.61
    endloop
  endfacet
  facet normal 0 0 1
    outer loop
      vertex 124.751 52.0882 14.61
      vertex 123.814 52.274 14.61
      vertex 124.713 51.8958 14.61
    endloop
  endfacet
  facet normal 0 0 1
    outer loop
      vertex 124.901 49.55 14.61
      vertex 124.287 49.11 14.61
      vertex 124.45 49.001 14.61
    endloop
  endfacet
  facet normal -0 0 1
    outer loop
      vertex 123.751 52.0882 14.61
      vertex 124.713 51.8958 14.61
      vertex 123.814 52.274 14.61
    endloop
  endfacet
  facet normal 0 0 1
    outer loop
      vertex 124.814 49.726 14.61
      vertex 124.139 49.2393 14.61
      vertex 124.287 49.11 14.61
    endloop
  endfacet
  facet normal 0 0 1
    outer loop
      vertex 123.713 51.8958 14.61
      vertex 124.713 51.8958 14.61
      vertex 123.751 52.0882 14.61
    endloop
  endfacet
  facet normal 0 0 1
    outer loop
      vertex 124.814 49.726 14.61
      vertex 124.01 49.3869 14.61
      vertex 124.139 49.2393 14.61
    endloop
  endfacet
  facet normal 0 0 1
    outer loop
      vertex 124.713 51.8958 14.61
      vertex 123.713 51.8958 14.61
      vertex 124.7 51.7 14.61
    endloop
  endfacet
  facet normal 0 0 1
    outer loop
      vertex 124.751 49.9118 14.61
      vertex 123.901 49.55 14.61
      vertex 124.01 49.3869 14.61
    endloop
  endfacet
  facet normal 0 0 1
    outer loop
      vertex 124.7 51.7 14.61
      vertex 123.713 51.8958 14.61
      vertex 123.7 51.7 14.61
    endloop
  endfacet
  facet normal 0 0 1
    outer loop
      vertex 124.751 49.9118 14.61
      vertex 123.814 49.726 14.61
      vertex 123.901 49.55 14.61
    endloop
  endfacet
  facet normal 0 0 1
    outer loop
      vertex 124.713 50.1042 14.61
      vertex 123.751 49.9118 14.61
      vertex 123.814 49.726 14.61
    endloop
  endfacet
  facet normal 0 0 1
    outer loop
      vertex 124.713 50.1042 14.61
      vertex 123.713 50.1042 14.61
      vertex 123.751 49.9118 14.61
    endloop
  endfacet
  facet normal 0 0 -1
    outer loop
      vertex 162.7 50.3 4.02
      vertex 153.7 50.3 4.02
      vertex 162.7 51.7 4.02
    endloop
  endfacet
  facet normal 0 0 -1
    outer loop
      vertex 162.713 50.1042 4.02
      vertex 153.7 50.3 4.02
      vertex 162.7 50.3 4.02
    endloop
  endfacet
  facet normal 0 0 -1
    outer loop
      vertex 153.687 50.1042 4.02
      vertex 162.713 50.1042 4.02
      vertex 162.751 49.9118 4.02
    endloop
  endfacet
  facet normal 0 0 -1
    outer loop
      vertex 153.649 49.9118 4.02
      vertex 162.751 49.9118 4.02
      vertex 162.814 49.726 4.02
    endloop
  endfacet
  facet normal 0 0 -1
    outer loop
      vertex 153.586 49.726 4.02
      vertex 162.814 49.726 4.02
      vertex 162.901 49.55 4.02
    endloop
  endfacet
  facet normal 0 0 -1
    outer loop
      vertex 153.499 49.55 4.02
      vertex 162.901 49.55 4.02
      vertex 163.01 49.3869 4.02
    endloop
  endfacet
  facet normal 0 0 -1
    outer loop
      vertex 153.39 49.3869 4.02
      vertex 163.01 49.3869 4.02
      vertex 163.139 49.2393 4.02
    endloop
  endfacet
  facet normal 0 0 -1
    outer loop
      vertex 153.261 49.2393 4.02
      vertex 163.139 49.2393 4.02
      vertex 163.287 49.11 4.02
    endloop
  endfacet
  facet normal 0 0 -1
    outer loop
      vertex 153.113 49.11 4.02
      vertex 163.287 49.11 4.02
      vertex 163.45 49.001 4.02
    endloop
  endfacet
  facet normal 0 0 -1
    outer loop
      vertex 152.95 49.001 4.02
      vertex 163.45 49.001 4.02
      vertex 163.626 48.9142 4.02
    endloop
  endfacet
  facet normal 0 0 -1
    outer loop
      vertex 152.774 48.9142 4.02
      vertex 163.626 48.9142 4.02
      vertex 163.812 48.8511 4.02
    endloop
  endfacet
  facet normal 0 0 -1
    outer loop
      vertex 152.588 48.8511 4.02
      vertex 163.812 48.8511 4.02
      vertex 164.004 48.8128 4.02
    endloop
  endfacet
  facet normal 0 0 -1
    outer loop
      vertex 162.713 50.1042 4.02
      vertex 153.687 50.1042 4.02
      vertex 153.7 50.3 4.02
    endloop
  endfacet
  facet normal 0 0 -1
    outer loop
      vertex 162.751 49.9118 4.02
      vertex 153.649 49.9118 4.02
      vertex 153.687 50.1042 4.02
    endloop
  endfacet
  facet normal 0 0 -1
    outer loop
      vertex 162.814 49.726 4.02
      vertex 153.586 49.726 4.02
      vertex 153.649 49.9118 4.02
    endloop
  endfacet
  facet normal 0 0 -1
    outer loop
      vertex 162.901 49.55 4.02
      vertex 153.499 49.55 4.02
      vertex 153.586 49.726 4.02
    endloop
  endfacet
  facet normal 0 0 -1
    outer loop
      vertex 163.01 49.3869 4.02
      vertex 153.39 49.3869 4.02
      vertex 153.499 49.55 4.02
    endloop
  endfacet
  facet normal 0 0 -1
    outer loop
      vertex 152.396 48.8128 4.02
      vertex 164.004 48.8128 4.02
      vertex 164.2 48.8 4.02
    endloop
  endfacet
  facet normal 0 0 -1
    outer loop
      vertex 163.139 49.2393 4.02
      vertex 153.261 49.2393 4.02
      vertex 153.39 49.3869 4.02
    endloop
  endfacet
  facet normal 0 0 -1
    outer loop
      vertex 163.287 49.11 4.02
      vertex 153.113 49.11 4.02
      vertex 153.261 49.2393 4.02
    endloop
  endfacet
  facet normal 0 0 -1
    outer loop
      vertex 163.45 49.001 4.02
      vertex 152.95 49.001 4.02
      vertex 153.113 49.11 4.02
    endloop
  endfacet
  facet normal 0 0 -1
    outer loop
      vertex 163.626 48.9142 4.02
      vertex 152.774 48.9142 4.02
      vertex 152.95 49.001 4.02
    endloop
  endfacet
  facet normal 0 0 -1
    outer loop
      vertex 163.812 48.8511 4.02
      vertex 152.588 48.8511 4.02
      vertex 152.774 48.9142 4.02
    endloop
  endfacet
  facet normal 0 0 -1
    outer loop
      vertex 164.004 48.8128 4.02
      vertex 152.396 48.8128 4.02
      vertex 152.588 48.8511 4.02
    endloop
  endfacet
  facet normal 0 -0 -1
    outer loop
      vertex 152.396 48.8128 4.02
      vertex 164.2 48.8 4.02
      vertex 152.2 48.8 4.02
    endloop
  endfacet
  facet normal 0 0 -1
    outer loop
      vertex 153.7 51.7 4.02
      vertex 162.7 51.7 4.02
      vertex 153.7 50.3 4.02
    endloop
  endfacet
  facet normal 0 0 -1
    outer loop
      vertex 162.7 51.7 4.02
      vertex 153.7 51.7 4.02
      vertex 162.713 51.8958 4.02
    endloop
  endfacet
  facet normal 0 0 -1
    outer loop
      vertex 153.687 51.8958 4.02
      vertex 162.713 51.8958 4.02
      vertex 153.7 51.7 4.02
    endloop
  endfacet
  facet normal 0 0 -1
    outer loop
      vertex 162.713 51.8958 4.02
      vertex 153.687 51.8958 4.02
      vertex 162.751 52.0882 4.02
    endloop
  endfacet
  facet normal 0 0 -1
    outer loop
      vertex 153.649 52.0882 4.02
      vertex 162.751 52.0882 4.02
      vertex 153.687 51.8958 4.02
    endloop
  endfacet
  facet normal 0 0 -1
    outer loop
      vertex 162.751 52.0882 4.02
      vertex 153.649 52.0882 4.02
      vertex 162.814 52.274 4.02
    endloop
  endfacet
  facet normal 0 0 -1
    outer loop
      vertex 153.586 52.274 4.02
      vertex 162.814 52.274 4.02
      vertex 153.649 52.0882 4.02
    endloop
  endfacet
  facet normal 0 0 -1
    outer loop
      vertex 162.814 52.274 4.02
      vertex 153.586 52.274 4.02
      vertex 162.901 52.45 4.02
    endloop
  endfacet
  facet normal 0 0 -1
    outer loop
      vertex 153.499 52.45 4.02
      vertex 162.901 52.45 4.02
      vertex 153.586 52.274 4.02
    endloop
  endfacet
  facet normal 0 0 -1
    outer loop
      vertex 162.901 52.45 4.02
      vertex 153.499 52.45 4.02
      vertex 163.01 52.6131 4.02
    endloop
  endfacet
  facet normal 0 0 -1
    outer loop
      vertex 153.39 52.6131 4.02
      vertex 163.01 52.6131 4.02
      vertex 153.499 52.45 4.02
    endloop
  endfacet
  facet normal 0 0 -1
    outer loop
      vertex 163.01 52.6131 4.02
      vertex 153.39 52.6131 4.02
      vertex 163.139 52.7607 4.02
    endloop
  endfacet
  facet normal 0 0 -1
    outer loop
      vertex 153.261 52.7607 4.02
      vertex 163.139 52.7607 4.02
      vertex 153.39 52.6131 4.02
    endloop
  endfacet
  facet normal 0 0 -1
    outer loop
      vertex 163.139 52.7607 4.02
      vertex 153.261 52.7607 4.02
      vertex 163.287 52.89 4.02
    endloop
  endfacet
  facet normal 0 0 -1
    outer loop
      vertex 153.113 52.89 4.02
      vertex 163.287 52.89 4.02
      vertex 153.261 52.7607 4.02
    endloop
  endfacet
  facet normal 0 0 -1
    outer loop
      vertex 163.287 52.89 4.02
      vertex 153.113 52.89 4.02
      vertex 163.45 52.999 4.02
    endloop
  endfacet
  facet normal 0 0 -1
    outer loop
      vertex 152.95 52.999 4.02
      vertex 163.45 52.999 4.02
      vertex 153.113 52.89 4.02
    endloop
  endfacet
  facet normal 0 0 -1
    outer loop
      vertex 163.45 52.999 4.02
      vertex 152.95 52.999 4.02
      vertex 163.626 53.0858 4.02
    endloop
  endfacet
  facet normal 0 0 -1
    outer loop
      vertex 152.774 53.0858 4.02
      vertex 163.626 53.0858 4.02
      vertex 152.95 52.999 4.02
    endloop
  endfacet
  facet normal 0 0 -1
    outer loop
      vertex 163.626 53.0858 4.02
      vertex 152.774 53.0858 4.02
      vertex 163.812 53.1489 4.02
    endloop
  endfacet
  facet normal 0 0 -1
    outer loop
      vertex 152.588 53.1489 4.02
      vertex 163.812 53.1489 4.02
      vertex 152.774 53.0858 4.02
    endloop
  endfacet
  facet normal 0 0 -1
    outer loop
      vertex 163.812 53.1489 4.02
      vertex 152.588 53.1489 4.02
      vertex 164.004 53.1872 4.02
    endloop
  endfacet
  facet normal 0 0 -1
    outer loop
      vertex 152.396 53.1872 4.02
      vertex 164.004 53.1872 4.02
      vertex 152.588 53.1489 4.02
    endloop
  endfacet
  facet normal 0 0 -1
    outer loop
      vertex 164.004 53.1872 4.02
      vertex 152.396 53.1872 4.02
      vertex 164.2 53.2 4.02
    endloop
  endfacet
  facet normal -0 0 -1
    outer loop
      vertex 164.2 53.2 4.02
      vertex 152.396 53.1872 4.02
      vertex 152.2 53.2 4.02
    endloop
  endfacet
  facet normal -0.831422 -0.555641 0
    outer loop
      vertex 163.01 55.9869 3.52
      vertex 162.901 56.15 4.02
      vertex 162.901 56.15 3.52
    endloop
  endfacet
  facet normal -0.831422 -0.555641 0
    outer loop
      vertex 162.901 56.15 4.02
      vertex 163.01 55.9869 3.52
      vertex 163.01 55.9869 4.02
    endloop
  endfacet
  facet normal -0.657928 -0.753081 0
    outer loop
      vertex 163.139 55.8393 3.52
      vertex 163.287 55.71 4.02
      vertex 163.139 55.8393 4.02
    endloop
  endfacet
  facet normal -0.657928 -0.753081 -0
    outer loop
      vertex 163.287 55.71 4.02
      vertex 163.139 55.8393 3.52
      vertex 163.287 55.71 3.52
    endloop
  endfacet
  facet normal -0.0651673 -0.997874 0
    outer loop
      vertex 164.004 55.4128 3.52
      vertex 164.2 55.4 4.02
      vertex 164.004 55.4128 4.02
    endloop
  endfacet
  facet normal -0.0651673 -0.997874 -0
    outer loop
      vertex 164.2 55.4 4.02
      vertex 164.004 55.4128 3.52
      vertex 164.2 55.4 3.52
    endloop
  endfacet
  facet normal -0.94704 -0.321117 0
    outer loop
      vertex 162.814 56.326 3.52
      vertex 162.751 56.5118 4.02
      vertex 162.751 56.5118 3.52
    endloop
  endfacet
  facet normal -0.94704 -0.321117 0
    outer loop
      vertex 162.751 56.5118 4.02
      vertex 162.814 56.326 3.52
      vertex 162.814 56.326 4.02
    endloop
  endfacet
  facet normal -0.752956 -0.658071 0
    outer loop
      vertex 163.139 55.8393 3.52
      vertex 163.01 55.9869 4.02
      vertex 163.01 55.9869 3.52
    endloop
  endfacet
  facet normal -0.752956 -0.658071 0
    outer loop
      vertex 163.01 55.9869 4.02
      vertex 163.139 55.8393 3.52
      vertex 163.139 55.8393 4.02
    endloop
  endfacet
  facet normal -0.195625 -0.980679 0
    outer loop
      vertex 163.812 55.4511 3.52
      vertex 164.004 55.4128 4.02
      vertex 163.812 55.4511 4.02
    endloop
  endfacet
  facet normal -0.195625 -0.980679 -0
    outer loop
      vertex 164.004 55.4128 4.02
      vertex 163.812 55.4511 3.52
      vertex 164.004 55.4128 3.52
    endloop
  endfacet
  facet normal -0.896455 -0.443134 0
    outer loop
      vertex 162.901 56.15 3.52
      vertex 162.814 56.326 4.02
      vertex 162.814 56.326 3.52
    endloop
  endfacet
  facet normal -0.896455 -0.443134 0
    outer loop
      vertex 162.814 56.326 4.02
      vertex 162.901 56.15 3.52
      vertex 162.901 56.15 4.02
    endloop
  endfacet
  facet normal -0.981049 -0.193762 0
    outer loop
      vertex 162.751 56.5118 3.52
      vertex 162.713 56.7042 4.02
      vertex 162.713 56.7042 3.52
    endloop
  endfacet
  facet normal -0.981049 -0.193762 0
    outer loop
      vertex 162.713 56.7042 4.02
      vertex 162.751 56.5118 3.52
      vertex 162.751 56.5118 4.02
    endloop
  endfacet
  facet normal -0.321264 -0.94699 0
    outer loop
      vertex 163.626 55.5142 3.52
      vertex 163.812 55.4511 4.02
      vertex 163.626 55.5142 4.02
    endloop
  endfacet
  facet normal -0.321264 -0.94699 -0
    outer loop
      vertex 163.812 55.4511 4.02
      vertex 163.626 55.5142 3.52
      vertex 163.812 55.4511 3.52
    endloop
  endfacet
  facet normal -0.442315 -0.89686 0
    outer loop
      vertex 163.45 55.601 3.52
      vertex 163.626 55.5142 4.02
      vertex 163.45 55.601 4.02
    endloop
  endfacet
  facet normal -0.442315 -0.89686 -0
    outer loop
      vertex 163.626 55.5142 4.02
      vertex 163.45 55.601 3.52
      vertex 163.626 55.5142 3.52
    endloop
  endfacet
  facet normal -0.555877 -0.831265 0
    outer loop
      vertex 163.287 55.71 3.52
      vertex 163.45 55.601 4.02
      vertex 163.287 55.71 4.02
    endloop
  endfacet
  facet normal -0.555877 -0.831265 -0
    outer loop
      vertex 163.45 55.601 4.02
      vertex 163.287 55.71 3.52
      vertex 163.45 55.601 3.52
    endloop
  endfacet
  facet normal -0.998044 -0.062508 0
    outer loop
      vertex 162.713 56.7042 3.52
      vertex 162.707 56.8 4.02
      vertex 162.707 56.8 3.52
    endloop
  endfacet
  facet normal -0.998044 -0.062508 0
    outer loop
      vertex 162.707 56.8 4.02
      vertex 162.713 56.7042 3.52
      vertex 162.713 56.7042 4.02
    endloop
  endfacet
  facet normal 0 -1 0
    outer loop
      vertex 153.693 56.8 3.52
      vertex 162.707 56.8 4.02
      vertex 153.693 56.8 4.02
    endloop
  endfacet
  facet normal 0 -1 -0
    outer loop
      vertex 162.707 56.8 4.02
      vertex 153.693 56.8 3.52
      vertex 162.707 56.8 3.52
    endloop
  endfacet
  facet normal 0.0651673 -0.997874 0
    outer loop
      vertex 152.2 55.4 3.52
      vertex 152.396 55.4128 4.02
      vertex 152.2 55.4 4.02
    endloop
  endfacet
  facet normal 0.0651673 -0.997874 0
    outer loop
      vertex 152.396 55.4128 4.02
      vertex 152.2 55.4 3.52
      vertex 152.396 55.4128 3.52
    endloop
  endfacet
  facet normal 0.321264 -0.94699 0
    outer loop
      vertex 152.588 55.4511 3.52
      vertex 152.774 55.5142 4.02
      vertex 152.588 55.4511 4.02
    endloop
  endfacet
  facet normal 0.321264 -0.94699 0
    outer loop
      vertex 152.774 55.5142 4.02
      vertex 152.588 55.4511 3.52
      vertex 152.774 55.5142 3.52
    endloop
  endfacet
  facet normal 0.752956 -0.658071 0
    outer loop
      vertex 153.261 55.8393 4.02
      vertex 153.39 55.9869 3.52
      vertex 153.39 55.9869 4.02
    endloop
  endfacet
  facet normal 0.752956 -0.658071 0
    outer loop
      vertex 153.39 55.9869 3.52
      vertex 153.261 55.8393 4.02
      vertex 153.261 55.8393 3.52
    endloop
  endfacet
  facet normal 0.94704 -0.321117 0
    outer loop
      vertex 153.586 56.326 4.02
      vertex 153.649 56.5118 3.52
      vertex 153.649 56.5118 4.02
    endloop
  endfacet
  facet normal 0.94704 -0.321117 0
    outer loop
      vertex 153.649 56.5118 3.52
      vertex 153.586 56.326 4.02
      vertex 153.586 56.326 3.52
    endloop
  endfacet
  facet normal 0.555877 -0.831265 0
    outer loop
      vertex 152.95 55.601 3.52
      vertex 153.113 55.71 4.02
      vertex 152.95 55.601 4.02
    endloop
  endfacet
  facet normal 0.555877 -0.831265 0
    outer loop
      vertex 153.113 55.71 4.02
      vertex 152.95 55.601 3.52
      vertex 153.113 55.71 3.52
    endloop
  endfacet
  facet normal 0.981049 -0.193762 0
    outer loop
      vertex 153.649 56.5118 4.02
      vertex 153.687 56.7042 3.52
      vertex 153.687 56.7042 4.02
    endloop
  endfacet
  facet normal 0.981049 -0.193762 0
    outer loop
      vertex 153.687 56.7042 3.52
      vertex 153.649 56.5118 4.02
      vertex 153.649 56.5118 3.52
    endloop
  endfacet
  facet normal 0.831422 -0.555641 0
    outer loop
      vertex 153.39 55.9869 4.02
      vertex 153.499 56.15 3.52
      vertex 153.499 56.15 4.02
    endloop
  endfacet
  facet normal 0.831422 -0.555641 0
    outer loop
      vertex 153.499 56.15 3.52
      vertex 153.39 55.9869 4.02
      vertex 153.39 55.9869 3.52
    endloop
  endfacet
  facet normal 0.896455 -0.443134 0
    outer loop
      vertex 153.499 56.15 4.02
      vertex 153.586 56.326 3.52
      vertex 153.586 56.326 4.02
    endloop
  endfacet
  facet normal 0.896455 -0.443134 0
    outer loop
      vertex 153.586 56.326 3.52
      vertex 153.499 56.15 4.02
      vertex 153.499 56.15 3.52
    endloop
  endfacet
  facet normal 0.442315 -0.89686 0
    outer loop
      vertex 152.774 55.5142 3.52
      vertex 152.95 55.601 4.02
      vertex 152.774 55.5142 4.02
    endloop
  endfacet
  facet normal 0.442315 -0.89686 0
    outer loop
      vertex 152.95 55.601 4.02
      vertex 152.774 55.5142 3.52
      vertex 152.95 55.601 3.52
    endloop
  endfacet
  facet normal 0.657928 -0.753081 0
    outer loop
      vertex 153.113 55.71 3.52
      vertex 153.261 55.8393 4.02
      vertex 153.113 55.71 4.02
    endloop
  endfacet
  facet normal 0.657928 -0.753081 0
    outer loop
      vertex 153.261 55.8393 4.02
      vertex 153.113 55.71 3.52
      vertex 153.261 55.8393 3.52
    endloop
  endfacet
  facet normal 0.195625 -0.980679 0
    outer loop
      vertex 152.396 55.4128 3.52
      vertex 152.588 55.4511 4.02
      vertex 152.396 55.4128 4.02
    endloop
  endfacet
  facet normal 0.195625 -0.980679 0
    outer loop
      vertex 152.588 55.4511 4.02
      vertex 152.396 55.4128 3.52
      vertex 152.588 55.4511 3.52
    endloop
  endfacet
  facet normal 0.998044 -0.062508 0
    outer loop
      vertex 153.687 56.7042 4.02
      vertex 153.693 56.8 3.52
      vertex 153.693 56.8 4.02
    endloop
  endfacet
  facet normal 0.998044 -0.062508 0
    outer loop
      vertex 153.693 56.8 3.52
      vertex 153.687 56.7042 4.02
      vertex 153.687 56.7042 3.52
    endloop
  endfacet
  facet normal -0.752956 0.658071 0
    outer loop
      vertex 163.01 19.6131 3.52
      vertex 163.139 19.7607 4.02
      vertex 163.139 19.7607 3.52
    endloop
  endfacet
  facet normal -0.752956 0.658071 0
    outer loop
      vertex 163.139 19.7607 4.02
      vertex 163.01 19.6131 3.52
      vertex 163.01 19.6131 4.02
    endloop
  endfacet
  facet normal -0.998044 0.062508 0
    outer loop
      vertex 162.707 18.8 3.52
      vertex 162.713 18.8958 4.02
      vertex 162.713 18.8958 3.52
    endloop
  endfacet
  facet normal -0.998044 0.062508 0
    outer loop
      vertex 162.713 18.8958 4.02
      vertex 162.707 18.8 3.52
      vertex 162.707 18.8 4.02
    endloop
  endfacet
  facet normal -0.896455 0.443134 0
    outer loop
      vertex 162.814 19.274 3.52
      vertex 162.901 19.45 4.02
      vertex 162.901 19.45 3.52
    endloop
  endfacet
  facet normal -0.896455 0.443134 0
    outer loop
      vertex 162.901 19.45 4.02
      vertex 162.814 19.274 3.52
      vertex 162.814 19.274 4.02
    endloop
  endfacet
  facet normal -0.94704 0.321117 0
    outer loop
      vertex 162.751 19.0882 3.52
      vertex 162.814 19.274 4.02
      vertex 162.814 19.274 3.52
    endloop
  endfacet
  facet normal -0.94704 0.321117 0
    outer loop
      vertex 162.814 19.274 4.02
      vertex 162.751 19.0882 3.52
      vertex 162.751 19.0882 4.02
    endloop
  endfacet
  facet normal -0.321264 0.94699 0
    outer loop
      vertex 163.812 20.1489 3.52
      vertex 163.626 20.0858 4.02
      vertex 163.812 20.1489 4.02
    endloop
  endfacet
  facet normal -0.321264 0.94699 0
    outer loop
      vertex 163.626 20.0858 4.02
      vertex 163.812 20.1489 3.52
      vertex 163.626 20.0858 3.52
    endloop
  endfacet
  facet normal -0.657928 0.753081 0
    outer loop
      vertex 163.287 19.89 3.52
      vertex 163.139 19.7607 4.02
      vertex 163.287 19.89 4.02
    endloop
  endfacet
  facet normal -0.657928 0.753081 0
    outer loop
      vertex 163.139 19.7607 4.02
      vertex 163.287 19.89 3.52
      vertex 163.139 19.7607 3.52
    endloop
  endfacet
  facet normal -0.981049 0.193762 0
    outer loop
      vertex 162.713 18.8958 3.52
      vertex 162.751 19.0882 4.02
      vertex 162.751 19.0882 3.52
    endloop
  endfacet
  facet normal -0.981049 0.193762 0
    outer loop
      vertex 162.751 19.0882 4.02
      vertex 162.713 18.8958 3.52
      vertex 162.713 18.8958 4.02
    endloop
  endfacet
  facet normal -0.442315 0.89686 0
    outer loop
      vertex 163.626 20.0858 3.52
      vertex 163.45 19.999 4.02
      vertex 163.626 20.0858 4.02
    endloop
  endfacet
  facet normal -0.442315 0.89686 0
    outer loop
      vertex 163.45 19.999 4.02
      vertex 163.626 20.0858 3.52
      vertex 163.45 19.999 3.52
    endloop
  endfacet
  facet normal -0.555877 0.831265 0
    outer loop
      vertex 163.45 19.999 3.52
      vertex 163.287 19.89 4.02
      vertex 163.45 19.999 4.02
    endloop
  endfacet
  facet normal -0.555877 0.831265 0
    outer loop
      vertex 163.287 19.89 4.02
      vertex 163.45 19.999 3.52
      vertex 163.287 19.89 3.52
    endloop
  endfacet
  facet normal -0.831422 0.555641 0
    outer loop
      vertex 162.901 19.45 3.52
      vertex 163.01 19.6131 4.02
      vertex 163.01 19.6131 3.52
    endloop
  endfacet
  facet normal -0.831422 0.555641 0
    outer loop
      vertex 163.01 19.6131 4.02
      vertex 162.901 19.45 3.52
      vertex 162.901 19.45 4.02
    endloop
  endfacet
  facet normal -0.195625 0.980679 0
    outer loop
      vertex 164.004 20.1872 3.52
      vertex 163.812 20.1489 4.02
      vertex 164.004 20.1872 4.02
    endloop
  endfacet
  facet normal -0.195625 0.980679 0
    outer loop
      vertex 163.812 20.1489 4.02
      vertex 164.004 20.1872 3.52
      vertex 163.812 20.1489 3.52
    endloop
  endfacet
  facet normal -0.0651673 0.997874 0
    outer loop
      vertex 164.2 20.2 3.52
      vertex 164.004 20.1872 4.02
      vertex 164.2 20.2 4.02
    endloop
  endfacet
  facet normal -0.0651673 0.997874 0
    outer loop
      vertex 164.004 20.1872 4.02
      vertex 164.2 20.2 3.52
      vertex 164.004 20.1872 3.52
    endloop
  endfacet
  facet normal 0.0651673 0.997874 -0
    outer loop
      vertex 152.396 20.1872 3.52
      vertex 152.2 20.2 4.02
      vertex 152.396 20.1872 4.02
    endloop
  endfacet
  facet normal 0.0651673 0.997874 0
    outer loop
      vertex 152.2 20.2 4.02
      vertex 152.396 20.1872 3.52
      vertex 152.2 20.2 3.52
    endloop
  endfacet
  facet normal 0.831422 0.555641 0
    outer loop
      vertex 153.499 19.45 4.02
      vertex 153.39 19.6131 3.52
      vertex 153.39 19.6131 4.02
    endloop
  endfacet
  facet normal 0.831422 0.555641 0
    outer loop
      vertex 153.39 19.6131 3.52
      vertex 153.499 19.45 4.02
      vertex 153.499 19.45 3.52
    endloop
  endfacet
  facet normal 0.94704 0.321117 0
    outer loop
      vertex 153.649 19.0882 4.02
      vertex 153.586 19.274 3.52
      vertex 153.586 19.274 4.02
    endloop
  endfacet
  facet normal 0.94704 0.321117 0
    outer loop
      vertex 153.586 19.274 3.52
      vertex 153.649 19.0882 4.02
      vertex 153.649 19.0882 3.52
    endloop
  endfacet
  facet normal 0.657928 0.753081 -0
    outer loop
      vertex 153.261 19.7607 3.52
      vertex 153.113 19.89 4.02
      vertex 153.261 19.7607 4.02
    endloop
  endfacet
  facet normal 0.657928 0.753081 0
    outer loop
      vertex 153.113 19.89 4.02
      vertex 153.261 19.7607 3.52
      vertex 153.113 19.89 3.52
    endloop
  endfacet
  facet normal 0.896455 0.443134 0
    outer loop
      vertex 153.586 19.274 4.02
      vertex 153.499 19.45 3.52
      vertex 153.499 19.45 4.02
    endloop
  endfacet
  facet normal 0.896455 0.443134 0
    outer loop
      vertex 153.499 19.45 3.52
      vertex 153.586 19.274 4.02
      vertex 153.586 19.274 3.52
    endloop
  endfacet
  facet normal 0.321264 0.94699 -0
    outer loop
      vertex 152.774 20.0858 3.52
      vertex 152.588 20.1489 4.02
      vertex 152.774 20.0858 4.02
    endloop
  endfacet
  facet normal 0.321264 0.94699 0
    outer loop
      vertex 152.588 20.1489 4.02
      vertex 152.774 20.0858 3.52
      vertex 152.588 20.1489 3.52
    endloop
  endfacet
  facet normal 0.555877 0.831265 -0
    outer loop
      vertex 153.113 19.89 3.52
      vertex 152.95 19.999 4.02
      vertex 153.113 19.89 4.02
    endloop
  endfacet
  facet normal 0.555877 0.831265 0
    outer loop
      vertex 152.95 19.999 4.02
      vertex 153.113 19.89 3.52
      vertex 152.95 19.999 3.52
    endloop
  endfacet
  facet normal 0.981049 0.193762 0
    outer loop
      vertex 153.687 18.8958 4.02
      vertex 153.649 19.0882 3.52
      vertex 153.649 19.0882 4.02
    endloop
  endfacet
  facet normal 0.981049 0.193762 0
    outer loop
      vertex 153.649 19.0882 3.52
      vertex 153.687 18.8958 4.02
      vertex 153.687 18.8958 3.52
    endloop
  endfacet
  facet normal 0.195625 0.980679 -0
    outer loop
      vertex 152.588 20.1489 3.52
      vertex 152.396 20.1872 4.02
      vertex 152.588 20.1489 4.02
    endloop
  endfacet
  facet normal 0.195625 0.980679 0
    outer loop
      vertex 152.396 20.1872 4.02
      vertex 152.588 20.1489 3.52
      vertex 152.396 20.1872 3.52
    endloop
  endfacet
  facet normal 0.442315 0.89686 -0
    outer loop
      vertex 152.95 19.999 3.52
      vertex 152.774 20.0858 4.02
      vertex 152.95 19.999 4.02
    endloop
  endfacet
  facet normal 0.442315 0.89686 0
    outer loop
      vertex 152.774 20.0858 4.02
      vertex 152.95 19.999 3.52
      vertex 152.774 20.0858 3.52
    endloop
  endfacet
  facet normal 0.998044 0.062508 0
    outer loop
      vertex 153.693 18.8 4.02
      vertex 153.687 18.8958 3.52
      vertex 153.687 18.8958 4.02
    endloop
  endfacet
  facet normal 0.998044 0.062508 0
    outer loop
      vertex 153.687 18.8958 3.52
      vertex 153.693 18.8 4.02
      vertex 153.693 18.8 3.52
    endloop
  endfacet
  facet normal 0.752956 0.658071 0
    outer loop
      vertex 153.39 19.6131 4.02
      vertex 153.261 19.7607 3.52
      vertex 153.261 19.7607 4.02
    endloop
  endfacet
  facet normal 0.752956 0.658071 0
    outer loop
      vertex 153.261 19.7607 3.52
      vertex 153.39 19.6131 4.02
      vertex 153.39 19.6131 3.52
    endloop
  endfacet
  facet normal 0.0651673 -0.997874 0
    outer loop
      vertex 152.2 22.4 3.52
      vertex 152.396 22.4128 4.02
      vertex 152.2 22.4 4.02
    endloop
  endfacet
  facet normal 0.0651673 -0.997874 0
    outer loop
      vertex 152.396 22.4128 4.02
      vertex 152.2 22.4 3.52
      vertex 152.396 22.4128 3.52
    endloop
  endfacet
  facet normal 0.0651673 0.997874 -0
    outer loop
      vertex 152.396 26.7872 3.52
      vertex 152.2 26.8 4.02
      vertex 152.396 26.7872 4.02
    endloop
  endfacet
  facet normal 0.0651673 0.997874 0
    outer loop
      vertex 152.2 26.8 4.02
      vertex 152.396 26.7872 3.52
      vertex 152.2 26.8 3.52
    endloop
  endfacet
  facet normal 1 -0 0
    outer loop
      vertex 153.7 23.9 4.02
      vertex 153.7 25.3 3.52
      vertex 153.7 25.3 4.02
    endloop
  endfacet
  facet normal 1 0 0
    outer loop
      vertex 153.7 25.3 3.52
      vertex 153.7 23.9 4.02
      vertex 153.7 23.9 3.52
    endloop
  endfacet
  facet normal 0.657928 -0.753081 0
    outer loop
      vertex 153.113 22.71 3.52
      vertex 153.261 22.8393 4.02
      vertex 153.113 22.71 4.02
    endloop
  endfacet
  facet normal 0.657928 -0.753081 0
    outer loop
      vertex 153.261 22.8393 4.02
      vertex 153.113 22.71 3.52
      vertex 153.261 22.8393 3.52
    endloop
  endfacet
  facet normal 0.831422 0.555641 0
    outer loop
      vertex 153.499 26.05 4.02
      vertex 153.39 26.2131 3.52
      vertex 153.39 26.2131 4.02
    endloop
  endfacet
  facet normal 0.831422 0.555641 0
    outer loop
      vertex 153.39 26.2131 3.52
      vertex 153.499 26.05 4.02
      vertex 153.499 26.05 3.52
    endloop
  endfacet
  facet normal 0.321264 -0.94699 0
    outer loop
      vertex 152.588 22.4511 3.52
      vertex 152.774 22.5142 4.02
      vertex 152.588 22.4511 4.02
    endloop
  endfacet
  facet normal 0.321264 -0.94699 0
    outer loop
      vertex 152.774 22.5142 4.02
      vertex 152.588 22.4511 3.52
      vertex 152.774 22.5142 3.52
    endloop
  endfacet
  facet normal 0.752956 -0.658071 0
    outer loop
      vertex 153.261 22.8393 4.02
      vertex 153.39 22.9869 3.52
      vertex 153.39 22.9869 4.02
    endloop
  endfacet
  facet normal 0.752956 -0.658071 0
    outer loop
      vertex 153.39 22.9869 3.52
      vertex 153.261 22.8393 4.02
      vertex 153.261 22.8393 3.52
    endloop
  endfacet
  facet normal 0.94704 -0.321117 0
    outer loop
      vertex 153.586 23.326 4.02
      vertex 153.649 23.5118 3.52
      vertex 153.649 23.5118 4.02
    endloop
  endfacet
  facet normal 0.94704 -0.321117 0
    outer loop
      vertex 153.649 23.5118 3.52
      vertex 153.586 23.326 4.02
      vertex 153.586 23.326 3.52
    endloop
  endfacet
  facet normal 0.94704 0.321117 0
    outer loop
      vertex 153.649 25.6882 4.02
      vertex 153.586 25.874 3.52
      vertex 153.586 25.874 4.02
    endloop
  endfacet
  facet normal 0.94704 0.321117 0
    outer loop
      vertex 153.586 25.874 3.52
      vertex 153.649 25.6882 4.02
      vertex 153.649 25.6882 3.52
    endloop
  endfacet
  facet normal 0.657928 0.753081 -0
    outer loop
      vertex 153.261 26.3607 3.52
      vertex 153.113 26.49 4.02
      vertex 153.261 26.3607 4.02
    endloop
  endfacet
  facet normal 0.657928 0.753081 0
    outer loop
      vertex 153.113 26.49 4.02
      vertex 153.261 26.3607 3.52
      vertex 153.113 26.49 3.52
    endloop
  endfacet
  facet normal 0.896455 0.443134 0
    outer loop
      vertex 153.586 25.874 4.02
      vertex 153.499 26.05 3.52
      vertex 153.499 26.05 4.02
    endloop
  endfacet
  facet normal 0.896455 0.443134 0
    outer loop
      vertex 153.499 26.05 3.52
      vertex 153.586 25.874 4.02
      vertex 153.586 25.874 3.52
    endloop
  endfacet
  facet normal 0.555877 -0.831265 0
    outer loop
      vertex 152.95 22.601 3.52
      vertex 153.113 22.71 4.02
      vertex 152.95 22.601 4.02
    endloop
  endfacet
  facet normal 0.555877 -0.831265 0
    outer loop
      vertex 153.113 22.71 4.02
      vertex 152.95 22.601 3.52
      vertex 153.113 22.71 3.52
    endloop
  endfacet
  facet normal 0.321264 0.94699 -0
    outer loop
      vertex 152.774 26.6858 3.52
      vertex 152.588 26.7489 4.02
      vertex 152.774 26.6858 4.02
    endloop
  endfacet
  facet normal 0.321264 0.94699 0
    outer loop
      vertex 152.588 26.7489 4.02
      vertex 152.774 26.6858 3.52
      vertex 152.588 26.7489 3.52
    endloop
  endfacet
  facet normal 0.831422 -0.555641 0
    outer loop
      vertex 153.39 22.9869 4.02
      vertex 153.499 23.15 3.52
      vertex 153.499 23.15 4.02
    endloop
  endfacet
  facet normal 0.831422 -0.555641 0
    outer loop
      vertex 153.499 23.15 3.52
      vertex 153.39 22.9869 4.02
      vertex 153.39 22.9869 3.52
    endloop
  endfacet
  facet normal 0.555877 0.831265 -0
    outer loop
      vertex 153.113 26.49 3.52
      vertex 152.95 26.599 4.02
      vertex 153.113 26.49 4.02
    endloop
  endfacet
  facet normal 0.555877 0.831265 0
    outer loop
      vertex 152.95 26.599 4.02
      vertex 153.113 26.49 3.52
      vertex 152.95 26.599 3.52
    endloop
  endfacet
  facet normal 0.981049 0.193762 0
    outer loop
      vertex 153.687 25.4958 4.02
      vertex 153.649 25.6882 3.52
      vertex 153.649 25.6882 4.02
    endloop
  endfacet
  facet normal 0.981049 0.193762 0
    outer loop
      vertex 153.649 25.6882 3.52
      vertex 153.687 25.4958 4.02
      vertex 153.687 25.4958 3.52
    endloop
  endfacet
  facet normal 0.896455 -0.443134 0
    outer loop
      vertex 153.499 23.15 4.02
      vertex 153.586 23.326 3.52
      vertex 153.586 23.326 4.02
    endloop
  endfacet
  facet normal 0.896455 -0.443134 0
    outer loop
      vertex 153.586 23.326 3.52
      vertex 153.499 23.15 4.02
      vertex 153.499 23.15 3.52
    endloop
  endfacet
  facet normal 0.442315 -0.89686 0
    outer loop
      vertex 152.774 22.5142 3.52
      vertex 152.95 22.601 4.02
      vertex 152.774 22.5142 4.02
    endloop
  endfacet
  facet normal 0.442315 -0.89686 0
    outer loop
      vertex 152.95 22.601 4.02
      vertex 152.774 22.5142 3.52
      vertex 152.95 22.601 3.52
    endloop
  endfacet
  facet normal 0.195625 0.980679 -0
    outer loop
      vertex 152.588 26.7489 3.52
      vertex 152.396 26.7872 4.02
      vertex 152.588 26.7489 4.02
    endloop
  endfacet
  facet normal 0.195625 0.980679 0
    outer loop
      vertex 152.396 26.7872 4.02
      vertex 152.588 26.7489 3.52
      vertex 152.396 26.7872 3.52
    endloop
  endfacet
  facet normal 0.195625 -0.980679 0
    outer loop
      vertex 152.396 22.4128 3.52
      vertex 152.588 22.4511 4.02
      vertex 152.396 22.4128 4.02
    endloop
  endfacet
  facet normal 0.195625 -0.980679 0
    outer loop
      vertex 152.588 22.4511 4.02
      vertex 152.396 22.4128 3.52
      vertex 152.588 22.4511 3.52
    endloop
  endfacet
  facet normal 0.442315 0.89686 -0
    outer loop
      vertex 152.95 26.599 3.52
      vertex 152.774 26.6858 4.02
      vertex 152.95 26.599 4.02
    endloop
  endfacet
  facet normal 0.442315 0.89686 0
    outer loop
      vertex 152.774 26.6858 4.02
      vertex 152.95 26.599 3.52
      vertex 152.774 26.6858 3.52
    endloop
  endfacet
  facet normal 0.997803 0.0662484 0
    outer loop
      vertex 153.7 25.3 4.02
      vertex 153.687 25.4958 3.52
      vertex 153.687 25.4958 4.02
    endloop
  endfacet
  facet normal 0.997803 0.0662484 0
    outer loop
      vertex 153.687 25.4958 3.52
      vertex 153.7 25.3 4.02
      vertex 153.7 25.3 3.52
    endloop
  endfacet
  facet normal 0.997803 -0.0662484 0
    outer loop
      vertex 153.687 23.7042 4.02
      vertex 153.7 23.9 3.52
      vertex 153.7 23.9 4.02
    endloop
  endfacet
  facet normal 0.997803 -0.0662484 0
    outer loop
      vertex 153.7 23.9 3.52
      vertex 153.687 23.7042 4.02
      vertex 153.687 23.7042 3.52
    endloop
  endfacet
  facet normal 0.981049 -0.193762 0
    outer loop
      vertex 153.649 23.5118 4.02
      vertex 153.687 23.7042 3.52
      vertex 153.687 23.7042 4.02
    endloop
  endfacet
  facet normal 0.981049 -0.193762 0
    outer loop
      vertex 153.687 23.7042 3.52
      vertex 153.649 23.5118 4.02
      vertex 153.649 23.5118 3.52
    endloop
  endfacet
  facet normal 0.752956 0.658071 0
    outer loop
      vertex 153.39 26.2131 4.02
      vertex 153.261 26.3607 3.52
      vertex 153.261 26.3607 4.02
    endloop
  endfacet
  facet normal 0.752956 0.658071 0
    outer loop
      vertex 153.261 26.3607 3.52
      vertex 153.39 26.2131 4.02
      vertex 153.39 26.2131 3.52
    endloop
  endfacet
  facet normal -0.0651673 0.997874 0
    outer loop
      vertex 164.2 26.8 3.52
      vertex 164.004 26.7872 4.02
      vertex 164.2 26.8 4.02
    endloop
  endfacet
  facet normal -0.0651673 0.997874 0
    outer loop
      vertex 164.004 26.7872 4.02
      vertex 164.2 26.8 3.52
      vertex 164.004 26.7872 3.52
    endloop
  endfacet
  facet normal -0.981049 0.193762 0
    outer loop
      vertex 162.713 25.4958 3.52
      vertex 162.751 25.6882 4.02
      vertex 162.751 25.6882 3.52
    endloop
  endfacet
  facet normal -0.981049 0.193762 0
    outer loop
      vertex 162.751 25.6882 4.02
      vertex 162.713 25.4958 3.52
      vertex 162.713 25.4958 4.02
    endloop
  endfacet
  facet normal -0.997803 -0.0662484 0
    outer loop
      vertex 162.713 23.7042 3.52
      vertex 162.7 23.9 4.02
      vertex 162.7 23.9 3.52
    endloop
  endfacet
  facet normal -0.997803 -0.0662484 0
    outer loop
      vertex 162.7 23.9 4.02
      vertex 162.713 23.7042 3.52
      vertex 162.713 23.7042 4.02
    endloop
  endfacet
  facet normal -0.0651673 -0.997874 0
    outer loop
      vertex 164.004 22.4128 3.52
      vertex 164.2 22.4 4.02
      vertex 164.004 22.4128 4.02
    endloop
  endfacet
  facet normal -0.0651673 -0.997874 -0
    outer loop
      vertex 164.2 22.4 4.02
      vertex 164.004 22.4128 3.52
      vertex 164.2 22.4 3.52
    endloop
  endfacet
  facet normal -0.195625 -0.980679 0
    outer loop
      vertex 163.812 22.4511 3.52
      vertex 164.004 22.4128 4.02
      vertex 163.812 22.4511 4.02
    endloop
  endfacet
  facet normal -0.195625 -0.980679 -0
    outer loop
      vertex 164.004 22.4128 4.02
      vertex 163.812 22.4511 3.52
      vertex 164.004 22.4128 3.52
    endloop
  endfacet
  facet normal -0.94704 0.321117 0
    outer loop
      vertex 162.751 25.6882 3.52
      vertex 162.814 25.874 4.02
      vertex 162.814 25.874 3.52
    endloop
  endfacet
  facet normal -0.94704 0.321117 0
    outer loop
      vertex 162.814 25.874 4.02
      vertex 162.751 25.6882 3.52
      vertex 162.751 25.6882 4.02
    endloop
  endfacet
  facet normal -0.555877 -0.831265 0
    outer loop
      vertex 163.287 22.71 3.52
      vertex 163.45 22.601 4.02
      vertex 163.287 22.71 4.02
    endloop
  endfacet
  facet normal -0.555877 -0.831265 -0
    outer loop
      vertex 163.45 22.601 4.02
      vertex 163.287 22.71 3.52
      vertex 163.45 22.601 3.52
    endloop
  endfacet
  facet normal -0.981049 -0.193762 0
    outer loop
      vertex 162.751 23.5118 3.52
      vertex 162.713 23.7042 4.02
      vertex 162.713 23.7042 3.52
    endloop
  endfacet
  facet normal -0.981049 -0.193762 0
    outer loop
      vertex 162.713 23.7042 4.02
      vertex 162.751 23.5118 3.52
      vertex 162.751 23.5118 4.02
    endloop
  endfacet
  facet normal -0.831422 -0.555641 0
    outer loop
      vertex 163.01 22.9869 3.52
      vertex 162.901 23.15 4.02
      vertex 162.901 23.15 3.52
    endloop
  endfacet
  facet normal -0.831422 -0.555641 0
    outer loop
      vertex 162.901 23.15 4.02
      vertex 163.01 22.9869 3.52
      vertex 163.01 22.9869 4.02
    endloop
  endfacet
  facet normal -0.94704 -0.321117 0
    outer loop
      vertex 162.814 23.326 3.52
      vertex 162.751 23.5118 4.02
      vertex 162.751 23.5118 3.52
    endloop
  endfacet
  facet normal -0.94704 -0.321117 0
    outer loop
      vertex 162.751 23.5118 4.02
      vertex 162.814 23.326 3.52
      vertex 162.814 23.326 4.02
    endloop
  endfacet
  facet normal -0.657928 0.753081 0
    outer loop
      vertex 163.287 26.49 3.52
      vertex 163.139 26.3607 4.02
      vertex 163.287 26.49 4.02
    endloop
  endfacet
  facet normal -0.657928 0.753081 0
    outer loop
      vertex 163.139 26.3607 4.02
      vertex 163.287 26.49 3.52
      vertex 163.139 26.3607 3.52
    endloop
  endfacet
  facet normal -0.997803 0.0662484 0
    outer loop
      vertex 162.7 25.3 3.52
      vertex 162.713 25.4958 4.02
      vertex 162.713 25.4958 3.52
    endloop
  endfacet
  facet normal -0.997803 0.0662484 0
    outer loop
      vertex 162.713 25.4958 4.02
      vertex 162.7 25.3 3.52
      vertex 162.7 25.3 4.02
    endloop
  endfacet
  facet normal -0.321264 -0.94699 0
    outer loop
      vertex 163.626 22.5142 3.52
      vertex 163.812 22.4511 4.02
      vertex 163.626 22.5142 4.02
    endloop
  endfacet
  facet normal -0.321264 -0.94699 -0
    outer loop
      vertex 163.812 22.4511 4.02
      vertex 163.626 22.5142 3.52
      vertex 163.812 22.4511 3.52
    endloop
  endfacet
  facet normal -0.896455 0.443134 0
    outer loop
      vertex 162.814 25.874 3.52
      vertex 162.901 26.05 4.02
      vertex 162.901 26.05 3.52
    endloop
  endfacet
  facet normal -0.896455 0.443134 0
    outer loop
      vertex 162.901 26.05 4.02
      vertex 162.814 25.874 3.52
      vertex 162.814 25.874 4.02
    endloop
  endfacet
  facet normal -1 0 0
    outer loop
      vertex 162.7 23.9 3.52
      vertex 162.7 25.3 4.02
      vertex 162.7 25.3 3.52
    endloop
  endfacet
  facet normal -1 -0 0
    outer loop
      vertex 162.7 25.3 4.02
      vertex 162.7 23.9 3.52
      vertex 162.7 23.9 4.02
    endloop
  endfacet
  facet normal -0.321264 0.94699 0
    outer loop
      vertex 163.812 26.7489 3.52
      vertex 163.626 26.6858 4.02
      vertex 163.812 26.7489 4.02
    endloop
  endfacet
  facet normal -0.321264 0.94699 0
    outer loop
      vertex 163.626 26.6858 4.02
      vertex 163.812 26.7489 3.52
      vertex 163.626 26.6858 3.52
    endloop
  endfacet
  facet normal -0.657928 -0.753081 0
    outer loop
      vertex 163.139 22.8393 3.52
      vertex 163.287 22.71 4.02
      vertex 163.139 22.8393 4.02
    endloop
  endfacet
  facet normal -0.657928 -0.753081 -0
    outer loop
      vertex 163.287 22.71 4.02
      vertex 163.139 22.8393 3.52
      vertex 163.287 22.71 3.52
    endloop
  endfacet
  facet normal -0.195625 0.980679 0
    outer loop
      vertex 164.004 26.7872 3.52
      vertex 163.812 26.7489 4.02
      vertex 164.004 26.7872 4.02
    endloop
  endfacet
  facet normal -0.195625 0.980679 0
    outer loop
      vertex 163.812 26.7489 4.02
      vertex 164.004 26.7872 3.52
      vertex 163.812 26.7489 3.52
    endloop
  endfacet
  facet normal -0.896455 -0.443134 0
    outer loop
      vertex 162.901 23.15 3.52
      vertex 162.814 23.326 4.02
      vertex 162.814 23.326 3.52
    endloop
  endfacet
  facet normal -0.896455 -0.443134 0
    outer loop
      vertex 162.814 23.326 4.02
      vertex 162.901 23.15 3.52
      vertex 162.901 23.15 4.02
    endloop
  endfacet
  facet normal -0.752956 -0.658071 0
    outer loop
      vertex 163.139 22.8393 3.52
      vertex 163.01 22.9869 4.02
      vertex 163.01 22.9869 3.52
    endloop
  endfacet
  facet normal -0.752956 -0.658071 0
    outer loop
      vertex 163.01 22.9869 4.02
      vertex 163.139 22.8393 3.52
      vertex 163.139 22.8393 4.02
    endloop
  endfacet
  facet normal -0.555877 0.831265 0
    outer loop
      vertex 163.45 26.599 3.52
      vertex 163.287 26.49 4.02
      vertex 163.45 26.599 4.02
    endloop
  endfacet
  facet normal -0.555877 0.831265 0
    outer loop
      vertex 163.287 26.49 4.02
      vertex 163.45 26.599 3.52
      vertex 163.287 26.49 3.52
    endloop
  endfacet
  facet normal -0.442315 0.89686 0
    outer loop
      vertex 163.626 26.6858 3.52
      vertex 163.45 26.599 4.02
      vertex 163.626 26.6858 4.02
    endloop
  endfacet
  facet normal -0.442315 0.89686 0
    outer loop
      vertex 163.45 26.599 4.02
      vertex 163.626 26.6858 3.52
      vertex 163.45 26.599 3.52
    endloop
  endfacet
  facet normal -0.442315 -0.89686 0
    outer loop
      vertex 163.45 22.601 3.52
      vertex 163.626 22.5142 4.02
      vertex 163.45 22.601 4.02
    endloop
  endfacet
  facet normal -0.442315 -0.89686 -0
    outer loop
      vertex 163.626 22.5142 4.02
      vertex 163.45 22.601 3.52
      vertex 163.626 22.5142 3.52
    endloop
  endfacet
  facet normal -0.752956 0.658071 0
    outer loop
      vertex 163.01 26.2131 3.52
      vertex 163.139 26.3607 4.02
      vertex 163.139 26.3607 3.52
    endloop
  endfacet
  facet normal -0.752956 0.658071 0
    outer loop
      vertex 163.139 26.3607 4.02
      vertex 163.01 26.2131 3.52
      vertex 163.01 26.2131 4.02
    endloop
  endfacet
  facet normal -0.831422 0.555641 0
    outer loop
      vertex 162.901 26.05 3.52
      vertex 163.01 26.2131 4.02
      vertex 163.01 26.2131 3.52
    endloop
  endfacet
  facet normal -0.831422 0.555641 0
    outer loop
      vertex 163.01 26.2131 4.02
      vertex 162.901 26.05 3.52
      vertex 162.901 26.05 4.02
    endloop
  endfacet
  facet normal 0.0651673 -0.997874 0
    outer loop
      vertex 152.2 29 3.52
      vertex 152.396 29.0128 4.02
      vertex 152.2 29 4.02
    endloop
  endfacet
  facet normal 0.0651673 -0.997874 0
    outer loop
      vertex 152.396 29.0128 4.02
      vertex 152.2 29 3.52
      vertex 152.396 29.0128 3.52
    endloop
  endfacet
  facet normal 0.0651673 0.997874 -0
    outer loop
      vertex 152.396 33.3872 3.52
      vertex 152.2 33.4 4.02
      vertex 152.396 33.3872 4.02
    endloop
  endfacet
  facet normal 0.0651673 0.997874 0
    outer loop
      vertex 152.2 33.4 4.02
      vertex 152.396 33.3872 3.52
      vertex 152.2 33.4 3.52
    endloop
  endfacet
  facet normal 1 -0 0
    outer loop
      vertex 153.7 30.5 4.02
      vertex 153.7 31.9 3.52
      vertex 153.7 31.9 4.02
    endloop
  endfacet
  facet normal 1 0 0
    outer loop
      vertex 153.7 31.9 3.52
      vertex 153.7 30.5 4.02
      vertex 153.7 30.5 3.52
    endloop
  endfacet
  facet normal 0.831422 0.555641 0
    outer loop
      vertex 153.499 32.65 4.02
      vertex 153.39 32.8131 3.52
      vertex 153.39 32.8131 4.02
    endloop
  endfacet
  facet normal 0.831422 0.555641 0
    outer loop
      vertex 153.39 32.8131 3.52
      vertex 153.499 32.65 4.02
      vertex 153.499 32.65 3.52
    endloop
  endfacet
  facet normal 0.321264 -0.94699 0
    outer loop
      vertex 152.588 29.0511 3.52
      vertex 152.774 29.1142 4.02
      vertex 152.588 29.0511 4.02
    endloop
  endfacet
  facet normal 0.321264 -0.94699 0
    outer loop
      vertex 152.774 29.1142 4.02
      vertex 152.588 29.0511 3.52
      vertex 152.774 29.1142 3.52
    endloop
  endfacet
  facet normal 0.752956 -0.658071 0
    outer loop
      vertex 153.261 29.4393 4.02
      vertex 153.39 29.5869 3.52
      vertex 153.39 29.5869 4.02
    endloop
  endfacet
  facet normal 0.752956 -0.658071 0
    outer loop
      vertex 153.39 29.5869 3.52
      vertex 153.261 29.4393 4.02
      vertex 153.261 29.4393 3.52
    endloop
  endfacet
  facet normal 0.94704 -0.321117 0
    outer loop
      vertex 153.586 29.926 4.02
      vertex 153.649 30.1118 3.52
      vertex 153.649 30.1118 4.02
    endloop
  endfacet
  facet normal 0.94704 -0.321117 0
    outer loop
      vertex 153.649 30.1118 3.52
      vertex 153.586 29.926 4.02
      vertex 153.586 29.926 3.52
    endloop
  endfacet
  facet normal 0.94704 0.321117 0
    outer loop
      vertex 153.649 32.2882 4.02
      vertex 153.586 32.474 3.52
      vertex 153.586 32.474 4.02
    endloop
  endfacet
  facet normal 0.94704 0.321117 0
    outer loop
      vertex 153.586 32.474 3.52
      vertex 153.649 32.2882 4.02
      vertex 153.649 32.2882 3.52
    endloop
  endfacet
  facet normal 0.657928 0.753081 -0
    outer loop
      vertex 153.261 32.9607 3.52
      vertex 153.113 33.09 4.02
      vertex 153.261 32.9607 4.02
    endloop
  endfacet
  facet normal 0.657928 0.753081 0
    outer loop
      vertex 153.113 33.09 4.02
      vertex 153.261 32.9607 3.52
      vertex 153.113 33.09 3.52
    endloop
  endfacet
  facet normal 0.896455 0.443134 0
    outer loop
      vertex 153.586 32.474 4.02
      vertex 153.499 32.65 3.52
      vertex 153.499 32.65 4.02
    endloop
  endfacet
  facet normal 0.896455 0.443134 0
    outer loop
      vertex 153.499 32.65 3.52
      vertex 153.586 32.474 4.02
      vertex 153.586 32.474 3.52
    endloop
  endfacet
  facet normal 0.555877 -0.831265 0
    outer loop
      vertex 152.95 29.201 3.52
      vertex 153.113 29.31 4.02
      vertex 152.95 29.201 4.02
    endloop
  endfacet
  facet normal 0.555877 -0.831265 0
    outer loop
      vertex 153.113 29.31 4.02
      vertex 152.95 29.201 3.52
      vertex 153.113 29.31 3.52
    endloop
  endfacet
  facet normal 0.831422 -0.555641 0
    outer loop
      vertex 153.39 29.5869 4.02
      vertex 153.499 29.75 3.52
      vertex 153.499 29.75 4.02
    endloop
  endfacet
  facet normal 0.831422 -0.555641 0
    outer loop
      vertex 153.499 29.75 3.52
      vertex 153.39 29.5869 4.02
      vertex 153.39 29.5869 3.52
    endloop
  endfacet
  facet normal 0.555877 0.831265 -0
    outer loop
      vertex 153.113 33.09 3.52
      vertex 152.95 33.199 4.02
      vertex 153.113 33.09 4.02
    endloop
  endfacet
  facet normal 0.555877 0.831265 0
    outer loop
      vertex 152.95 33.199 4.02
      vertex 153.113 33.09 3.52
      vertex 152.95 33.199 3.52
    endloop
  endfacet
  facet normal 0.981049 0.193762 0
    outer loop
      vertex 153.687 32.0958 4.02
      vertex 153.649 32.2882 3.52
      vertex 153.649 32.2882 4.02
    endloop
  endfacet
  facet normal 0.981049 0.193762 0
    outer loop
      vertex 153.649 32.2882 3.52
      vertex 153.687 32.0958 4.02
      vertex 153.687 32.0958 3.52
    endloop
  endfacet
  facet normal 0.896455 -0.443134 0
    outer loop
      vertex 153.499 29.75 4.02
      vertex 153.586 29.926 3.52
      vertex 153.586 29.926 4.02
    endloop
  endfacet
  facet normal 0.896455 -0.443134 0
    outer loop
      vertex 153.586 29.926 3.52
      vertex 153.499 29.75 4.02
      vertex 153.499 29.75 3.52
    endloop
  endfacet
  facet normal 0.997803 0.0662484 0
    outer loop
      vertex 153.7 31.9 4.02
      vertex 153.687 32.0958 3.52
      vertex 153.687 32.0958 4.02
    endloop
  endfacet
  facet normal 0.997803 0.0662484 0
    outer loop
      vertex 153.687 32.0958 3.52
      vertex 153.7 31.9 4.02
      vertex 153.7 31.9 3.52
    endloop
  endfacet
  facet normal 0.442315 -0.89686 0
    outer loop
      vertex 152.774 29.1142 3.52
      vertex 152.95 29.201 4.02
      vertex 152.774 29.1142 4.02
    endloop
  endfacet
  facet normal 0.442315 -0.89686 0
    outer loop
      vertex 152.95 29.201 4.02
      vertex 152.774 29.1142 3.52
      vertex 152.95 29.201 3.52
    endloop
  endfacet
  facet normal 0.195625 0.980679 -0
    outer loop
      vertex 152.588 33.3489 3.52
      vertex 152.396 33.3872 4.02
      vertex 152.588 33.3489 4.02
    endloop
  endfacet
  facet normal 0.195625 0.980679 0
    outer loop
      vertex 152.396 33.3872 4.02
      vertex 152.588 33.3489 3.52
      vertex 152.396 33.3872 3.52
    endloop
  endfacet
  facet normal 0.657928 -0.753081 0
    outer loop
      vertex 153.113 29.31 3.52
      vertex 153.261 29.4393 4.02
      vertex 153.113 29.31 4.02
    endloop
  endfacet
  facet normal 0.657928 -0.753081 0
    outer loop
      vertex 153.261 29.4393 4.02
      vertex 153.113 29.31 3.52
      vertex 153.261 29.4393 3.52
    endloop
  endfacet
  facet normal 0.195625 -0.980679 0
    outer loop
      vertex 152.396 29.0128 3.52
      vertex 152.588 29.0511 4.02
      vertex 152.396 29.0128 4.02
    endloop
  endfacet
  facet normal 0.195625 -0.980679 0
    outer loop
      vertex 152.588 29.0511 4.02
      vertex 152.396 29.0128 3.52
      vertex 152.588 29.0511 3.52
    endloop
  endfacet
  facet normal 0.442315 0.89686 -0
    outer loop
      vertex 152.95 33.199 3.52
      vertex 152.774 33.2858 4.02
      vertex 152.95 33.199 4.02
    endloop
  endfacet
  facet normal 0.442315 0.89686 0
    outer loop
      vertex 152.774 33.2858 4.02
      vertex 152.95 33.199 3.52
      vertex 152.774 33.2858 3.52
    endloop
  endfacet
  facet normal 0.321264 0.94699 -0
    outer loop
      vertex 152.774 33.2858 3.52
      vertex 152.588 33.3489 4.02
      vertex 152.774 33.2858 4.02
    endloop
  endfacet
  facet normal 0.321264 0.94699 0
    outer loop
      vertex 152.588 33.3489 4.02
      vertex 152.774 33.2858 3.52
      vertex 152.588 33.3489 3.52
    endloop
  endfacet
  facet normal 0.997803 -0.0662484 0
    outer loop
      vertex 153.687 30.3042 4.02
      vertex 153.7 30.5 3.52
      vertex 153.7 30.5 4.02
    endloop
  endfacet
  facet normal 0.997803 -0.0662484 0
    outer loop
      vertex 153.7 30.5 3.52
      vertex 153.687 30.3042 4.02
      vertex 153.687 30.3042 3.52
    endloop
  endfacet
  facet normal 0.981049 -0.193762 0
    outer loop
      vertex 153.649 30.1118 4.02
      vertex 153.687 30.3042 3.52
      vertex 153.687 30.3042 4.02
    endloop
  endfacet
  facet normal 0.981049 -0.193762 0
    outer loop
      vertex 153.687 30.3042 3.52
      vertex 153.649 30.1118 4.02
      vertex 153.649 30.1118 3.52
    endloop
  endfacet
  facet normal 0.752956 0.658071 0
    outer loop
      vertex 153.39 32.8131 4.02
      vertex 153.261 32.9607 3.52
      vertex 153.261 32.9607 4.02
    endloop
  endfacet
  facet normal 0.752956 0.658071 0
    outer loop
      vertex 153.261 32.9607 3.52
      vertex 153.39 32.8131 4.02
      vertex 153.39 32.8131 3.52
    endloop
  endfacet
  facet normal -0.0651673 0.997874 0
    outer loop
      vertex 164.2 33.4 3.52
      vertex 164.004 33.3872 4.02
      vertex 164.2 33.4 4.02
    endloop
  endfacet
  facet normal -0.0651673 0.997874 0
    outer loop
      vertex 164.004 33.3872 4.02
      vertex 164.2 33.4 3.52
      vertex 164.004 33.3872 3.52
    endloop
  endfacet
  facet normal -0.981049 0.193762 0
    outer loop
      vertex 162.713 32.0958 3.52
      vertex 162.751 32.2882 4.02
      vertex 162.751 32.2882 3.52
    endloop
  endfacet
  facet normal -0.981049 0.193762 0
    outer loop
      vertex 162.751 32.2882 4.02
      vertex 162.713 32.0958 3.52
      vertex 162.713 32.0958 4.02
    endloop
  endfacet
  facet normal -0.997803 -0.0662484 0
    outer loop
      vertex 162.713 30.3042 3.52
      vertex 162.7 30.5 4.02
      vertex 162.7 30.5 3.52
    endloop
  endfacet
  facet normal -0.997803 -0.0662484 0
    outer loop
      vertex 162.7 30.5 4.02
      vertex 162.713 30.3042 3.52
      vertex 162.713 30.3042 4.02
    endloop
  endfacet
  facet normal -0.0651673 -0.997874 0
    outer loop
      vertex 164.004 29.0128 3.52
      vertex 164.2 29 4.02
      vertex 164.004 29.0128 4.02
    endloop
  endfacet
  facet normal -0.0651673 -0.997874 -0
    outer loop
      vertex 164.2 29 4.02
      vertex 164.004 29.0128 3.52
      vertex 164.2 29 3.52
    endloop
  endfacet
  facet normal -0.195625 -0.980679 0
    outer loop
      vertex 163.812 29.0511 3.52
      vertex 164.004 29.0128 4.02
      vertex 163.812 29.0511 4.02
    endloop
  endfacet
  facet normal -0.195625 -0.980679 -0
    outer loop
      vertex 164.004 29.0128 4.02
      vertex 163.812 29.0511 3.52
      vertex 164.004 29.0128 3.52
    endloop
  endfacet
  facet normal -0.94704 0.321117 0
    outer loop
      vertex 162.751 32.2882 3.52
      vertex 162.814 32.474 4.02
      vertex 162.814 32.474 3.52
    endloop
  endfacet
  facet normal -0.94704 0.321117 0
    outer loop
      vertex 162.814 32.474 4.02
      vertex 162.751 32.2882 3.52
      vertex 162.751 32.2882 4.02
    endloop
  endfacet
  facet normal -0.555877 -0.831265 0
    outer loop
      vertex 163.287 29.31 3.52
      vertex 163.45 29.201 4.02
      vertex 163.287 29.31 4.02
    endloop
  endfacet
  facet normal -0.555877 -0.831265 -0
    outer loop
      vertex 163.45 29.201 4.02
      vertex 163.287 29.31 3.52
      vertex 163.45 29.201 3.52
    endloop
  endfacet
  facet normal -0.981049 -0.193762 0
    outer loop
      vertex 162.751 30.1118 3.52
      vertex 162.713 30.3042 4.02
      vertex 162.713 30.3042 3.52
    endloop
  endfacet
  facet normal -0.981049 -0.193762 0
    outer loop
      vertex 162.713 30.3042 4.02
      vertex 162.751 30.1118 3.52
      vertex 162.751 30.1118 4.02
    endloop
  endfacet
  facet normal -0.831422 -0.555641 0
    outer loop
      vertex 163.01 29.5869 3.52
      vertex 162.901 29.75 4.02
      vertex 162.901 29.75 3.52
    endloop
  endfacet
  facet normal -0.831422 -0.555641 0
    outer loop
      vertex 162.901 29.75 4.02
      vertex 163.01 29.5869 3.52
      vertex 163.01 29.5869 4.02
    endloop
  endfacet
  facet normal -0.94704 -0.321117 0
    outer loop
      vertex 162.814 29.926 3.52
      vertex 162.751 30.1118 4.02
      vertex 162.751 30.1118 3.52
    endloop
  endfacet
  facet normal -0.94704 -0.321117 0
    outer loop
      vertex 162.751 30.1118 4.02
      vertex 162.814 29.926 3.52
      vertex 162.814 29.926 4.02
    endloop
  endfacet
  facet normal -0.657928 0.753081 0
    outer loop
      vertex 163.287 33.09 3.52
      vertex 163.139 32.9607 4.02
      vertex 163.287 33.09 4.02
    endloop
  endfacet
  facet normal -0.657928 0.753081 0
    outer loop
      vertex 163.139 32.9607 4.02
      vertex 163.287 33.09 3.52
      vertex 163.139 32.9607 3.52
    endloop
  endfacet
  facet normal -0.997803 0.0662484 0
    outer loop
      vertex 162.7 31.9 3.52
      vertex 162.713 32.0958 4.02
      vertex 162.713 32.0958 3.52
    endloop
  endfacet
  facet normal -0.997803 0.0662484 0
    outer loop
      vertex 162.713 32.0958 4.02
      vertex 162.7 31.9 3.52
      vertex 162.7 31.9 4.02
    endloop
  endfacet
  facet normal -0.321264 -0.94699 0
    outer loop
      vertex 163.626 29.1142 3.52
      vertex 163.812 29.0511 4.02
      vertex 163.626 29.1142 4.02
    endloop
  endfacet
  facet normal -0.321264 -0.94699 -0
    outer loop
      vertex 163.812 29.0511 4.02
      vertex 163.626 29.1142 3.52
      vertex 163.812 29.0511 3.52
    endloop
  endfacet
  facet normal -0.896455 0.443134 0
    outer loop
      vertex 162.814 32.474 3.52
      vertex 162.901 32.65 4.02
      vertex 162.901 32.65 3.52
    endloop
  endfacet
  facet normal -0.896455 0.443134 0
    outer loop
      vertex 162.901 32.65 4.02
      vertex 162.814 32.474 3.52
      vertex 162.814 32.474 4.02
    endloop
  endfacet
  facet normal -1 0 0
    outer loop
      vertex 162.7 30.5 3.52
      vertex 162.7 31.9 4.02
      vertex 162.7 31.9 3.52
    endloop
  endfacet
  facet normal -1 -0 0
    outer loop
      vertex 162.7 31.9 4.02
      vertex 162.7 30.5 3.52
      vertex 162.7 30.5 4.02
    endloop
  endfacet
  facet normal -0.321264 0.94699 0
    outer loop
      vertex 163.812 33.3489 3.52
      vertex 163.626 33.2858 4.02
      vertex 163.812 33.3489 4.02
    endloop
  endfacet
  facet normal -0.321264 0.94699 0
    outer loop
      vertex 163.626 33.2858 4.02
      vertex 163.812 33.3489 3.52
      vertex 163.626 33.2858 3.52
    endloop
  endfacet
  facet normal -0.657928 -0.753081 0
    outer loop
      vertex 163.139 29.4393 3.52
      vertex 163.287 29.31 4.02
      vertex 163.139 29.4393 4.02
    endloop
  endfacet
  facet normal -0.657928 -0.753081 -0
    outer loop
      vertex 163.287 29.31 4.02
      vertex 163.139 29.4393 3.52
      vertex 163.287 29.31 3.52
    endloop
  endfacet
  facet normal -0.195625 0.980679 0
    outer loop
      vertex 164.004 33.3872 3.52
      vertex 163.812 33.3489 4.02
      vertex 164.004 33.3872 4.02
    endloop
  endfacet
  facet normal -0.195625 0.980679 0
    outer loop
      vertex 163.812 33.3489 4.02
      vertex 164.004 33.3872 3.52
      vertex 163.812 33.3489 3.52
    endloop
  endfacet
  facet normal -0.896455 -0.443134 0
    outer loop
      vertex 162.901 29.75 3.52
      vertex 162.814 29.926 4.02
      vertex 162.814 29.926 3.52
    endloop
  endfacet
  facet normal -0.896455 -0.443134 0
    outer loop
      vertex 162.814 29.926 4.02
      vertex 162.901 29.75 3.52
      vertex 162.901 29.75 4.02
    endloop
  endfacet
  facet normal -0.752956 -0.658071 0
    outer loop
      vertex 163.139 29.4393 3.52
      vertex 163.01 29.5869 4.02
      vertex 163.01 29.5869 3.52
    endloop
  endfacet
  facet normal -0.752956 -0.658071 0
    outer loop
      vertex 163.01 29.5869 4.02
      vertex 163.139 29.4393 3.52
      vertex 163.139 29.4393 4.02
    endloop
  endfacet
  facet normal -0.555877 0.831265 0
    outer loop
      vertex 163.45 33.199 3.52
      vertex 163.287 33.09 4.02
      vertex 163.45 33.199 4.02
    endloop
  endfacet
  facet normal -0.555877 0.831265 0
    outer loop
      vertex 163.287 33.09 4.02
      vertex 163.45 33.199 3.52
      vertex 163.287 33.09 3.52
    endloop
  endfacet
  facet normal -0.442315 0.89686 0
    outer loop
      vertex 163.626 33.2858 3.52
      vertex 163.45 33.199 4.02
      vertex 163.626 33.2858 4.02
    endloop
  endfacet
  facet normal -0.442315 0.89686 0
    outer loop
      vertex 163.45 33.199 4.02
      vertex 163.626 33.2858 3.52
      vertex 163.45 33.199 3.52
    endloop
  endfacet
  facet normal -0.442315 -0.89686 0
    outer loop
      vertex 163.45 29.201 3.52
      vertex 163.626 29.1142 4.02
      vertex 163.45 29.201 4.02
    endloop
  endfacet
  facet normal -0.442315 -0.89686 -0
    outer loop
      vertex 163.626 29.1142 4.02
      vertex 163.45 29.201 3.52
      vertex 163.626 29.1142 3.52
    endloop
  endfacet
  facet normal -0.752956 0.658071 0
    outer loop
      vertex 163.01 32.8131 3.52
      vertex 163.139 32.9607 4.02
      vertex 163.139 32.9607 3.52
    endloop
  endfacet
  facet normal -0.752956 0.658071 0
    outer loop
      vertex 163.139 32.9607 4.02
      vertex 163.01 32.8131 3.52
      vertex 163.01 32.8131 4.02
    endloop
  endfacet
  facet normal -0.831422 0.555641 0
    outer loop
      vertex 162.901 32.65 3.52
      vertex 163.01 32.8131 4.02
      vertex 163.01 32.8131 3.52
    endloop
  endfacet
  facet normal -0.831422 0.555641 0
    outer loop
      vertex 163.01 32.8131 4.02
      vertex 162.901 32.65 3.52
      vertex 162.901 32.65 4.02
    endloop
  endfacet
  facet normal 0.0651673 -0.997874 0
    outer loop
      vertex 152.2 35.6 3.52
      vertex 152.396 35.6128 4.02
      vertex 152.2 35.6 4.02
    endloop
  endfacet
  facet normal 0.0651673 -0.997874 0
    outer loop
      vertex 152.396 35.6128 4.02
      vertex 152.2 35.6 3.52
      vertex 152.396 35.6128 3.52
    endloop
  endfacet
  facet normal 0.0651673 0.997874 -0
    outer loop
      vertex 152.396 39.9872 3.52
      vertex 152.2 40 4.02
      vertex 152.396 39.9872 4.02
    endloop
  endfacet
  facet normal 0.0651673 0.997874 0
    outer loop
      vertex 152.2 40 4.02
      vertex 152.396 39.9872 3.52
      vertex 152.2 40 3.52
    endloop
  endfacet
  facet normal 1 -0 0
    outer loop
      vertex 153.7 37.1 4.02
      vertex 153.7 38.5 3.52
      vertex 153.7 38.5 4.02
    endloop
  endfacet
  facet normal 1 0 0
    outer loop
      vertex 153.7 38.5 3.52
      vertex 153.7 37.1 4.02
      vertex 153.7 37.1 3.52
    endloop
  endfacet
  facet normal 0.831422 0.555641 0
    outer loop
      vertex 153.499 39.25 4.02
      vertex 153.39 39.4131 3.52
      vertex 153.39 39.4131 4.02
    endloop
  endfacet
  facet normal 0.831422 0.555641 0
    outer loop
      vertex 153.39 39.4131 3.52
      vertex 153.499 39.25 4.02
      vertex 153.499 39.25 3.52
    endloop
  endfacet
  facet normal 0.321264 -0.94699 0
    outer loop
      vertex 152.588 35.6511 3.52
      vertex 152.774 35.7142 4.02
      vertex 152.588 35.6511 4.02
    endloop
  endfacet
  facet normal 0.321264 -0.94699 0
    outer loop
      vertex 152.774 35.7142 4.02
      vertex 152.588 35.6511 3.52
      vertex 152.774 35.7142 3.52
    endloop
  endfacet
  facet normal 0.752956 -0.658071 0
    outer loop
      vertex 153.261 36.0393 4.02
      vertex 153.39 36.1869 3.52
      vertex 153.39 36.1869 4.02
    endloop
  endfacet
  facet normal 0.752956 -0.658071 0
    outer loop
      vertex 153.39 36.1869 3.52
      vertex 153.261 36.0393 4.02
      vertex 153.261 36.0393 3.52
    endloop
  endfacet
  facet normal 0.94704 -0.321117 0
    outer loop
      vertex 153.586 36.526 4.02
      vertex 153.649 36.7118 3.52
      vertex 153.649 36.7118 4.02
    endloop
  endfacet
  facet normal 0.94704 -0.321117 0
    outer loop
      vertex 153.649 36.7118 3.52
      vertex 153.586 36.526 4.02
      vertex 153.586 36.526 3.52
    endloop
  endfacet
  facet normal 0.94704 0.321117 0
    outer loop
      vertex 153.649 38.8882 4.02
      vertex 153.586 39.074 3.52
      vertex 153.586 39.074 4.02
    endloop
  endfacet
  facet normal 0.94704 0.321117 0
    outer loop
      vertex 153.586 39.074 3.52
      vertex 153.649 38.8882 4.02
      vertex 153.649 38.8882 3.52
    endloop
  endfacet
  facet normal 0.657928 0.753081 -0
    outer loop
      vertex 153.261 39.5607 3.52
      vertex 153.113 39.69 4.02
      vertex 153.261 39.5607 4.02
    endloop
  endfacet
  facet normal 0.657928 0.753081 0
    outer loop
      vertex 153.113 39.69 4.02
      vertex 153.261 39.5607 3.52
      vertex 153.113 39.69 3.52
    endloop
  endfacet
  facet normal 0.896455 0.443134 0
    outer loop
      vertex 153.586 39.074 4.02
      vertex 153.499 39.25 3.52
      vertex 153.499 39.25 4.02
    endloop
  endfacet
  facet normal 0.896455 0.443134 0
    outer loop
      vertex 153.499 39.25 3.52
      vertex 153.586 39.074 4.02
      vertex 153.586 39.074 3.52
    endloop
  endfacet
  facet normal 0.555877 -0.831265 0
    outer loop
      vertex 152.95 35.801 3.52
      vertex 153.113 35.91 4.02
      vertex 152.95 35.801 4.02
    endloop
  endfacet
  facet normal 0.555877 -0.831265 0
    outer loop
      vertex 153.113 35.91 4.02
      vertex 152.95 35.801 3.52
      vertex 153.113 35.91 3.52
    endloop
  endfacet
  facet normal 0.321264 0.94699 -0
    outer loop
      vertex 152.774 39.8858 3.52
      vertex 152.588 39.9489 4.02
      vertex 152.774 39.8858 4.02
    endloop
  endfacet
  facet normal 0.321264 0.94699 0
    outer loop
      vertex 152.588 39.9489 4.02
      vertex 152.774 39.8858 3.52
      vertex 152.588 39.9489 3.52
    endloop
  endfacet
  facet normal 0.981049 -0.193762 0
    outer loop
      vertex 153.649 36.7118 4.02
      vertex 153.687 36.9042 3.52
      vertex 153.687 36.9042 4.02
    endloop
  endfacet
  facet normal 0.981049 -0.193762 0
    outer loop
      vertex 153.687 36.9042 3.52
      vertex 153.649 36.7118 4.02
      vertex 153.649 36.7118 3.52
    endloop
  endfacet
  facet normal 0.831422 -0.555641 0
    outer loop
      vertex 153.39 36.1869 4.02
      vertex 153.499 36.35 3.52
      vertex 153.499 36.35 4.02
    endloop
  endfacet
  facet normal 0.831422 -0.555641 0
    outer loop
      vertex 153.499 36.35 3.52
      vertex 153.39 36.1869 4.02
      vertex 153.39 36.1869 3.52
    endloop
  endfacet
  facet normal 0.555877 0.831265 -0
    outer loop
      vertex 153.113 39.69 3.52
      vertex 152.95 39.799 4.02
      vertex 153.113 39.69 4.02
    endloop
  endfacet
  facet normal 0.555877 0.831265 0
    outer loop
      vertex 152.95 39.799 4.02
      vertex 153.113 39.69 3.52
      vertex 152.95 39.799 3.52
    endloop
  endfacet
  facet normal 0.981049 0.193762 0
    outer loop
      vertex 153.687 38.6958 4.02
      vertex 153.649 38.8882 3.52
      vertex 153.649 38.8882 4.02
    endloop
  endfacet
  facet normal 0.981049 0.193762 0
    outer loop
      vertex 153.649 38.8882 3.52
      vertex 153.687 38.6958 4.02
      vertex 153.687 38.6958 3.52
    endloop
  endfacet
  facet normal 0.896455 -0.443134 0
    outer loop
      vertex 153.499 36.35 4.02
      vertex 153.586 36.526 3.52
      vertex 153.586 36.526 4.02
    endloop
  endfacet
  facet normal 0.896455 -0.443134 0
    outer loop
      vertex 153.586 36.526 3.52
      vertex 153.499 36.35 4.02
      vertex 153.499 36.35 3.52
    endloop
  endfacet
  facet normal 0.997803 0.0662484 0
    outer loop
      vertex 153.7 38.5 4.02
      vertex 153.687 38.6958 3.52
      vertex 153.687 38.6958 4.02
    endloop
  endfacet
  facet normal 0.997803 0.0662484 0
    outer loop
      vertex 153.687 38.6958 3.52
      vertex 153.7 38.5 4.02
      vertex 153.7 38.5 3.52
    endloop
  endfacet
  facet normal 0.442315 -0.89686 0
    outer loop
      vertex 152.774 35.7142 3.52
      vertex 152.95 35.801 4.02
      vertex 152.774 35.7142 4.02
    endloop
  endfacet
  facet normal 0.442315 -0.89686 0
    outer loop
      vertex 152.95 35.801 4.02
      vertex 152.774 35.7142 3.52
      vertex 152.95 35.801 3.52
    endloop
  endfacet
  facet normal 0.195625 0.980679 -0
    outer loop
      vertex 152.588 39.9489 3.52
      vertex 152.396 39.9872 4.02
      vertex 152.588 39.9489 4.02
    endloop
  endfacet
  facet normal 0.195625 0.980679 0
    outer loop
      vertex 152.396 39.9872 4.02
      vertex 152.588 39.9489 3.52
      vertex 152.396 39.9872 3.52
    endloop
  endfacet
  facet normal 0.657928 -0.753081 0
    outer loop
      vertex 153.113 35.91 3.52
      vertex 153.261 36.0393 4.02
      vertex 153.113 35.91 4.02
    endloop
  endfacet
  facet normal 0.657928 -0.753081 0
    outer loop
      vertex 153.261 36.0393 4.02
      vertex 153.113 35.91 3.52
      vertex 153.261 36.0393 3.52
    endloop
  endfacet
  facet normal 0.195625 -0.980679 0
    outer loop
      vertex 152.396 35.6128 3.52
      vertex 152.588 35.6511 4.02
      vertex 152.396 35.6128 4.02
    endloop
  endfacet
  facet normal 0.195625 -0.980679 0
    outer loop
      vertex 152.588 35.6511 4.02
      vertex 152.396 35.6128 3.52
      vertex 152.588 35.6511 3.52
    endloop
  endfacet
  facet normal 0.442315 0.89686 -0
    outer loop
      vertex 152.95 39.799 3.52
      vertex 152.774 39.8858 4.02
      vertex 152.95 39.799 4.02
    endloop
  endfacet
  facet normal 0.442315 0.89686 0
    outer loop
      vertex 152.774 39.8858 4.02
      vertex 152.95 39.799 3.52
      vertex 152.774 39.8858 3.52
    endloop
  endfacet
  facet normal 0.997803 -0.0662484 0
    outer loop
      vertex 153.687 36.9042 4.02
      vertex 153.7 37.1 3.52
      vertex 153.7 37.1 4.02
    endloop
  endfacet
  facet normal 0.997803 -0.0662484 0
    outer loop
      vertex 153.7 37.1 3.52
      vertex 153.687 36.9042 4.02
      vertex 153.687 36.9042 3.52
    endloop
  endfacet
  facet normal 0.752956 0.658071 0
    outer loop
      vertex 153.39 39.4131 4.02
      vertex 153.261 39.5607 3.52
      vertex 153.261 39.5607 4.02
    endloop
  endfacet
  facet normal 0.752956 0.658071 0
    outer loop
      vertex 153.261 39.5607 3.52
      vertex 153.39 39.4131 4.02
      vertex 153.39 39.4131 3.52
    endloop
  endfacet
  facet normal -0.0651673 0.997874 0
    outer loop
      vertex 164.2 40 3.52
      vertex 164.004 39.9872 4.02
      vertex 164.2 40 4.02
    endloop
  endfacet
  facet normal -0.0651673 0.997874 0
    outer loop
      vertex 164.004 39.9872 4.02
      vertex 164.2 40 3.52
      vertex 164.004 39.9872 3.52
    endloop
  endfacet
  facet normal -0.981049 0.193762 0
    outer loop
      vertex 162.713 38.6958 3.52
      vertex 162.751 38.8882 4.02
      vertex 162.751 38.8882 3.52
    endloop
  endfacet
  facet normal -0.981049 0.193762 0
    outer loop
      vertex 162.751 38.8882 4.02
      vertex 162.713 38.6958 3.52
      vertex 162.713 38.6958 4.02
    endloop
  endfacet
  facet normal -0.997803 -0.0662484 0
    outer loop
      vertex 162.713 36.9042 3.52
      vertex 162.7 37.1 4.02
      vertex 162.7 37.1 3.52
    endloop
  endfacet
  facet normal -0.997803 -0.0662484 0
    outer loop
      vertex 162.7 37.1 4.02
      vertex 162.713 36.9042 3.52
      vertex 162.713 36.9042 4.02
    endloop
  endfacet
  facet normal -0.0651673 -0.997874 0
    outer loop
      vertex 164.004 35.6128 3.52
      vertex 164.2 35.6 4.02
      vertex 164.004 35.6128 4.02
    endloop
  endfacet
  facet normal -0.0651673 -0.997874 -0
    outer loop
      vertex 164.2 35.6 4.02
      vertex 164.004 35.6128 3.52
      vertex 164.2 35.6 3.52
    endloop
  endfacet
  facet normal -0.195625 -0.980679 0
    outer loop
      vertex 163.812 35.6511 3.52
      vertex 164.004 35.6128 4.02
      vertex 163.812 35.6511 4.02
    endloop
  endfacet
  facet normal -0.195625 -0.980679 -0
    outer loop
      vertex 164.004 35.6128 4.02
      vertex 163.812 35.6511 3.52
      vertex 164.004 35.6128 3.52
    endloop
  endfacet
  facet normal -0.94704 0.321117 0
    outer loop
      vertex 162.751 38.8882 3.52
      vertex 162.814 39.074 4.02
      vertex 162.814 39.074 3.52
    endloop
  endfacet
  facet normal -0.94704 0.321117 0
    outer loop
      vertex 162.814 39.074 4.02
      vertex 162.751 38.8882 3.52
      vertex 162.751 38.8882 4.02
    endloop
  endfacet
  facet normal -0.555877 -0.831265 0
    outer loop
      vertex 163.287 35.91 3.52
      vertex 163.45 35.801 4.02
      vertex 163.287 35.91 4.02
    endloop
  endfacet
  facet normal -0.555877 -0.831265 -0
    outer loop
      vertex 163.45 35.801 4.02
      vertex 163.287 35.91 3.52
      vertex 163.45 35.801 3.52
    endloop
  endfacet
  facet normal -0.981049 -0.193762 0
    outer loop
      vertex 162.751 36.7118 3.52
      vertex 162.713 36.9042 4.02
      vertex 162.713 36.9042 3.52
    endloop
  endfacet
  facet normal -0.981049 -0.193762 0
    outer loop
      vertex 162.713 36.9042 4.02
      vertex 162.751 36.7118 3.52
      vertex 162.751 36.7118 4.02
    endloop
  endfacet
  facet normal -0.831422 -0.555641 0
    outer loop
      vertex 163.01 36.1869 3.52
      vertex 162.901 36.35 4.02
      vertex 162.901 36.35 3.52
    endloop
  endfacet
  facet normal -0.831422 -0.555641 0
    outer loop
      vertex 162.901 36.35 4.02
      vertex 163.01 36.1869 3.52
      vertex 163.01 36.1869 4.02
    endloop
  endfacet
  facet normal -0.94704 -0.321117 0
    outer loop
      vertex 162.814 36.526 3.52
      vertex 162.751 36.7118 4.02
      vertex 162.751 36.7118 3.52
    endloop
  endfacet
  facet normal -0.94704 -0.321117 0
    outer loop
      vertex 162.751 36.7118 4.02
      vertex 162.814 36.526 3.52
      vertex 162.814 36.526 4.02
    endloop
  endfacet
  facet normal -0.657928 0.753081 0
    outer loop
      vertex 163.287 39.69 3.52
      vertex 163.139 39.5607 4.02
      vertex 163.287 39.69 4.02
    endloop
  endfacet
  facet normal -0.657928 0.753081 0
    outer loop
      vertex 163.139 39.5607 4.02
      vertex 163.287 39.69 3.52
      vertex 163.139 39.5607 3.52
    endloop
  endfacet
  facet normal -0.997803 0.0662484 0
    outer loop
      vertex 162.7 38.5 3.52
      vertex 162.713 38.6958 4.02
      vertex 162.713 38.6958 3.52
    endloop
  endfacet
  facet normal -0.997803 0.0662484 0
    outer loop
      vertex 162.713 38.6958 4.02
      vertex 162.7 38.5 3.52
      vertex 162.7 38.5 4.02
    endloop
  endfacet
  facet normal -0.321264 -0.94699 0
    outer loop
      vertex 163.626 35.7142 3.52
      vertex 163.812 35.6511 4.02
      vertex 163.626 35.7142 4.02
    endloop
  endfacet
  facet normal -0.321264 -0.94699 -0
    outer loop
      vertex 163.812 35.6511 4.02
      vertex 163.626 35.7142 3.52
      vertex 163.812 35.6511 3.52
    endloop
  endfacet
  facet normal -0.896455 0.443134 0
    outer loop
      vertex 162.814 39.074 3.52
      vertex 162.901 39.25 4.02
      vertex 162.901 39.25 3.52
    endloop
  endfacet
  facet normal -0.896455 0.443134 0
    outer loop
      vertex 162.901 39.25 4.02
      vertex 162.814 39.074 3.52
      vertex 162.814 39.074 4.02
    endloop
  endfacet
  facet normal -1 0 0
    outer loop
      vertex 162.7 37.1 3.52
      vertex 162.7 38.5 4.02
      vertex 162.7 38.5 3.52
    endloop
  endfacet
  facet normal -1 -0 0
    outer loop
      vertex 162.7 38.5 4.02
      vertex 162.7 37.1 3.52
      vertex 162.7 37.1 4.02
    endloop
  endfacet
  facet normal -0.321264 0.94699 0
    outer loop
      vertex 163.812 39.9489 3.52
      vertex 163.626 39.8858 4.02
      vertex 163.812 39.9489 4.02
    endloop
  endfacet
  facet normal -0.321264 0.94699 0
    outer loop
      vertex 163.626 39.8858 4.02
      vertex 163.812 39.9489 3.52
      vertex 163.626 39.8858 3.52
    endloop
  endfacet
  facet normal -0.657928 -0.753081 0
    outer loop
      vertex 163.139 36.0393 3.52
      vertex 163.287 35.91 4.02
      vertex 163.139 36.0393 4.02
    endloop
  endfacet
  facet normal -0.657928 -0.753081 -0
    outer loop
      vertex 163.287 35.91 4.02
      vertex 163.139 36.0393 3.52
      vertex 163.287 35.91 3.52
    endloop
  endfacet
  facet normal -0.195625 0.980679 0
    outer loop
      vertex 164.004 39.9872 3.52
      vertex 163.812 39.9489 4.02
      vertex 164.004 39.9872 4.02
    endloop
  endfacet
  facet normal -0.195625 0.980679 0
    outer loop
      vertex 163.812 39.9489 4.02
      vertex 164.004 39.9872 3.52
      vertex 163.812 39.9489 3.52
    endloop
  endfacet
  facet normal -0.896455 -0.443134 0
    outer loop
      vertex 162.901 36.35 3.52
      vertex 162.814 36.526 4.02
      vertex 162.814 36.526 3.52
    endloop
  endfacet
  facet normal -0.896455 -0.443134 0
    outer loop
      vertex 162.814 36.526 4.02
      vertex 162.901 36.35 3.52
      vertex 162.901 36.35 4.02
    endloop
  endfacet
  facet normal -0.752956 -0.658071 0
    outer loop
      vertex 163.139 36.0393 3.52
      vertex 163.01 36.1869 4.02
      vertex 163.01 36.1869 3.52
    endloop
  endfacet
  facet normal -0.752956 -0.658071 0
    outer loop
      vertex 163.01 36.1869 4.02
      vertex 163.139 36.0393 3.52
      vertex 163.139 36.0393 4.02
    endloop
  endfacet
  facet normal -0.442315 0.89686 0
    outer loop
      vertex 163.626 39.8858 3.52
      vertex 163.45 39.799 4.02
      vertex 163.626 39.8858 4.02
    endloop
  endfacet
  facet normal -0.442315 0.89686 0
    outer loop
      vertex 163.45 39.799 4.02
      vertex 163.626 39.8858 3.52
      vertex 163.45 39.799 3.52
    endloop
  endfacet
  facet normal -0.442315 -0.89686 0
    outer loop
      vertex 163.45 35.801 3.52
      vertex 163.626 35.7142 4.02
      vertex 163.45 35.801 4.02
    endloop
  endfacet
  facet normal -0.442315 -0.89686 -0
    outer loop
      vertex 163.626 35.7142 4.02
      vertex 163.45 35.801 3.52
      vertex 163.626 35.7142 3.52
    endloop
  endfacet
  facet normal -0.752956 0.658071 0
    outer loop
      vertex 163.01 39.4131 3.52
      vertex 163.139 39.5607 4.02
      vertex 163.139 39.5607 3.52
    endloop
  endfacet
  facet normal -0.752956 0.658071 0
    outer loop
      vertex 163.139 39.5607 4.02
      vertex 163.01 39.4131 3.52
      vertex 163.01 39.4131 4.02
    endloop
  endfacet
  facet normal -0.555877 0.831265 0
    outer loop
      vertex 163.45 39.799 3.52
      vertex 163.287 39.69 4.02
      vertex 163.45 39.799 4.02
    endloop
  endfacet
  facet normal -0.555877 0.831265 0
    outer loop
      vertex 163.287 39.69 4.02
      vertex 163.45 39.799 3.52
      vertex 163.287 39.69 3.52
    endloop
  endfacet
  facet normal -0.831422 0.555641 0
    outer loop
      vertex 162.901 39.25 3.52
      vertex 163.01 39.4131 4.02
      vertex 163.01 39.4131 3.52
    endloop
  endfacet
  facet normal -0.831422 0.555641 0
    outer loop
      vertex 163.01 39.4131 4.02
      vertex 162.901 39.25 3.52
      vertex 162.901 39.25 4.02
    endloop
  endfacet
  facet normal 0.0651673 -0.997874 0
    outer loop
      vertex 152.2 42.2 3.52
      vertex 152.396 42.2128 4.02
      vertex 152.2 42.2 4.02
    endloop
  endfacet
  facet normal 0.0651673 -0.997874 0
    outer loop
      vertex 152.396 42.2128 4.02
      vertex 152.2 42.2 3.52
      vertex 152.396 42.2128 3.52
    endloop
  endfacet
  facet normal 0.0651673 0.997874 -0
    outer loop
      vertex 152.396 46.5872 3.52
      vertex 152.2 46.6 4.02
      vertex 152.396 46.5872 4.02
    endloop
  endfacet
  facet normal 0.0651673 0.997874 0
    outer loop
      vertex 152.2 46.6 4.02
      vertex 152.396 46.5872 3.52
      vertex 152.2 46.6 3.52
    endloop
  endfacet
  facet normal 1 -0 0
    outer loop
      vertex 153.7 43.7 4.02
      vertex 153.7 45.1 3.52
      vertex 153.7 45.1 4.02
    endloop
  endfacet
  facet normal 1 0 0
    outer loop
      vertex 153.7 45.1 3.52
      vertex 153.7 43.7 4.02
      vertex 153.7 43.7 3.52
    endloop
  endfacet
  facet normal 0.657928 -0.753081 0
    outer loop
      vertex 153.113 42.51 3.52
      vertex 153.261 42.6393 4.02
      vertex 153.113 42.51 4.02
    endloop
  endfacet
  facet normal 0.657928 -0.753081 0
    outer loop
      vertex 153.261 42.6393 4.02
      vertex 153.113 42.51 3.52
      vertex 153.261 42.6393 3.52
    endloop
  endfacet
  facet normal 0.831422 0.555641 0
    outer loop
      vertex 153.499 45.85 4.02
      vertex 153.39 46.0131 3.52
      vertex 153.39 46.0131 4.02
    endloop
  endfacet
  facet normal 0.831422 0.555641 0
    outer loop
      vertex 153.39 46.0131 3.52
      vertex 153.499 45.85 4.02
      vertex 153.499 45.85 3.52
    endloop
  endfacet
  facet normal 0.321264 -0.94699 0
    outer loop
      vertex 152.588 42.2511 3.52
      vertex 152.774 42.3142 4.02
      vertex 152.588 42.2511 4.02
    endloop
  endfacet
  facet normal 0.321264 -0.94699 0
    outer loop
      vertex 152.774 42.3142 4.02
      vertex 152.588 42.2511 3.52
      vertex 152.774 42.3142 3.52
    endloop
  endfacet
  facet normal 0.752956 -0.658071 0
    outer loop
      vertex 153.261 42.6393 4.02
      vertex 153.39 42.7869 3.52
      vertex 153.39 42.7869 4.02
    endloop
  endfacet
  facet normal 0.752956 -0.658071 0
    outer loop
      vertex 153.39 42.7869 3.52
      vertex 153.261 42.6393 4.02
      vertex 153.261 42.6393 3.52
    endloop
  endfacet
  facet normal 0.94704 -0.321117 0
    outer loop
      vertex 153.586 43.126 4.02
      vertex 153.649 43.3118 3.52
      vertex 153.649 43.3118 4.02
    endloop
  endfacet
  facet normal 0.94704 -0.321117 0
    outer loop
      vertex 153.649 43.3118 3.52
      vertex 153.586 43.126 4.02
      vertex 153.586 43.126 3.52
    endloop
  endfacet
  facet normal 0.94704 0.321117 0
    outer loop
      vertex 153.649 45.4882 4.02
      vertex 153.586 45.674 3.52
      vertex 153.586 45.674 4.02
    endloop
  endfacet
  facet normal 0.94704 0.321117 0
    outer loop
      vertex 153.586 45.674 3.52
      vertex 153.649 45.4882 4.02
      vertex 153.649 45.4882 3.52
    endloop
  endfacet
  facet normal 0.657928 0.753081 -0
    outer loop
      vertex 153.261 46.1607 3.52
      vertex 153.113 46.29 4.02
      vertex 153.261 46.1607 4.02
    endloop
  endfacet
  facet normal 0.657928 0.753081 0
    outer loop
      vertex 153.113 46.29 4.02
      vertex 153.261 46.1607 3.52
      vertex 153.113 46.29 3.52
    endloop
  endfacet
  facet normal 0.896455 0.443134 0
    outer loop
      vertex 153.586 45.674 4.02
      vertex 153.499 45.85 3.52
      vertex 153.499 45.85 4.02
    endloop
  endfacet
  facet normal 0.896455 0.443134 0
    outer loop
      vertex 153.499 45.85 3.52
      vertex 153.586 45.674 4.02
      vertex 153.586 45.674 3.52
    endloop
  endfacet
  facet normal 0.555877 -0.831265 0
    outer loop
      vertex 152.95 42.401 3.52
      vertex 153.113 42.51 4.02
      vertex 152.95 42.401 4.02
    endloop
  endfacet
  facet normal 0.555877 -0.831265 0
    outer loop
      vertex 153.113 42.51 4.02
      vertex 152.95 42.401 3.52
      vertex 153.113 42.51 3.52
    endloop
  endfacet
  facet normal 0.321264 0.94699 -0
    outer loop
      vertex 152.774 46.4858 3.52
      vertex 152.588 46.5489 4.02
      vertex 152.774 46.4858 4.02
    endloop
  endfacet
  facet normal 0.321264 0.94699 0
    outer loop
      vertex 152.588 46.5489 4.02
      vertex 152.774 46.4858 3.52
      vertex 152.588 46.5489 3.52
    endloop
  endfacet
  facet normal 0.981049 -0.193762 0
    outer loop
      vertex 153.649 43.3118 4.02
      vertex 153.687 43.5042 3.52
      vertex 153.687 43.5042 4.02
    endloop
  endfacet
  facet normal 0.981049 -0.193762 0
    outer loop
      vertex 153.687 43.5042 3.52
      vertex 153.649 43.3118 4.02
      vertex 153.649 43.3118 3.52
    endloop
  endfacet
  facet normal 0.831422 -0.555641 0
    outer loop
      vertex 153.39 42.7869 4.02
      vertex 153.499 42.95 3.52
      vertex 153.499 42.95 4.02
    endloop
  endfacet
  facet normal 0.831422 -0.555641 0
    outer loop
      vertex 153.499 42.95 3.52
      vertex 153.39 42.7869 4.02
      vertex 153.39 42.7869 3.52
    endloop
  endfacet
  facet normal 0.555877 0.831265 -0
    outer loop
      vertex 153.113 46.29 3.52
      vertex 152.95 46.399 4.02
      vertex 153.113 46.29 4.02
    endloop
  endfacet
  facet normal 0.555877 0.831265 0
    outer loop
      vertex 152.95 46.399 4.02
      vertex 153.113 46.29 3.52
      vertex 152.95 46.399 3.52
    endloop
  endfacet
  facet normal 0.981049 0.193762 0
    outer loop
      vertex 153.687 45.2958 4.02
      vertex 153.649 45.4882 3.52
      vertex 153.649 45.4882 4.02
    endloop
  endfacet
  facet normal 0.981049 0.193762 0
    outer loop
      vertex 153.649 45.4882 3.52
      vertex 153.687 45.2958 4.02
      vertex 153.687 45.2958 3.52
    endloop
  endfacet
  facet normal 0.896455 -0.443134 0
    outer loop
      vertex 153.499 42.95 4.02
      vertex 153.586 43.126 3.52
      vertex 153.586 43.126 4.02
    endloop
  endfacet
  facet normal 0.896455 -0.443134 0
    outer loop
      vertex 153.586 43.126 3.52
      vertex 153.499 42.95 4.02
      vertex 153.499 42.95 3.52
    endloop
  endfacet
  facet normal 0.442315 -0.89686 0
    outer loop
      vertex 152.774 42.3142 3.52
      vertex 152.95 42.401 4.02
      vertex 152.774 42.3142 4.02
    endloop
  endfacet
  facet normal 0.442315 -0.89686 0
    outer loop
      vertex 152.95 42.401 4.02
      vertex 152.774 42.3142 3.52
      vertex 152.95 42.401 3.52
    endloop
  endfacet
  facet normal 0.195625 0.980679 -0
    outer loop
      vertex 152.588 46.5489 3.52
      vertex 152.396 46.5872 4.02
      vertex 152.588 46.5489 4.02
    endloop
  endfacet
  facet normal 0.195625 0.980679 0
    outer loop
      vertex 152.396 46.5872 4.02
      vertex 152.588 46.5489 3.52
      vertex 152.396 46.5872 3.52
    endloop
  endfacet
  facet normal 0.195625 -0.980679 0
    outer loop
      vertex 152.396 42.2128 3.52
      vertex 152.588 42.2511 4.02
      vertex 152.396 42.2128 4.02
    endloop
  endfacet
  facet normal 0.195625 -0.980679 0
    outer loop
      vertex 152.588 42.2511 4.02
      vertex 152.396 42.2128 3.52
      vertex 152.588 42.2511 3.52
    endloop
  endfacet
  facet normal 0.442315 0.89686 -0
    outer loop
      vertex 152.95 46.399 3.52
      vertex 152.774 46.4858 4.02
      vertex 152.95 46.399 4.02
    endloop
  endfacet
  facet normal 0.442315 0.89686 0
    outer loop
      vertex 152.774 46.4858 4.02
      vertex 152.95 46.399 3.52
      vertex 152.774 46.4858 3.52
    endloop
  endfacet
  facet normal 0.997803 0.0662484 0
    outer loop
      vertex 153.7 45.1 4.02
      vertex 153.687 45.2958 3.52
      vertex 153.687 45.2958 4.02
    endloop
  endfacet
  facet normal 0.997803 0.0662484 0
    outer loop
      vertex 153.687 45.2958 3.52
      vertex 153.7 45.1 4.02
      vertex 153.7 45.1 3.52
    endloop
  endfacet
  facet normal 0.997803 -0.0662484 0
    outer loop
      vertex 153.687 43.5042 4.02
      vertex 153.7 43.7 3.52
      vertex 153.7 43.7 4.02
    endloop
  endfacet
  facet normal 0.997803 -0.0662484 0
    outer loop
      vertex 153.7 43.7 3.52
      vertex 153.687 43.5042 4.02
      vertex 153.687 43.5042 3.52
    endloop
  endfacet
  facet normal 0.752956 0.658071 0
    outer loop
      vertex 153.39 46.0131 4.02
      vertex 153.261 46.1607 3.52
      vertex 153.261 46.1607 4.02
    endloop
  endfacet
  facet normal 0.752956 0.658071 0
    outer loop
      vertex 153.261 46.1607 3.52
      vertex 153.39 46.0131 4.02
      vertex 153.39 46.0131 3.52
    endloop
  endfacet
  facet normal -0.195625 -0.980679 0
    outer loop
      vertex 163.812 42.2511 3.52
      vertex 164.004 42.2128 4.02
      vertex 163.812 42.2511 4.02
    endloop
  endfacet
  facet normal -0.195625 -0.980679 -0
    outer loop
      vertex 164.004 42.2128 4.02
      vertex 163.812 42.2511 3.52
      vertex 164.004 42.2128 3.52
    endloop
  endfacet
  facet normal -0.657928 0.753081 0
    outer loop
      vertex 163.287 46.29 3.52
      vertex 163.139 46.1607 4.02
      vertex 163.287 46.29 4.02
    endloop
  endfacet
  facet normal -0.657928 0.753081 0
    outer loop
      vertex 163.139 46.1607 4.02
      vertex 163.287 46.29 3.52
      vertex 163.139 46.1607 3.52
    endloop
  endfacet
  facet normal -0.0651673 -0.997874 0
    outer loop
      vertex 164.004 42.2128 3.52
      vertex 164.2 42.2 4.02
      vertex 164.004 42.2128 4.02
    endloop
  endfacet
  facet normal -0.0651673 -0.997874 -0
    outer loop
      vertex 164.2 42.2 4.02
      vertex 164.004 42.2128 3.52
      vertex 164.2 42.2 3.52
    endloop
  endfacet
  facet normal -0.997803 -0.0662484 0
    outer loop
      vertex 162.713 43.5042 3.52
      vertex 162.7 43.7 4.02
      vertex 162.7 43.7 3.52
    endloop
  endfacet
  facet normal -0.997803 -0.0662484 0
    outer loop
      vertex 162.7 43.7 4.02
      vertex 162.713 43.5042 3.52
      vertex 162.713 43.5042 4.02
    endloop
  endfacet
  facet normal -0.0651673 0.997874 0
    outer loop
      vertex 164.2 46.6 3.52
      vertex 164.004 46.5872 4.02
      vertex 164.2 46.6 4.02
    endloop
  endfacet
  facet normal -0.0651673 0.997874 0
    outer loop
      vertex 164.004 46.5872 4.02
      vertex 164.2 46.6 3.52
      vertex 164.004 46.5872 3.52
    endloop
  endfacet
  facet normal -0.981049 0.193762 0
    outer loop
      vertex 162.713 45.2958 3.52
      vertex 162.751 45.4882 4.02
      vertex 162.751 45.4882 3.52
    endloop
  endfacet
  facet normal -0.981049 0.193762 0
    outer loop
      vertex 162.751 45.4882 4.02
      vertex 162.713 45.2958 3.52
      vertex 162.713 45.2958 4.02
    endloop
  endfacet
  facet normal -0.831422 0.555641 0
    outer loop
      vertex 162.901 45.85 3.52
      vertex 163.01 46.0131 4.02
      vertex 163.01 46.0131 3.52
    endloop
  endfacet
  facet normal -0.831422 0.555641 0
    outer loop
      vertex 163.01 46.0131 4.02
      vertex 162.901 45.85 3.52
      vertex 162.901 45.85 4.02
    endloop
  endfacet
  facet normal -0.752956 -0.658071 0
    outer loop
      vertex 163.139 42.6393 3.52
      vertex 163.01 42.7869 4.02
      vertex 163.01 42.7869 3.52
    endloop
  endfacet
  facet normal -0.752956 -0.658071 0
    outer loop
      vertex 163.01 42.7869 4.02
      vertex 163.139 42.6393 3.52
      vertex 163.139 42.6393 4.02
    endloop
  endfacet
  facet normal -0.442315 -0.89686 0
    outer loop
      vertex 163.45 42.401 3.52
      vertex 163.626 42.3142 4.02
      vertex 163.45 42.401 4.02
    endloop
  endfacet
  facet normal -0.442315 -0.89686 -0
    outer loop
      vertex 163.626 42.3142 4.02
      vertex 163.45 42.401 3.52
      vertex 163.626 42.3142 3.52
    endloop
  endfacet
  facet normal -0.442315 0.89686 0
    outer loop
      vertex 163.626 46.4858 3.52
      vertex 163.45 46.399 4.02
      vertex 163.626 46.4858 4.02
    endloop
  endfacet
  facet normal -0.442315 0.89686 0
    outer loop
      vertex 163.45 46.399 4.02
      vertex 163.626 46.4858 3.52
      vertex 163.45 46.399 3.52
    endloop
  endfacet
  facet normal -0.321264 -0.94699 0
    outer loop
      vertex 163.626 42.3142 3.52
      vertex 163.812 42.2511 4.02
      vertex 163.626 42.3142 4.02
    endloop
  endfacet
  facet normal -0.321264 -0.94699 -0
    outer loop
      vertex 163.812 42.2511 4.02
      vertex 163.626 42.3142 3.52
      vertex 163.812 42.2511 3.52
    endloop
  endfacet
  facet normal -0.195625 0.980679 0
    outer loop
      vertex 164.004 46.5872 3.52
      vertex 163.812 46.5489 4.02
      vertex 164.004 46.5872 4.02
    endloop
  endfacet
  facet normal -0.195625 0.980679 0
    outer loop
      vertex 163.812 46.5489 4.02
      vertex 164.004 46.5872 3.52
      vertex 163.812 46.5489 3.52
    endloop
  endfacet
  facet normal -0.752956 0.658071 0
    outer loop
      vertex 163.01 46.0131 3.52
      vertex 163.139 46.1607 4.02
      vertex 163.139 46.1607 3.52
    endloop
  endfacet
  facet normal -0.752956 0.658071 0
    outer loop
      vertex 163.139 46.1607 4.02
      vertex 163.01 46.0131 3.52
      vertex 163.01 46.0131 4.02
    endloop
  endfacet
  facet normal -0.657928 -0.753081 0
    outer loop
      vertex 163.139 42.6393 3.52
      vertex 163.287 42.51 4.02
      vertex 163.139 42.6393 4.02
    endloop
  endfacet
  facet normal -0.657928 -0.753081 -0
    outer loop
      vertex 163.287 42.51 4.02
      vertex 163.139 42.6393 3.52
      vertex 163.287 42.51 3.52
    endloop
  endfacet
  facet normal -0.997803 0.0662484 0
    outer loop
      vertex 162.7 45.1 3.52
      vertex 162.713 45.2958 4.02
      vertex 162.713 45.2958 3.52
    endloop
  endfacet
  facet normal -0.997803 0.0662484 0
    outer loop
      vertex 162.713 45.2958 4.02
      vertex 162.7 45.1 3.52
      vertex 162.7 45.1 4.02
    endloop
  endfacet
  facet normal -0.555877 -0.831265 0
    outer loop
      vertex 163.287 42.51 3.52
      vertex 163.45 42.401 4.02
      vertex 163.287 42.51 4.02
    endloop
  endfacet
  facet normal -0.555877 -0.831265 -0
    outer loop
      vertex 163.45 42.401 4.02
      vertex 163.287 42.51 3.52
      vertex 163.45 42.401 3.52
    endloop
  endfacet
  facet normal -0.896455 0.443134 0
    outer loop
      vertex 162.814 45.674 3.52
      vertex 162.901 45.85 4.02
      vertex 162.901 45.85 3.52
    endloop
  endfacet
  facet normal -0.896455 0.443134 0
    outer loop
      vertex 162.901 45.85 4.02
      vertex 162.814 45.674 3.52
      vertex 162.814 45.674 4.02
    endloop
  endfacet
  facet normal -1 0 0
    outer loop
      vertex 162.7 43.7 3.52
      vertex 162.7 45.1 4.02
      vertex 162.7 45.1 3.52
    endloop
  endfacet
  facet normal -1 -0 0
    outer loop
      vertex 162.7 45.1 4.02
      vertex 162.7 43.7 3.52
      vertex 162.7 43.7 4.02
    endloop
  endfacet
  facet normal -0.94704 -0.321117 0
    outer loop
      vertex 162.814 43.126 3.52
      vertex 162.751 43.3118 4.02
      vertex 162.751 43.3118 3.52
    endloop
  endfacet
  facet normal -0.94704 -0.321117 0
    outer loop
      vertex 162.751 43.3118 4.02
      vertex 162.814 43.126 3.52
      vertex 162.814 43.126 4.02
    endloop
  endfacet
  facet normal -0.896455 -0.443134 0
    outer loop
      vertex 162.901 42.95 3.52
      vertex 162.814 43.126 4.02
      vertex 162.814 43.126 3.52
    endloop
  endfacet
  facet normal -0.896455 -0.443134 0
    outer loop
      vertex 162.814 43.126 4.02
      vertex 162.901 42.95 3.52
      vertex 162.901 42.95 4.02
    endloop
  endfacet
  facet normal -0.831422 -0.555641 0
    outer loop
      vertex 163.01 42.7869 3.52
      vertex 162.901 42.95 4.02
      vertex 162.901 42.95 3.52
    endloop
  endfacet
  facet normal -0.831422 -0.555641 0
    outer loop
      vertex 162.901 42.95 4.02
      vertex 163.01 42.7869 3.52
      vertex 163.01 42.7869 4.02
    endloop
  endfacet
  facet normal -0.94704 0.321117 0
    outer loop
      vertex 162.751 45.4882 3.52
      vertex 162.814 45.674 4.02
      vertex 162.814 45.674 3.52
    endloop
  endfacet
  facet normal -0.94704 0.321117 0
    outer loop
      vertex 162.814 45.674 4.02
      vertex 162.751 45.4882 3.52
      vertex 162.751 45.4882 4.02
    endloop
  endfacet
  facet normal -0.981049 -0.193762 0
    outer loop
      vertex 162.751 43.3118 3.52
      vertex 162.713 43.5042 4.02
      vertex 162.713 43.5042 3.52
    endloop
  endfacet
  facet normal -0.981049 -0.193762 0
    outer loop
      vertex 162.713 43.5042 4.02
      vertex 162.751 43.3118 3.52
      vertex 162.751 43.3118 4.02
    endloop
  endfacet
  facet normal -0.555877 0.831265 0
    outer loop
      vertex 163.45 46.399 3.52
      vertex 163.287 46.29 4.02
      vertex 163.45 46.399 4.02
    endloop
  endfacet
  facet normal -0.555877 0.831265 0
    outer loop
      vertex 163.287 46.29 4.02
      vertex 163.45 46.399 3.52
      vertex 163.287 46.29 3.52
    endloop
  endfacet
  facet normal -0.321264 0.94699 0
    outer loop
      vertex 163.812 46.5489 3.52
      vertex 163.626 46.4858 4.02
      vertex 163.812 46.5489 4.02
    endloop
  endfacet
  facet normal -0.321264 0.94699 0
    outer loop
      vertex 163.626 46.4858 4.02
      vertex 163.812 46.5489 3.52
      vertex 163.626 46.4858 3.52
    endloop
  endfacet
  facet normal 0.0651673 -0.997874 0
    outer loop
      vertex 152.2 48.8 3.52
      vertex 152.396 48.8128 4.02
      vertex 152.2 48.8 4.02
    endloop
  endfacet
  facet normal 0.0651673 -0.997874 0
    outer loop
      vertex 152.396 48.8128 4.02
      vertex 152.2 48.8 3.52
      vertex 152.396 48.8128 3.52
    endloop
  endfacet
  facet normal 0.0651673 0.997874 -0
    outer loop
      vertex 152.396 53.1872 3.52
      vertex 152.2 53.2 4.02
      vertex 152.396 53.1872 4.02
    endloop
  endfacet
  facet normal 0.0651673 0.997874 0
    outer loop
      vertex 152.2 53.2 4.02
      vertex 152.396 53.1872 3.52
      vertex 152.2 53.2 3.52
    endloop
  endfacet
  facet normal 1 -0 0
    outer loop
      vertex 153.7 50.3 4.02
      vertex 153.7 51.7 3.52
      vertex 153.7 51.7 4.02
    endloop
  endfacet
  facet normal 1 0 0
    outer loop
      vertex 153.7 51.7 3.52
      vertex 153.7 50.3 4.02
      vertex 153.7 50.3 3.52
    endloop
  endfacet
  facet normal 0.831422 0.555641 0
    outer loop
      vertex 153.499 52.45 4.02
      vertex 153.39 52.6131 3.52
      vertex 153.39 52.6131 4.02
    endloop
  endfacet
  facet normal 0.831422 0.555641 0
    outer loop
      vertex 153.39 52.6131 3.52
      vertex 153.499 52.45 4.02
      vertex 153.499 52.45 3.52
    endloop
  endfacet
  facet normal 0.321264 -0.94699 0
    outer loop
      vertex 152.588 48.8511 3.52
      vertex 152.774 48.9142 4.02
      vertex 152.588 48.8511 4.02
    endloop
  endfacet
  facet normal 0.321264 -0.94699 0
    outer loop
      vertex 152.774 48.9142 4.02
      vertex 152.588 48.8511 3.52
      vertex 152.774 48.9142 3.52
    endloop
  endfacet
  facet normal 0.752956 -0.658071 0
    outer loop
      vertex 153.261 49.2393 4.02
      vertex 153.39 49.3869 3.52
      vertex 153.39 49.3869 4.02
    endloop
  endfacet
  facet normal 0.752956 -0.658071 0
    outer loop
      vertex 153.39 49.3869 3.52
      vertex 153.261 49.2393 4.02
      vertex 153.261 49.2393 3.52
    endloop
  endfacet
  facet normal 0.94704 -0.321117 0
    outer loop
      vertex 153.586 49.726 4.02
      vertex 153.649 49.9118 3.52
      vertex 153.649 49.9118 4.02
    endloop
  endfacet
  facet normal 0.94704 -0.321117 0
    outer loop
      vertex 153.649 49.9118 3.52
      vertex 153.586 49.726 4.02
      vertex 153.586 49.726 3.52
    endloop
  endfacet
  facet normal 0.94704 0.321117 0
    outer loop
      vertex 153.649 52.0882 4.02
      vertex 153.586 52.274 3.52
      vertex 153.586 52.274 4.02
    endloop
  endfacet
  facet normal 0.94704 0.321117 0
    outer loop
      vertex 153.586 52.274 3.52
      vertex 153.649 52.0882 4.02
      vertex 153.649 52.0882 3.52
    endloop
  endfacet
  facet normal 0.657928 0.753081 -0
    outer loop
      vertex 153.261 52.7607 3.52
      vertex 153.113 52.89 4.02
      vertex 153.261 52.7607 4.02
    endloop
  endfacet
  facet normal 0.657928 0.753081 0
    outer loop
      vertex 153.113 52.89 4.02
      vertex 153.261 52.7607 3.52
      vertex 153.113 52.89 3.52
    endloop
  endfacet
  facet normal 0.896455 0.443134 0
    outer loop
      vertex 153.586 52.274 4.02
      vertex 153.499 52.45 3.52
      vertex 153.499 52.45 4.02
    endloop
  endfacet
  facet normal 0.896455 0.443134 0
    outer loop
      vertex 153.499 52.45 3.52
      vertex 153.586 52.274 4.02
      vertex 153.586 52.274 3.52
    endloop
  endfacet
  facet normal 0.555877 -0.831265 0
    outer loop
      vertex 152.95 49.001 3.52
      vertex 153.113 49.11 4.02
      vertex 152.95 49.001 4.02
    endloop
  endfacet
  facet normal 0.555877 -0.831265 0
    outer loop
      vertex 153.113 49.11 4.02
      vertex 152.95 49.001 3.52
      vertex 153.113 49.11 3.52
    endloop
  endfacet
  facet normal 0.321264 0.94699 -0
    outer loop
      vertex 152.774 53.0858 3.52
      vertex 152.588 53.1489 4.02
      vertex 152.774 53.0858 4.02
    endloop
  endfacet
  facet normal 0.321264 0.94699 0
    outer loop
      vertex 152.588 53.1489 4.02
      vertex 152.774 53.0858 3.52
      vertex 152.588 53.1489 3.52
    endloop
  endfacet
  facet normal 0.981049 -0.193762 0
    outer loop
      vertex 153.649 49.9118 4.02
      vertex 153.687 50.1042 3.52
      vertex 153.687 50.1042 4.02
    endloop
  endfacet
  facet normal 0.981049 -0.193762 0
    outer loop
      vertex 153.687 50.1042 3.52
      vertex 153.649 49.9118 4.02
      vertex 153.649 49.9118 3.52
    endloop
  endfacet
  facet normal 0.831422 -0.555641 0
    outer loop
      vertex 153.39 49.3869 4.02
      vertex 153.499 49.55 3.52
      vertex 153.499 49.55 4.02
    endloop
  endfacet
  facet normal 0.831422 -0.555641 0
    outer loop
      vertex 153.499 49.55 3.52
      vertex 153.39 49.3869 4.02
      vertex 153.39 49.3869 3.52
    endloop
  endfacet
  facet normal 0.555877 0.831265 -0
    outer loop
      vertex 153.113 52.89 3.52
      vertex 152.95 52.999 4.02
      vertex 153.113 52.89 4.02
    endloop
  endfacet
  facet normal 0.555877 0.831265 0
    outer loop
      vertex 152.95 52.999 4.02
      vertex 153.113 52.89 3.52
      vertex 152.95 52.999 3.52
    endloop
  endfacet
  facet normal 0.981049 0.193762 0
    outer loop
      vertex 153.687 51.8958 4.02
      vertex 153.649 52.0882 3.52
      vertex 153.649 52.0882 4.02
    endloop
  endfacet
  facet normal 0.981049 0.193762 0
    outer loop
      vertex 153.649 52.0882 3.52
      vertex 153.687 51.8958 4.02
      vertex 153.687 51.8958 3.52
    endloop
  endfacet
  facet normal 0.896455 -0.443134 0
    outer loop
      vertex 153.499 49.55 4.02
      vertex 153.586 49.726 3.52
      vertex 153.586 49.726 4.02
    endloop
  endfacet
  facet normal 0.896455 -0.443134 0
    outer loop
      vertex 153.586 49.726 3.52
      vertex 153.499 49.55 4.02
      vertex 153.499 49.55 3.52
    endloop
  endfacet
  facet normal 0.442315 -0.89686 0
    outer loop
      vertex 152.774 48.9142 3.52
      vertex 152.95 49.001 4.02
      vertex 152.774 48.9142 4.02
    endloop
  endfacet
  facet normal 0.442315 -0.89686 0
    outer loop
      vertex 152.95 49.001 4.02
      vertex 152.774 48.9142 3.52
      vertex 152.95 49.001 3.52
    endloop
  endfacet
  facet normal 0.195625 0.980679 -0
    outer loop
      vertex 152.588 53.1489 3.52
      vertex 152.396 53.1872 4.02
      vertex 152.588 53.1489 4.02
    endloop
  endfacet
  facet normal 0.195625 0.980679 0
    outer loop
      vertex 152.396 53.1872 4.02
      vertex 152.588 53.1489 3.52
      vertex 152.396 53.1872 3.52
    endloop
  endfacet
  facet normal 0.657928 -0.753081 0
    outer loop
      vertex 153.113 49.11 3.52
      vertex 153.261 49.2393 4.02
      vertex 153.113 49.11 4.02
    endloop
  endfacet
  facet normal 0.657928 -0.753081 0
    outer loop
      vertex 153.261 49.2393 4.02
      vertex 153.113 49.11 3.52
      vertex 153.261 49.2393 3.52
    endloop
  endfacet
  facet normal 0.195625 -0.980679 0
    outer loop
      vertex 152.396 48.8128 3.52
      vertex 152.588 48.8511 4.02
      vertex 152.396 48.8128 4.02
    endloop
  endfacet
  facet normal 0.195625 -0.980679 0
    outer loop
      vertex 152.588 48.8511 4.02
      vertex 152.396 48.8128 3.52
      vertex 152.588 48.8511 3.52
    endloop
  endfacet
  facet normal 0.442315 0.89686 -0
    outer loop
      vertex 152.95 52.999 3.52
      vertex 152.774 53.0858 4.02
      vertex 152.95 52.999 4.02
    endloop
  endfacet
  facet normal 0.442315 0.89686 0
    outer loop
      vertex 152.774 53.0858 4.02
      vertex 152.95 52.999 3.52
      vertex 152.774 53.0858 3.52
    endloop
  endfacet
  facet normal 0.997803 0.0662484 0
    outer loop
      vertex 153.7 51.7 4.02
      vertex 153.687 51.8958 3.52
      vertex 153.687 51.8958 4.02
    endloop
  endfacet
  facet normal 0.997803 0.0662484 0
    outer loop
      vertex 153.687 51.8958 3.52
      vertex 153.7 51.7 4.02
      vertex 153.7 51.7 3.52
    endloop
  endfacet
  facet normal 0.997803 -0.0662484 0
    outer loop
      vertex 153.687 50.1042 4.02
      vertex 153.7 50.3 3.52
      vertex 153.7 50.3 4.02
    endloop
  endfacet
  facet normal 0.997803 -0.0662484 0
    outer loop
      vertex 153.7 50.3 3.52
      vertex 153.687 50.1042 4.02
      vertex 153.687 50.1042 3.52
    endloop
  endfacet
  facet normal 0.752956 0.658071 0
    outer loop
      vertex 153.39 52.6131 4.02
      vertex 153.261 52.7607 3.52
      vertex 153.261 52.7607 4.02
    endloop
  endfacet
  facet normal 0.752956 0.658071 0
    outer loop
      vertex 153.261 52.7607 3.52
      vertex 153.39 52.6131 4.02
      vertex 153.39 52.6131 3.52
    endloop
  endfacet
  facet normal -0.0651673 0.997874 0
    outer loop
      vertex 164.2 53.2 3.52
      vertex 164.004 53.1872 4.02
      vertex 164.2 53.2 4.02
    endloop
  endfacet
  facet normal -0.0651673 0.997874 0
    outer loop
      vertex 164.004 53.1872 4.02
      vertex 164.2 53.2 3.52
      vertex 164.004 53.1872 3.52
    endloop
  endfacet
  facet normal -0.981049 0.193762 0
    outer loop
      vertex 162.713 51.8958 3.52
      vertex 162.751 52.0882 4.02
      vertex 162.751 52.0882 3.52
    endloop
  endfacet
  facet normal -0.981049 0.193762 0
    outer loop
      vertex 162.751 52.0882 4.02
      vertex 162.713 51.8958 3.52
      vertex 162.713 51.8958 4.02
    endloop
  endfacet
  facet normal -0.997803 -0.0662484 0
    outer loop
      vertex 162.713 50.1042 3.52
      vertex 162.7 50.3 4.02
      vertex 162.7 50.3 3.52
    endloop
  endfacet
  facet normal -0.997803 -0.0662484 0
    outer loop
      vertex 162.7 50.3 4.02
      vertex 162.713 50.1042 3.52
      vertex 162.713 50.1042 4.02
    endloop
  endfacet
  facet normal -0.0651673 -0.997874 0
    outer loop
      vertex 164.004 48.8128 3.52
      vertex 164.2 48.8 4.02
      vertex 164.004 48.8128 4.02
    endloop
  endfacet
  facet normal -0.0651673 -0.997874 -0
    outer loop
      vertex 164.2 48.8 4.02
      vertex 164.004 48.8128 3.52
      vertex 164.2 48.8 3.52
    endloop
  endfacet
  facet normal -0.195625 -0.980679 0
    outer loop
      vertex 163.812 48.8511 3.52
      vertex 164.004 48.8128 4.02
      vertex 163.812 48.8511 4.02
    endloop
  endfacet
  facet normal -0.195625 -0.980679 -0
    outer loop
      vertex 164.004 48.8128 4.02
      vertex 163.812 48.8511 3.52
      vertex 164.004 48.8128 3.52
    endloop
  endfacet
  facet normal -0.94704 0.321117 0
    outer loop
      vertex 162.751 52.0882 3.52
      vertex 162.814 52.274 4.02
      vertex 162.814 52.274 3.52
    endloop
  endfacet
  facet normal -0.94704 0.321117 0
    outer loop
      vertex 162.814 52.274 4.02
      vertex 162.751 52.0882 3.52
      vertex 162.751 52.0882 4.02
    endloop
  endfacet
  facet normal -0.555877 -0.831265 0
    outer loop
      vertex 163.287 49.11 3.52
      vertex 163.45 49.001 4.02
      vertex 163.287 49.11 4.02
    endloop
  endfacet
  facet normal -0.555877 -0.831265 -0
    outer loop
      vertex 163.45 49.001 4.02
      vertex 163.287 49.11 3.52
      vertex 163.45 49.001 3.52
    endloop
  endfacet
  facet normal -0.981049 -0.193762 0
    outer loop
      vertex 162.751 49.9118 3.52
      vertex 162.713 50.1042 4.02
      vertex 162.713 50.1042 3.52
    endloop
  endfacet
  facet normal -0.981049 -0.193762 0
    outer loop
      vertex 162.713 50.1042 4.02
      vertex 162.751 49.9118 3.52
      vertex 162.751 49.9118 4.02
    endloop
  endfacet
  facet normal -0.831422 -0.555641 0
    outer loop
      vertex 163.01 49.3869 3.52
      vertex 162.901 49.55 4.02
      vertex 162.901 49.55 3.52
    endloop
  endfacet
  facet normal -0.831422 -0.555641 0
    outer loop
      vertex 162.901 49.55 4.02
      vertex 163.01 49.3869 3.52
      vertex 163.01 49.3869 4.02
    endloop
  endfacet
  facet normal -0.94704 -0.321117 0
    outer loop
      vertex 162.814 49.726 3.52
      vertex 162.751 49.9118 4.02
      vertex 162.751 49.9118 3.52
    endloop
  endfacet
  facet normal -0.94704 -0.321117 0
    outer loop
      vertex 162.751 49.9118 4.02
      vertex 162.814 49.726 3.52
      vertex 162.814 49.726 4.02
    endloop
  endfacet
  facet normal -0.657928 0.753081 0
    outer loop
      vertex 163.287 52.89 3.52
      vertex 163.139 52.7607 4.02
      vertex 163.287 52.89 4.02
    endloop
  endfacet
  facet normal -0.657928 0.753081 0
    outer loop
      vertex 163.139 52.7607 4.02
      vertex 163.287 52.89 3.52
      vertex 163.139 52.7607 3.52
    endloop
  endfacet
  facet normal -0.997803 0.0662484 0
    outer loop
      vertex 162.7 51.7 3.52
      vertex 162.713 51.8958 4.02
      vertex 162.713 51.8958 3.52
    endloop
  endfacet
  facet normal -0.997803 0.0662484 0
    outer loop
      vertex 162.713 51.8958 4.02
      vertex 162.7 51.7 3.52
      vertex 162.7 51.7 4.02
    endloop
  endfacet
  facet normal -0.321264 -0.94699 0
    outer loop
      vertex 163.626 48.9142 3.52
      vertex 163.812 48.8511 4.02
      vertex 163.626 48.9142 4.02
    endloop
  endfacet
  facet normal -0.321264 -0.94699 -0
    outer loop
      vertex 163.812 48.8511 4.02
      vertex 163.626 48.9142 3.52
      vertex 163.812 48.8511 3.52
    endloop
  endfacet
  facet normal -0.896455 0.443134 0
    outer loop
      vertex 162.814 52.274 3.52
      vertex 162.901 52.45 4.02
      vertex 162.901 52.45 3.52
    endloop
  endfacet
  facet normal -0.896455 0.443134 0
    outer loop
      vertex 162.901 52.45 4.02
      vertex 162.814 52.274 3.52
      vertex 162.814 52.274 4.02
    endloop
  endfacet
  facet normal -1 0 0
    outer loop
      vertex 162.7 50.3 3.52
      vertex 162.7 51.7 4.02
      vertex 162.7 51.7 3.52
    endloop
  endfacet
  facet normal -1 -0 0
    outer loop
      vertex 162.7 51.7 4.02
      vertex 162.7 50.3 3.52
      vertex 162.7 50.3 4.02
    endloop
  endfacet
  facet normal -0.321264 0.94699 0
    outer loop
      vertex 163.812 53.1489 3.52
      vertex 163.626 53.0858 4.02
      vertex 163.812 53.1489 4.02
    endloop
  endfacet
  facet normal -0.321264 0.94699 0
    outer loop
      vertex 163.626 53.0858 4.02
      vertex 163.812 53.1489 3.52
      vertex 163.626 53.0858 3.52
    endloop
  endfacet
  facet normal -0.657928 -0.753081 0
    outer loop
      vertex 163.139 49.2393 3.52
      vertex 163.287 49.11 4.02
      vertex 163.139 49.2393 4.02
    endloop
  endfacet
  facet normal -0.657928 -0.753081 -0
    outer loop
      vertex 163.287 49.11 4.02
      vertex 163.139 49.2393 3.52
      vertex 163.287 49.11 3.52
    endloop
  endfacet
  facet normal -0.195625 0.980679 0
    outer loop
      vertex 164.004 53.1872 3.52
      vertex 163.812 53.1489 4.02
      vertex 164.004 53.1872 4.02
    endloop
  endfacet
  facet normal -0.195625 0.980679 0
    outer loop
      vertex 163.812 53.1489 4.02
      vertex 164.004 53.1872 3.52
      vertex 163.812 53.1489 3.52
    endloop
  endfacet
  facet normal -0.896455 -0.443134 0
    outer loop
      vertex 162.901 49.55 3.52
      vertex 162.814 49.726 4.02
      vertex 162.814 49.726 3.52
    endloop
  endfacet
  facet normal -0.896455 -0.443134 0
    outer loop
      vertex 162.814 49.726 4.02
      vertex 162.901 49.55 3.52
      vertex 162.901 49.55 4.02
    endloop
  endfacet
  facet normal -0.752956 -0.658071 0
    outer loop
      vertex 163.139 49.2393 3.52
      vertex 163.01 49.3869 4.02
      vertex 163.01 49.3869 3.52
    endloop
  endfacet
  facet normal -0.752956 -0.658071 0
    outer loop
      vertex 163.01 49.3869 4.02
      vertex 163.139 49.2393 3.52
      vertex 163.139 49.2393 4.02
    endloop
  endfacet
  facet normal -0.555877 0.831265 0
    outer loop
      vertex 163.45 52.999 3.52
      vertex 163.287 52.89 4.02
      vertex 163.45 52.999 4.02
    endloop
  endfacet
  facet normal -0.555877 0.831265 0
    outer loop
      vertex 163.287 52.89 4.02
      vertex 163.45 52.999 3.52
      vertex 163.287 52.89 3.52
    endloop
  endfacet
  facet normal -0.442315 0.89686 0
    outer loop
      vertex 163.626 53.0858 3.52
      vertex 163.45 52.999 4.02
      vertex 163.626 53.0858 4.02
    endloop
  endfacet
  facet normal -0.442315 0.89686 0
    outer loop
      vertex 163.45 52.999 4.02
      vertex 163.626 53.0858 3.52
      vertex 163.45 52.999 3.52
    endloop
  endfacet
  facet normal -0.442315 -0.89686 0
    outer loop
      vertex 163.45 49.001 3.52
      vertex 163.626 48.9142 4.02
      vertex 163.45 49.001 4.02
    endloop
  endfacet
  facet normal -0.442315 -0.89686 -0
    outer loop
      vertex 163.626 48.9142 4.02
      vertex 163.45 49.001 3.52
      vertex 163.626 48.9142 3.52
    endloop
  endfacet
  facet normal -0.752956 0.658071 0
    outer loop
      vertex 163.01 52.6131 3.52
      vertex 163.139 52.7607 4.02
      vertex 163.139 52.7607 3.52
    endloop
  endfacet
  facet normal -0.752956 0.658071 0
    outer loop
      vertex 163.139 52.7607 4.02
      vertex 163.01 52.6131 3.52
      vertex 163.01 52.6131 4.02
    endloop
  endfacet
  facet normal -0.831422 0.555641 0
    outer loop
      vertex 162.901 52.45 3.52
      vertex 163.01 52.6131 4.02
      vertex 163.01 52.6131 3.52
    endloop
  endfacet
  facet normal -0.831422 0.555641 0
    outer loop
      vertex 163.01 52.6131 4.02
      vertex 162.901 52.45 3.52
      vertex 162.901 52.45 4.02
    endloop
  endfacet
  facet normal 0.756551 -0.653934 0
    outer loop
      vertex 169.207 1.29383 30.11
      vertex 169.194 1.27879 28.11
      vertex 169.207 1.29383 28.1
    endloop
  endfacet
  facet normal 0.752965 -0.658061 5.4346e-05
    outer loop
      vertex 169.06 1.12563 30.11
      vertex 169.194 1.27879 28.11
      vertex 169.207 1.29383 30.11
    endloop
  endfacet
  facet normal 0.752613 -0.658463 0
    outer loop
      vertex 169.194 1.27879 28.11
      vertex 169.06 1.12563 30.11
      vertex 169.06 1.12563 28.11
    endloop
  endfacet
  facet normal 0.756551 -0.653934 0
    outer loop
      vertex 169.207 1.29383 28.1
      vertex 169.194 1.27879 28.11
      vertex 169.194 1.27879 28.1
    endloop
  endfacet
  facet normal -0.321163 0.947024 0
    outer loop
      vertex 164.507 3.74031 29.4638
      vertex 164.197 3.63518 30.11
      vertex 164.507 3.74031 30.11
    endloop
  endfacet
  facet normal -0.321163 0.947024 0
    outer loop
      vertex 164.197 3.63518 28.11
      vertex 164.507 3.74031 29.4638
      vertex 164.507 3.74031 28.11
    endloop
  endfacet
  facet normal -0.321163 0.947024 0
    outer loop
      vertex 164.507 3.74031 29.4638
      vertex 164.197 3.63518 28.11
      vertex 164.197 3.63518 30.11
    endloop
  endfacet
  facet normal -0.194911 0.980821 0
    outer loop
      vertex 164.197 3.63518 28.11
      vertex 163.876 3.57139 30.11
      vertex 164.197 3.63518 30.11
    endloop
  endfacet
  facet normal -0.194911 0.980821 0
    outer loop
      vertex 163.876 3.57139 30.11
      vertex 164.197 3.63518 28.11
      vertex 163.876 3.57139 28.11
    endloop
  endfacet
  facet normal 0.750031 -0.661403 0
    outer loop
      vertex 168.97 1.02357 30.11
      vertex 169.06 1.12563 28.11
      vertex 169.06 1.12563 30.11
    endloop
  endfacet
  facet normal 0.750031 -0.661403 0
    outer loop
      vertex 169.06 1.12563 28.11
      vertex 168.97 1.02357 30.11
      vertex 168.97 1.02357 28.11
    endloop
  endfacet
  facet normal -0.0654727 0.997854 0
    outer loop
      vertex 163.876 3.57139 28.11
      vertex 163.55 3.55 30.11
      vertex 163.876 3.57139 30.11
    endloop
  endfacet
  facet normal -0.0654727 0.997854 0
    outer loop
      vertex 163.55 3.55 30.11
      vertex 163.876 3.57139 28.11
      vertex 163.55 3.55 28.11
    endloop
  endfacet
  facet normal 0.752046 -0.659111 0
    outer loop
      vertex 168.94 0.98934 30.11
      vertex 168.97 1.02357 28.11
      vertex 168.97 1.02357 30.11
    endloop
  endfacet
  facet normal 0.752046 -0.659111 0
    outer loop
      vertex 168.97 1.02357 28.11
      vertex 168.94 0.98934 30.11
      vertex 168.94 0.98934 28.11
    endloop
  endfacet
  facet normal 0.195075 0.980788 -0
    outer loop
      vertex 5.72368 3.57139 28.11
      vertex 5.40296 3.63518 30.11
      vertex 5.72368 3.57139 30.11
    endloop
  endfacet
  facet normal 0.195075 0.980788 0
    outer loop
      vertex 5.40296 3.63518 30.11
      vertex 5.72368 3.57139 28.11
      vertex 5.40296 3.63518 28.11
    endloop
  endfacet
  facet normal -0.751815 -0.659374 0
    outer loop
      vertex 0.629957 1.02357 28.11
      vertex 0.540446 1.12563 30.11
      vertex 0.540446 1.12563 28.11
    endloop
  endfacet
  facet normal -0.751815 -0.659374 0
    outer loop
      vertex 0.540446 1.12563 30.11
      vertex 0.629957 1.02357 28.11
      vertex 0.629957 1.02357 30.11
    endloop
  endfacet
  facet normal 0.0654068 0.997859 -0
    outer loop
      vertex 6.05001 3.55 28.11
      vertex 5.72368 3.57139 30.11
      vertex 6.05001 3.55 30.11
    endloop
  endfacet
  facet normal 0.0654068 0.997859 0
    outer loop
      vertex 5.72368 3.57139 30.11
      vertex 6.05001 3.55 28.11
      vertex 5.72368 3.57139 28.11
    endloop
  endfacet
  facet normal -0.751882 -0.659297 0
    outer loop
      vertex 0.659972 0.98934 28.11
      vertex 0.629957 1.02357 30.11
      vertex 0.629957 1.02357 28.11
    endloop
  endfacet
  facet normal -0.751882 -0.659297 0
    outer loop
      vertex 0.629957 1.02357 30.11
      vertex 0.659972 0.98934 28.11
      vertex 0.659972 0.98934 30.11
    endloop
  endfacet
  facet normal -0.946889 0.321561 0
    outer loop
      vertex -1.05112 71.774 28.11
      vertex -1.0916 71.6548 28.11
      vertex -1.0916 71.6548 30.11
    endloop
  endfacet
  facet normal 0.896884 -0.442265 0
    outer loop
      vertex 3.74031 70.5067 30.11
      vertex 3.88494 70.8 28.11
      vertex 3.88494 70.8 30.11
    endloop
  endfacet
  facet normal 0.896884 -0.442265 0
    outer loop
      vertex 3.88494 70.8 28.11
      vertex 3.74031 70.5067 30.11
      vertex 3.74031 70.5067 28.11
    endloop
  endfacet
  facet normal -0.946915 0.321485 -5.05909e-06
    outer loop
      vertex -1.05112 71.774 28.11
      vertex -1.0916 71.6548 30.11
      vertex -0.932303 72.124 30.11
    endloop
  endfacet
  facet normal -0 0 1
    outer loop
      vertex -1.39264 70.4311 28.1
      vertex -1.39568 70.4158 28.1
      vertex -1.3619 70.5856 28.1
    endloop
  endfacet
  facet normal 0.980786 -0.195087 0
    outer loop
      vertex 3.57139 69.8763 30.11
      vertex 3.63518 70.197 28.11
      vertex 3.63518 70.197 30.11
    endloop
  endfacet
  facet normal 0.980786 -0.195087 0
    outer loop
      vertex 3.63518 70.197 28.11
      vertex 3.57139 69.8763 30.11
      vertex 3.57139 69.8763 28.11
    endloop
  endfacet
  facet normal -0.98078 0.195116 0
    outer loop
      vertex -1.3619 70.5856 28.1
      vertex -1.39568 70.4158 28.1
      vertex -1.3619 70.5856 28.11
    endloop
  endfacet
  facet normal -0.980802 0.195007 0
    outer loop
      vertex -1.3619 70.5856 28.11
      vertex -1.32303 70.7811 30.11
      vertex -1.32303 70.7811 28.11
    endloop
  endfacet
  facet normal -0.98078 0.195116 0
    outer loop
      vertex -1.39568 70.4158 28.11
      vertex -1.3619 70.5856 28.11
      vertex -1.39568 70.4158 28.1
    endloop
  endfacet
  facet normal -0.98078 0.195116 5.54505e-06
    outer loop
      vertex -1.41982 70.2944 30.11
      vertex -1.3619 70.5856 28.11
      vertex -1.39568 70.4158 28.11
    endloop
  endfacet
  facet normal -0.980798 0.195028 0
    outer loop
      vertex -1.41982 70.2944 30.11
      vertex -1.39568 70.4158 28.11
      vertex -1.41982 70.2944 28.11
    endloop
  endfacet
  facet normal -0.980793 0.19505 -4.44954e-06
    outer loop
      vertex -1.3619 70.5856 28.11
      vertex -1.41982 70.2944 30.11
      vertex -1.32303 70.7811 30.11
    endloop
  endfacet
  facet normal -0.194941 -0.980815 0
    outer loop
      vertex 163.876 72.0286 28.11
      vertex 164.197 71.9648 30.11
      vertex 163.876 72.0286 30.11
    endloop
  endfacet
  facet normal -0.194941 -0.980815 -0
    outer loop
      vertex 164.197 71.9648 30.11
      vertex 163.876 72.0286 28.11
      vertex 164.197 71.9648 28.11
    endloop
  endfacet
  facet normal 0.749838 0.661622 0
    outer loop
      vertex 169.06 74.4744 30.11
      vertex 168.97 74.5764 28.11
      vertex 168.97 74.5764 30.11
    endloop
  endfacet
  facet normal 0.749838 0.661622 0
    outer loop
      vertex 168.97 74.5764 28.11
      vertex 169.06 74.4744 30.11
      vertex 169.06 74.4744 28.11
    endloop
  endfacet
  facet normal -0.321081 -0.947052 0
    outer loop
      vertex 164.197 71.9648 30.11
      vertex 164.507 71.8597 29.4638
      vertex 164.507 71.8597 30.11
    endloop
  endfacet
  facet normal -0.321081 -0.947052 0
    outer loop
      vertex 164.197 71.9648 28.11
      vertex 164.507 71.8597 29.4638
      vertex 164.197 71.9648 30.11
    endloop
  endfacet
  facet normal -0.321081 -0.947052 -0
    outer loop
      vertex 164.507 71.8597 29.4638
      vertex 164.197 71.9648 28.11
      vertex 164.507 71.8597 28.11
    endloop
  endfacet
  facet normal 0.753913 0.656975 0
    outer loop
      vertex 169.06 74.4744 30.11
      vertex 169.203 74.3103 28.11
      vertex 169.06 74.4744 28.11
    endloop
  endfacet
  facet normal 0.752965 0.658061 -0.000156905
    outer loop
      vertex 169.207 74.3062 30.11
      vertex 169.203 74.3103 28.11
      vertex 169.06 74.4744 30.11
    endloop
  endfacet
  facet normal 0.715782 0.698324 -0
    outer loop
      vertex 169.207 74.3062 28.1
      vertex 169.203 74.3103 28.11
      vertex 169.207 74.3062 30.11
    endloop
  endfacet
  facet normal 0.715782 0.698324 0
    outer loop
      vertex 169.203 74.3103 28.11
      vertex 169.207 74.3062 28.1
      vertex 169.203 74.3103 28.1
    endloop
  endfacet
  facet normal -0.556616 0.83077 0
    outer loop
      vertex 164.977 4.00353 28.11
      vertex 164.8 3.88494 28.3868
      vertex 164.8 3.88494 30.11
    endloop
  endfacet
  facet normal -0.556616 0.83077 0
    outer loop
      vertex 164.8 3.88494 28.3868
      vertex 164.977 4.00353 28.11
      vertex 164.8 3.88494 28.11
    endloop
  endfacet
  facet normal -0.553283 0.832993 0
    outer loop
      vertex 165.072 4.06663 28.11
      vertex 164.977 4.00353 28.11
      vertex 165.072 4.06663 28.8433
    endloop
  endfacet
  facet normal -0.555455 0.831547 0
    outer loop
      vertex 165.072 4.06663 30.1095
      vertex 164.8 3.88494 30.11
      vertex 165.072 4.06663 30.11
    endloop
  endfacet
  facet normal -0.555455 0.831547 0
    outer loop
      vertex 165.072 4.06663 28.8433
      vertex 164.8 3.88494 30.11
      vertex 165.072 4.06663 30.1095
    endloop
  endfacet
  facet normal -0.554639 0.832091 0.000253301
    outer loop
      vertex 164.8 3.88494 30.11
      vertex 165.072 4.06663 28.8433
      vertex 164.977 4.00353 28.11
    endloop
  endfacet
  facet normal 0.831768 -0.555123 0
    outer loop
      vertex 169.631 1.8359 30.11
      vertex 169.825 2.12658 28.11
      vertex 169.825 2.12658 30.11
    endloop
  endfacet
  facet normal 0.831768 -0.555123 0
    outer loop
      vertex 169.825 2.12658 28.11
      vertex 169.631 1.8359 30.11
      vertex 169.631 1.8359 28.11
    endloop
  endfacet
  facet normal 0.555568 0.831471 -0
    outer loop
      vertex 4.8 3.88494 28.11
      vertex 4.52808 4.06663 30.11
      vertex 4.8 3.88494 30.11
    endloop
  endfacet
  facet normal 0.555568 0.831471 0
    outer loop
      vertex 4.52808 4.06663 30.11
      vertex 4.8 3.88494 28.11
      vertex 4.52808 4.06663 28.11
    endloop
  endfacet
  facet normal -0.831478 -0.555558 0
    outer loop
      vertex -0.03127 1.8359 28.11
      vertex -0.22549 2.12658 30.11
      vertex -0.22549 2.12658 28.11
    endloop
  endfacet
  facet normal -0.831478 -0.555558 0
    outer loop
      vertex -0.22549 2.12658 30.11
      vertex -0.03127 1.8359 28.11
      vertex -0.03127 1.8359 30.11
    endloop
  endfacet
  facet normal -0.831495 0.555532 0
    outer loop
      vertex -0.22549 73.4734 28.11
      vertex -0.03127 73.7641 30.11
      vertex -0.03127 73.7641 28.11
    endloop
  endfacet
  facet normal -0.831495 0.555532 0
    outer loop
      vertex -0.03127 73.7641 30.11
      vertex -0.22549 73.4734 28.11
      vertex -0.22549 73.4734 30.11
    endloop
  endfacet
  facet normal 0.555589 -0.831457 0
    outer loop
      vertex 4.52808 71.5334 28.11
      vertex 4.8 71.7151 30.11
      vertex 4.52808 71.5334 30.11
    endloop
  endfacet
  facet normal 0.555589 -0.831457 0
    outer loop
      vertex 4.8 71.7151 30.11
      vertex 4.52808 71.5334 28.11
      vertex 4.8 71.7151 28.11
    endloop
  endfacet
  facet normal -0.0655032 -0.997852 0
    outer loop
      vertex 163.55 72.05 28.11
      vertex 163.876 72.0286 30.11
      vertex 163.55 72.05 30.11
    endloop
  endfacet
  facet normal -0.0655032 -0.997852 -0
    outer loop
      vertex 163.876 72.0286 30.11
      vertex 163.55 72.05 28.11
      vertex 163.876 72.0286 28.11
    endloop
  endfacet
  facet normal 0.752713 0.658349 0
    outer loop
      vertex 168.97 74.5764 30.11
      vertex 168.94 74.6107 28.11
      vertex 168.94 74.6107 30.11
    endloop
  endfacet
  facet normal 0.752713 0.658349 0
    outer loop
      vertex 168.94 74.6107 28.11
      vertex 168.97 74.5764 30.11
      vertex 168.97 74.5764 28.11
    endloop
  endfacet
  facet normal -0.896479 -0.443087 -0
    outer loop
      vertex 165.715 70.8 29.1045
      vertex 165.715 70.8 28.11
      vertex 165.801 70.626 28.11
    endloop
  endfacet
  facet normal -0.896372 -0.443302 4.68419e-05
    outer loop
      vertex 165.86 70.5067 28.11
      vertex 165.715 70.8 29.1045
      vertex 165.801 70.626 28.11
    endloop
  endfacet
  facet normal -0.896435 -0.443175 0
    outer loop
      vertex 165.715 70.8 29.1045
      vertex 165.86 70.5067 30.11
      vertex 165.715 70.8 30.11
    endloop
  endfacet
  facet normal -0.896435 -0.443175 0
    outer loop
      vertex 165.715 70.8 29.1045
      vertex 165.86 70.5067 28.11
      vertex 165.86 70.5067 30.11
    endloop
  endfacet
  facet normal 0.946482 0.322756 0
    outer loop
      vertex 170.692 71.6548 30.11
      vertex 170.532 72.124 28.11
      vertex 170.532 72.124 30.11
    endloop
  endfacet
  facet normal 0.946482 0.322756 0
    outer loop
      vertex 170.532 72.124 28.11
      vertex 170.692 71.6548 30.11
      vertex 170.692 71.6548 28.11
    endloop
  endfacet
  facet normal 0.980998 -0.194017 0
    outer loop
      vertex 171.02 5.30557 30.11
      vertex 170.996 5.18422 28.11
      vertex 171.02 5.30557 28.11
    endloop
  endfacet
  facet normal 0.980545 -0.196294 0
    outer loop
      vertex 170.996 5.18422 28.11
      vertex 170.962 5.01438 28.11
      vertex 170.996 5.18422 28.1
    endloop
  endfacet
  facet normal 0.980545 -0.196294 0.000143583
    outer loop
      vertex 171.02 5.30557 30.11
      vertex 170.962 5.01438 28.11
      vertex 170.996 5.18422 28.11
    endloop
  endfacet
  facet normal 0.980708 -0.195481 2.0465e-05
    outer loop
      vertex 170.923 4.81893 30.11
      vertex 170.962 5.01438 28.11
      vertex 171.02 5.30557 30.11
    endloop
  endfacet
  facet normal 0.980667 -0.195682 0
    outer loop
      vertex 170.962 5.01438 28.11
      vertex 170.923 4.81893 30.11
      vertex 170.923 4.81893 28.11
    endloop
  endfacet
  facet normal 0.980545 -0.196294 0
    outer loop
      vertex 170.996 5.18422 28.1
      vertex 170.962 5.01438 28.11
      vertex 170.962 5.01438 28.1
    endloop
  endfacet
  facet normal -0.981189 0.193049 0
    outer loop
      vertex 165.965 5.40296 28.3405
      vertex 165.996 5.56052 28.11
      vertex 165.965 5.40296 28.11
    endloop
  endfacet
  facet normal -0.981189 0.193049 0
    outer loop
      vertex 165.996 5.56052 28.11
      vertex 165.965 5.40296 28.3405
      vertex 165.965 5.40296 29.0103
    endloop
  endfacet
  facet normal -0.980862 0.194702 0.00030045
    outer loop
      vertex 165.965 5.40296 29.0103
      vertex 166.029 5.72368 30.11
      vertex 165.996 5.56052 28.11
    endloop
  endfacet
  facet normal -0.980665 0.195693 0
    outer loop
      vertex 166.029 5.72368 30.11
      vertex 165.965 5.40296 29.0103
      vertex 165.965 5.40296 30.11
    endloop
  endfacet
  facet normal -0.980153 0.198241 0
    outer loop
      vertex 166.029 5.72368 28.11
      vertex 165.996 5.56052 28.11
      vertex 166.029 5.72368 30.11
    endloop
  endfacet
  facet normal 0.896878 0.442277 0
    outer loop
      vertex 3.88494 4.8 30.11
      vertex 3.74031 5.09329 28.11
      vertex 3.74031 5.09329 30.11
    endloop
  endfacet
  facet normal 0.896878 0.442277 0
    outer loop
      vertex 3.74031 5.09329 28.11
      vertex 3.88494 4.8 30.11
      vertex 3.88494 4.8 28.11
    endloop
  endfacet
  facet normal -0.946938 -0.321416 -0
    outer loop
      vertex -1.0916 3.94524 30.11
      vertex -1.0916 3.94524 28.11
      vertex -1.05112 3.82598 28.11
    endloop
  endfacet
  facet normal -0.946927 -0.321448 2.13437e-06
    outer loop
      vertex -0.932303 3.47598 30.11
      vertex -1.0916 3.94524 30.11
      vertex -1.05112 3.82598 28.11
    endloop
  endfacet
  facet normal -0.75286 -0.65818 2.18387e-05
    outer loop
      vertex 165.533 71.0719 30.1092
      vertex 165.318 71.3178 29.267
      vertex 165.495 71.1153 28.11
    endloop
  endfacet
  facet normal -0.752823 -0.658223 0
    outer loop
      vertex 165.318 71.3178 29.267
      vertex 165.533 71.0719 30.1092
      vertex 165.318 71.3178 30.11
    endloop
  endfacet
  facet normal -0.752823 -0.658223 0
    outer loop
      vertex 165.318 71.3178 30.11
      vertex 165.533 71.0719 30.1092
      vertex 165.533 71.0719 30.11
    endloop
  endfacet
  facet normal -0.752922 -0.65811 0
    outer loop
      vertex 165.495 71.1153 28.11
      vertex 165.318 71.3178 29.2042
      vertex 165.318 71.3178 28.11
    endloop
  endfacet
  facet normal -0.752922 -0.65811 0
    outer loop
      vertex 165.318 71.3178 29.2042
      vertex 165.495 71.1153 28.11
      vertex 165.318 71.3178 29.267
    endloop
  endfacet
  facet normal 0.890866 0.454266 0
    outer loop
      vertex 170.052 73.1284 30.11
      vertex 170.07 73.0931 28.11
      vertex 170.052 73.1284 28.11
    endloop
  endfacet
  facet normal 0.896876 0.442282 0.000265597
    outer loop
      vertex 170.246 72.735 30.11
      vertex 170.07 73.0931 28.11
      vertex 170.052 73.1284 30.11
    endloop
  endfacet
  facet normal 0.897464 0.441088 -0
    outer loop
      vertex 170.246 72.735 28.1
      vertex 170.07 73.0931 28.11
      vertex 170.246 72.735 30.11
    endloop
  endfacet
  facet normal 0.897464 0.441088 0
    outer loop
      vertex 170.07 73.0931 28.11
      vertex 170.246 72.735 28.1
      vertex 170.07 73.0931 28.1
    endloop
  endfacet
  facet normal -0.752362 -0.65875 -0
    outer loop
      vertex 165.533 71.0719 29.1779
      vertex 165.495 71.1153 28.11
      vertex 165.533 71.0719 28.5643
    endloop
  endfacet
  facet normal -0.752362 -0.65875 0
    outer loop
      vertex 165.495 71.1153 28.11
      vertex 165.533 71.0719 29.1779
      vertex 165.533 71.0719 30.1092
    endloop
  endfacet
  facet normal -0.752362 -0.65875 -0
    outer loop
      vertex 165.533 71.0719 28.5643
      vertex 165.495 71.1153 28.11
      vertex 165.533 71.0719 28.11
    endloop
  endfacet
  facet normal -0.896141 0.443769 0
    outer loop
      vertex -0.452222 73.1284 28.11
      vertex -0.454698 73.1234 28.11
      vertex -0.452222 73.1284 30.11
    endloop
  endfacet
  facet normal -0.896877 0.442281 4.63189e-06
    outer loop
      vertex -0.454698 73.1234 28.11
      vertex -0.646221 72.735 30.11
      vertex -0.452222 73.1284 30.11
    endloop
  endfacet
  facet normal -0.896886 0.442261 0
    outer loop
      vertex -0.646221 72.735 28.1
      vertex -0.454698 73.1234 28.11
      vertex -0.454698 73.1234 28.1
    endloop
  endfacet
  facet normal -0.896886 0.442261 0
    outer loop
      vertex -0.454698 73.1234 28.11
      vertex -0.646221 72.735 28.1
      vertex -0.646221 72.735 30.11
    endloop
  endfacet
  facet normal 0.751913 -0.659262 0
    outer loop
      vertex 4.06663 71.0719 30.11
      vertex 4.28223 71.3178 28.11
      vertex 4.28223 71.3178 30.11
    endloop
  endfacet
  facet normal 0.751913 -0.659262 0
    outer loop
      vertex 4.28223 71.3178 28.11
      vertex 4.06663 71.0719 30.11
      vertex 4.06663 71.0719 28.11
    endloop
  endfacet
  facet normal -0.553283 -0.832993 -0
    outer loop
      vertex 165.072 71.5334 28.8433
      vertex 164.977 71.5965 28.11
      vertex 165.072 71.5334 28.11
    endloop
  endfacet
  facet normal 0.831786 0.555096 0
    outer loop
      vertex 169.825 73.4734 30.11
      vertex 169.631 73.7641 28.11
      vertex 169.631 73.7641 30.11
    endloop
  endfacet
  facet normal 0.831786 0.555096 0
    outer loop
      vertex 169.631 73.7641 28.11
      vertex 169.825 73.4734 30.11
      vertex 169.825 73.4734 28.11
    endloop
  endfacet
  facet normal -0.556648 -0.830748 0
    outer loop
      vertex 164.977 71.5965 28.11
      vertex 164.8 71.7151 28.3868
      vertex 164.8 71.7151 28.11
    endloop
  endfacet
  facet normal -0.556648 -0.830748 0
    outer loop
      vertex 164.8 71.7151 28.3868
      vertex 164.977 71.5965 28.11
      vertex 164.8 71.7151 30.11
    endloop
  endfacet
  facet normal -0.555476 -0.831533 0
    outer loop
      vertex 164.8 71.7151 30.11
      vertex 165.072 71.5334 30.1095
      vertex 165.072 71.5334 30.11
    endloop
  endfacet
  facet normal -0.555476 -0.831533 0
    outer loop
      vertex 164.8 71.7151 30.11
      vertex 165.072 71.5334 28.8433
      vertex 165.072 71.5334 30.1095
    endloop
  endfacet
  facet normal -0.554652 -0.832082 0.00025577
    outer loop
      vertex 165.072 71.5334 28.8433
      vertex 164.8 71.7151 30.11
      vertex 164.977 71.5965 28.11
    endloop
  endfacet
  facet normal -0.751883 -0.659297 -0
    outer loop
      vertex 0.406126 1.27879 28.11
      vertex 0.392938 1.29383 28.1
      vertex 0.406126 1.27879 28.1
    endloop
  endfacet
  facet normal -0.751883 -0.659297 0
    outer loop
      vertex 0.392938 1.29383 28.1
      vertex 0.406126 1.27879 28.11
      vertex 0.392938 1.29383 30.11
    endloop
  endfacet
  facet normal -0.751834 -0.659352 7.33181e-07
    outer loop
      vertex 0.540446 1.12563 28.11
      vertex 0.392938 1.29383 30.11
      vertex 0.406126 1.27879 28.11
    endloop
  endfacet
  facet normal -0.751839 -0.659347 0
    outer loop
      vertex 0.392938 1.29383 30.11
      vertex 0.540446 1.12563 28.11
      vertex 0.540446 1.12563 30.11
    endloop
  endfacet
  facet normal 0.32147 0.94692 -0
    outer loop
      vertex 5.40296 3.63518 28.11
      vertex 5.09329 3.74031 30.11
      vertex 5.40296 3.63518 30.11
    endloop
  endfacet
  facet normal 0.32147 0.94692 0
    outer loop
      vertex 5.09329 3.74031 30.11
      vertex 5.40296 3.63518 28.11
      vertex 5.09329 3.74031 28.11
    endloop
  endfacet
  facet normal 0.946495 -0.322719 0
    outer loop
      vertex 170.532 3.47598 30.11
      vertex 170.692 3.94524 28.11
      vertex 170.692 3.94524 30.11
    endloop
  endfacet
  facet normal 0.946495 -0.322719 0
    outer loop
      vertex 170.692 3.94524 28.11
      vertex 170.532 3.47598 30.11
      vertex 170.532 3.47598 28.11
    endloop
  endfacet
  facet normal -0.896509 0.443026 0
    outer loop
      vertex 165.801 4.97403 28.11
      vertex 165.715 4.8 28.11
      vertex 165.715 4.8 29.1045
    endloop
  endfacet
  facet normal -0.896328 0.443392 7.97229e-05
    outer loop
      vertex 165.715 4.8 29.1045
      vertex 165.86 5.0933 28.11
      vertex 165.801 4.97403 28.11
    endloop
  endfacet
  facet normal -0.896432 0.443181 2.2159e-06
    outer loop
      vertex 165.86 5.0933 28.11
      vertex 165.715 4.8 29.1045
      vertex 165.86 5.09329 30.11
    endloop
  endfacet
  facet normal -0.896429 0.443187 0
    outer loop
      vertex 165.86 5.09329 30.11
      vertex 165.715 4.8 29.1045
      vertex 165.715 4.8 30.11
    endloop
  endfacet
  facet normal 0.980677 0.195634 0
    outer loop
      vertex 170.923 70.7811 30.11
      vertex 170.962 70.5856 28.11
      vertex 170.923 70.7811 28.11
    endloop
  endfacet
  facet normal 0.980536 0.196338 0
    outer loop
      vertex 170.962 70.5856 28.11
      vertex 170.996 70.4158 28.11
      vertex 170.962 70.5856 28.1
    endloop
  endfacet
  facet normal 0.980712 0.195457 1.79337e-05
    outer loop
      vertex 171.02 70.2944 30.11
      vertex 170.962 70.5856 28.11
      vertex 170.923 70.7811 30.11
    endloop
  endfacet
  facet normal 0.980536 0.196338 0.000151296
    outer loop
      vertex 170.962 70.5856 28.11
      vertex 171.02 70.2944 30.11
      vertex 170.996 70.4158 28.11
    endloop
  endfacet
  facet normal 0.981013 0.19394 0
    outer loop
      vertex 170.996 70.4158 28.11
      vertex 171.02 70.2944 30.11
      vertex 171.02 70.2944 28.11
    endloop
  endfacet
  facet normal 0.980536 0.196338 0
    outer loop
      vertex 170.962 70.5856 28.1
      vertex 170.996 70.4158 28.11
      vertex 170.996 70.4158 28.1
    endloop
  endfacet
  facet normal -0.980163 -0.198195 -0
    outer loop
      vertex 166.029 69.8763 30.11
      vertex 165.996 70.0395 28.11
      vertex 166.029 69.8763 28.11
    endloop
  endfacet
  facet normal -0.981175 -0.19312 0
    outer loop
      vertex 165.996 70.0395 28.11
      vertex 165.965 70.197 28.3405
      vertex 165.965 70.197 28.11
    endloop
  endfacet
  facet normal -0.981175 -0.19312 0
    outer loop
      vertex 165.965 70.197 28.3405
      vertex 165.996 70.0395 28.11
      vertex 165.965 70.197 29.0103
    endloop
  endfacet
  facet normal -0.980856 -0.194736 0.000293665
    outer loop
      vertex 166.029 69.8763 30.11
      vertex 165.965 70.197 29.0103
      vertex 165.996 70.0395 28.11
    endloop
  endfacet
  facet normal -0.980663 -0.195704 0
    outer loop
      vertex 165.965 70.197 29.0103
      vertex 166.029 69.8763 30.11
      vertex 165.965 70.197 30.11
    endloop
  endfacet
  facet normal 0.0654372 -0.997857 0
    outer loop
      vertex 5.72368 72.0286 28.11
      vertex 6.05001 72.05 30.11
      vertex 5.72368 72.0286 30.11
    endloop
  endfacet
  facet normal 0.0654372 -0.997857 0
    outer loop
      vertex 6.05001 72.05 30.11
      vertex 5.72368 72.0286 28.11
      vertex 6.05001 72.05 28.11
    endloop
  endfacet
  facet normal -0.751961 0.659208 0
    outer loop
      vertex 0.640072 74.588 28.11
      vertex 0.659972 74.6107 28.1
      vertex 0.640072 74.588 28.1
    endloop
  endfacet
  facet normal -0.751961 0.659208 0
    outer loop
      vertex 0.659972 74.6107 28.1
      vertex 0.640072 74.588 28.11
      vertex 0.659972 74.6107 30.11
    endloop
  endfacet
  facet normal -0.753703 0.657216 0
    outer loop
      vertex 0.629957 74.5764 30.11
      vertex 0.640072 74.588 28.11
      vertex 0.629957 74.5764 28.11
    endloop
  endfacet
  facet normal -0.75255 0.658536 1.34877e-05
    outer loop
      vertex 0.640072 74.588 28.11
      vertex 0.629957 74.5764 30.11
      vertex 0.659972 74.6107 30.11
    endloop
  endfacet
  facet normal -0.980789 -0.195072 0
    outer loop
      vertex -1.39568 5.18422 28.1
      vertex -1.3619 5.01438 28.1
      vertex -1.39568 5.18422 28.11
    endloop
  endfacet
  facet normal -0.980782 -0.195106 0
    outer loop
      vertex -1.39568 5.18422 28.11
      vertex -1.41982 5.30557 30.11
      vertex -1.41982 5.30557 28.11
    endloop
  endfacet
  facet normal -0.980789 -0.195072 -0
    outer loop
      vertex -1.3619 5.01438 28.11
      vertex -1.39568 5.18422 28.11
      vertex -1.3619 5.01438 28.1
    endloop
  endfacet
  facet normal -0.980789 -0.195072 -2.12108e-06
    outer loop
      vertex -1.39568 5.18422 28.11
      vertex -1.3619 5.01438 28.11
      vertex -1.41982 5.30557 30.11
    endloop
  endfacet
  facet normal -0.980792 -0.195054 -0
    outer loop
      vertex -1.32303 4.81893 30.11
      vertex -1.3619 5.01438 28.11
      vertex -1.32303 4.81893 28.11
    endloop
  endfacet
  facet normal -0.980789 -0.195073 -1.92343e-06
    outer loop
      vertex -1.3619 5.01438 28.11
      vertex -1.32303 4.81893 30.11
      vertex -1.41982 5.30557 30.11
    endloop
  endfacet
  facet normal 0.980788 0.195075 0
    outer loop
      vertex 3.63518 5.40296 30.11
      vertex 3.57139 5.72368 28.11
      vertex 3.57139 5.72368 30.11
    endloop
  endfacet
  facet normal 0.980788 0.195075 0
    outer loop
      vertex 3.57139 5.72368 28.11
      vertex 3.63518 5.40296 30.11
      vertex 3.63518 5.40296 28.11
    endloop
  endfacet
  facet normal -0.752061 0.659094 0
    outer loop
      vertex 165.533 4.52808 28.5643
      vertex 165.495 4.48472 28.11
      vertex 165.533 4.52808 29.1779
    endloop
  endfacet
  facet normal -0.752061 0.659094 0
    outer loop
      vertex 165.533 4.52808 30.1092
      vertex 165.533 4.52808 29.1779
      vertex 165.495 4.48472 28.11
    endloop
  endfacet
  facet normal -0.752061 0.659094 0
    outer loop
      vertex 165.533 4.52808 28.11
      vertex 165.495 4.48472 28.11
      vertex 165.533 4.52808 28.5643
    endloop
  endfacet
  facet normal -0.752906 0.658128 0
    outer loop
      vertex 165.495 4.48472 28.11
      vertex 165.318 4.28223 28.11
      vertex 165.318 4.28223 29.2042
    endloop
  endfacet
  facet normal -0.752906 0.658128 0
    outer loop
      vertex 165.495 4.48472 28.11
      vertex 165.318 4.28223 29.2042
      vertex 165.318 4.28223 29.267
    endloop
  endfacet
  facet normal -0.752813 0.658235 3.29263e-05
    outer loop
      vertex 165.318 4.28223 29.267
      vertex 165.533 4.52808 30.1092
      vertex 165.495 4.48472 28.11
    endloop
  endfacet
  facet normal -0.752757 0.658299 0
    outer loop
      vertex 165.318 4.28223 30.11
      vertex 165.533 4.52808 30.1092
      vertex 165.318 4.28223 29.267
    endloop
  endfacet
  facet normal -0.752757 0.658299 0
    outer loop
      vertex 165.533 4.52808 30.1092
      vertex 165.318 4.28223 30.11
      vertex 165.533 4.52808 30.11
    endloop
  endfacet
  facet normal 0.897439 -0.441138 0
    outer loop
      vertex 170.246 2.86496 30.11
      vertex 170.07 2.50691 28.11
      vertex 170.246 2.86496 28.1
    endloop
  endfacet
  facet normal 0.896871 -0.442291 0.000256552
    outer loop
      vertex 170.052 2.47157 30.11
      vertex 170.07 2.50691 28.11
      vertex 170.246 2.86496 30.11
    endloop
  endfacet
  facet normal 0.891074 -0.453858 0
    outer loop
      vertex 170.07 2.50691 28.11
      vertex 170.052 2.47157 30.11
      vertex 170.052 2.47157 28.11
    endloop
  endfacet
  facet normal 0.897439 -0.441138 0
    outer loop
      vertex 170.246 2.86496 28.1
      vertex 170.07 2.50691 28.11
      vertex 170.07 2.50691 28.1
    endloop
  endfacet
  facet normal 0.751847 0.659338 0
    outer loop
      vertex 4.28223 4.28223 30.11
      vertex 4.06663 4.52808 28.11
      vertex 4.06663 4.52808 30.11
    endloop
  endfacet
  facet normal 0.751847 0.659338 0
    outer loop
      vertex 4.06663 4.52808 28.11
      vertex 4.28223 4.28223 30.11
      vertex 4.28223 4.28223 28.11
    endloop
  endfacet
  facet normal -0.896872 -0.44229 1.80861e-07
    outer loop
      vertex -0.452222 2.47157 30.11
      vertex -0.646221 2.86496 30.11
      vertex -0.454698 2.47659 28.11
    endloop
  endfacet
  facet normal -0.896844 -0.442348 -0
    outer loop
      vertex -0.452222 2.47157 30.11
      vertex -0.454698 2.47659 28.11
      vertex -0.452222 2.47157 28.11
    endloop
  endfacet
  facet normal -0.896873 -0.442289 -0
    outer loop
      vertex -0.454698 2.47659 28.11
      vertex -0.646221 2.86496 28.1
      vertex -0.454698 2.47659 28.1
    endloop
  endfacet
  facet normal -0.896873 -0.442289 0
    outer loop
      vertex -0.646221 2.86496 28.1
      vertex -0.454698 2.47659 28.11
      vertex -0.646221 2.86496 30.11
    endloop
  endfacet
  facet normal 0.195105 -0.980782 0
    outer loop
      vertex 5.40296 71.9648 28.11
      vertex 5.72368 72.0286 30.11
      vertex 5.40296 71.9648 30.11
    endloop
  endfacet
  facet normal 0.195105 -0.980782 0
    outer loop
      vertex 5.72368 72.0286 30.11
      vertex 5.40296 71.9648 28.11
      vertex 5.72368 72.0286 28.11
    endloop
  endfacet
  facet normal -0.751623 0.659593 0
    outer loop
      vertex 0.540446 74.4744 28.11
      vertex 0.629957 74.5764 30.11
      vertex 0.629957 74.5764 28.11
    endloop
  endfacet
  facet normal -0.751623 0.659593 0
    outer loop
      vertex 0.629957 74.5764 30.11
      vertex 0.540446 74.4744 28.11
      vertex 0.540446 74.4744 30.11
    endloop
  endfacet
  facet normal -0.751805 0.659385 0
    outer loop
      vertex 0.421969 74.3393 28.1
      vertex 0.392938 74.3062 28.1
      vertex 0.421969 74.3393 28.11
    endloop
  endfacet
  facet normal -0.751847 0.659338 0
    outer loop
      vertex 0.421969 74.3393 28.11
      vertex 0.540446 74.4744 30.11
      vertex 0.540446 74.4744 28.11
    endloop
  endfacet
  facet normal -0.751805 0.659385 0
    outer loop
      vertex 0.392938 74.3062 30.11
      vertex 0.421969 74.3393 28.11
      vertex 0.392938 74.3062 28.1
    endloop
  endfacet
  facet normal -0.751839 0.659347 -1.11614e-06
    outer loop
      vertex 0.421969 74.3393 28.11
      vertex 0.392938 74.3062 30.11
      vertex 0.540446 74.4744 30.11
    endloop
  endfacet
  facet normal 0.321388 -0.946948 0
    outer loop
      vertex 5.09329 71.8597 28.11
      vertex 5.40296 71.9648 30.11
      vertex 5.09329 71.8597 30.11
    endloop
  endfacet
  facet normal 0.321388 -0.946948 0
    outer loop
      vertex 5.40296 71.9648 30.11
      vertex 5.09329 71.8597 28.11
      vertex 5.40296 71.9648 28.11
    endloop
  endfacet
endsolid OpenSCAD_Model
