solid OpenSCAD_Model
  facet normal -0.997867 0.0652738 0
    outer loop
      vertex 80.325 56.8 -8.93
      vertex 80.3504 57.1883 1.51
      vertex 80.3504 57.1883 -8.93
    endloop
  endfacet
  facet normal -0.997867 0.0652738 0
    outer loop
      vertex 80.3504 57.1883 1.51
      vertex 80.325 56.8 -8.93
      vertex 80.325 56.8 1.51
    endloop
  endfacet
  facet normal 0.55553 -0.831496 0
    outer loop
      vertex 87.0375 52.9245 -8.93
      vertex 87.3611 53.1407 1.51
      vertex 87.0375 52.9245 1.51
    endloop
  endfacet
  facet normal 0.55553 -0.831496 0
    outer loop
      vertex 87.3611 53.1407 1.51
      vertex 87.0375 52.9245 -8.93
      vertex 87.3611 53.1407 -8.93
    endloop
  endfacet
  facet normal 0.659341 -0.751844 0
    outer loop
      vertex 87.5242 53.2497 -8.93
      vertex 87.8168 53.5063 1.51
      vertex 87.5242 53.2497 1.51
    endloop
  endfacet
  facet normal 0.659341 -0.751844 0
    outer loop
      vertex 87.8168 53.5063 1.51
      vertex 87.5242 53.2497 -8.93
      vertex 87.8168 53.5063 -8.93
    endloop
  endfacet
  facet normal 0.442273 -0.896881 0
    outer loop
      vertex 86.6885 52.7524 -8.93
      vertex 87.0375 52.9245 1.51
      vertex 86.6885 52.7524 1.51
    endloop
  endfacet
  facet normal 0.442273 -0.896881 0
    outer loop
      vertex 87.0375 52.9245 1.51
      vertex 86.6885 52.7524 -8.93
      vertex 87.0375 52.9245 -8.93
    endloop
  endfacet
  facet normal -0.980757 0.195234 0
    outer loop
      vertex 80.3633 57.3841 -8.93
      vertex 80.4016 57.5765 1.51
      vertex 80.4016 57.5765 -8.93
    endloop
  endfacet
  facet normal -0.980757 0.195234 0
    outer loop
      vertex 80.4016 57.5765 1.51
      vertex 80.3633 57.3841 -8.93
      vertex 80.3633 57.3841 1.51
    endloop
  endfacet
  facet normal -0.442315 -0.89686 0
    outer loop
      vertex 82.9115 52.7524 -8.93
      vertex 83.0875 52.6656 1.51
      vertex 82.9115 52.7524 1.51
    endloop
  endfacet
  facet normal -0.442315 -0.89686 -0
    outer loop
      vertex 83.0875 52.6656 1.51
      vertex 82.9115 52.7524 -8.93
      vertex 83.0875 52.6656 -8.93
    endloop
  endfacet
  facet normal 0.94704 0.321117 0
    outer loop
      vertex 88.9974 58.3267 1.51
      vertex 88.9344 58.5125 -8.93
      vertex 88.9344 58.5125 1.51
    endloop
  endfacet
  facet normal 0.94704 0.321117 0
    outer loop
      vertex 88.9344 58.5125 -8.93
      vertex 88.9974 58.3267 1.51
      vertex 88.9974 58.3267 -8.93
    endloop
  endfacet
  facet normal -0.89686 0.442315 0
    outer loop
      vertex 80.6656 58.5125 -8.93
      vertex 80.7524 58.6885 1.51
      vertex 80.7524 58.6885 -8.93
    endloop
  endfacet
  facet normal -0.89686 0.442315 0
    outer loop
      vertex 80.7524 58.6885 1.51
      vertex 80.6656 58.5125 -8.93
      vertex 80.6656 58.5125 1.51
    endloop
  endfacet
  facet normal 0.751724 0.659478 0
    outer loop
      vertex 88.0937 59.8168 1.51
      vertex 87.9643 59.9643 -8.93
      vertex 87.9643 59.9643 1.51
    endloop
  endfacet
  facet normal 0.751724 0.659478 0
    outer loop
      vertex 87.9643 59.9643 -8.93
      vertex 88.0937 59.8168 1.51
      vertex 88.0937 59.8168 -8.93
    endloop
  endfacet
  facet normal -0.55553 0.831496 0
    outer loop
      vertex 82.5625 60.6755 -8.93
      vertex 82.2389 60.4593 1.51
      vertex 82.5625 60.6755 1.51
    endloop
  endfacet
  facet normal -0.55553 0.831496 0
    outer loop
      vertex 82.2389 60.4593 1.51
      vertex 82.5625 60.6755 -8.93
      vertex 82.2389 60.4593 -8.93
    endloop
  endfacet
  facet normal -0.831422 -0.555641 0
    outer loop
      vertex 81.2497 54.0758 -8.93
      vertex 81.1407 54.2389 1.51
      vertex 81.1407 54.2389 -8.93
    endloop
  endfacet
  facet normal -0.831422 -0.555641 0
    outer loop
      vertex 81.1407 54.2389 1.51
      vertex 81.2497 54.0758 -8.93
      vertex 81.2497 54.0758 1.51
    endloop
  endfacet
  facet normal 0.195234 0.980757 -0
    outer loop
      vertex 85.5765 61.1984 -8.93
      vertex 85.3841 61.2367 1.51
      vertex 85.5765 61.1984 1.51
    endloop
  endfacet
  facet normal 0.195234 0.980757 0
    outer loop
      vertex 85.3841 61.2367 1.51
      vertex 85.5765 61.1984 -8.93
      vertex 85.3841 61.2367 -8.93
    endloop
  endfacet
  facet normal 0.751844 0.659341 0
    outer loop
      vertex 88.3503 59.5242 1.51
      vertex 88.0937 59.8168 -8.93
      vertex 88.0937 59.8168 1.51
    endloop
  endfacet
  facet normal 0.751844 0.659341 0
    outer loop
      vertex 88.0937 59.8168 -8.93
      vertex 88.3503 59.5242 1.51
      vertex 88.3503 59.5242 -8.93
    endloop
  endfacet
  facet normal -0.751844 0.659341 0
    outer loop
      vertex 81.2497 59.5242 -8.93
      vertex 81.5063 59.8168 1.51
      vertex 81.5063 59.8168 -8.93
    endloop
  endfacet
  facet normal -0.751844 0.659341 0
    outer loop
      vertex 81.5063 59.8168 1.51
      vertex 81.2497 59.5242 -8.93
      vertex 81.2497 59.5242 1.51
    endloop
  endfacet
  facet normal 0.997851 -0.0655297 0
    outer loop
      vertex 89.2495 56.4117 1.51
      vertex 89.275 56.8 -8.93
      vertex 89.275 56.8 1.51
    endloop
  endfacet
  facet normal 0.997851 -0.0655297 0
    outer loop
      vertex 89.275 56.8 -8.93
      vertex 89.2495 56.4117 1.51
      vertex 89.2495 56.4117 -8.93
    endloop
  endfacet
  facet normal 0.555641 0.831422 -0
    outer loop
      vertex 87.5242 60.3503 -8.93
      vertex 87.3611 60.4593 1.51
      vertex 87.5242 60.3503 1.51
    endloop
  endfacet
  facet normal 0.555641 0.831422 0
    outer loop
      vertex 87.3611 60.4593 1.51
      vertex 87.5242 60.3503 -8.93
      vertex 87.3611 60.4593 -8.93
    endloop
  endfacet
  facet normal 0.99787 0.0652336 0
    outer loop
      vertex 89.2495 57.1883 1.51
      vertex 89.2367 57.3841 -8.93
      vertex 89.2367 57.3841 1.51
    endloop
  endfacet
  facet normal 0.99787 0.0652336 0
    outer loop
      vertex 89.2367 57.3841 -8.93
      vertex 89.2495 57.1883 1.51
      vertex 89.2495 57.1883 -8.93
    endloop
  endfacet
  facet normal -0.321465 0.946921 0
    outer loop
      vertex 83.6418 61.1225 -8.93
      vertex 83.2733 60.9974 1.51
      vertex 83.6418 61.1225 1.51
    endloop
  endfacet
  facet normal -0.321465 0.946921 0
    outer loop
      vertex 83.2733 60.9974 1.51
      vertex 83.6418 61.1225 -8.93
      vertex 83.2733 60.9974 -8.93
    endloop
  endfacet
  facet normal 0.89686 0.442315 0
    outer loop
      vertex 88.9344 58.5125 1.51
      vertex 88.8476 58.6885 -8.93
      vertex 88.8476 58.6885 1.51
    endloop
  endfacet
  facet normal 0.89686 0.442315 0
    outer loop
      vertex 88.8476 58.6885 -8.93
      vertex 88.9344 58.5125 1.51
      vertex 88.9344 58.5125 -8.93
    endloop
  endfacet
  facet normal 0.946921 -0.321465 0
    outer loop
      vertex 88.9974 55.2733 1.51
      vertex 89.1225 55.6418 -8.93
      vertex 89.1225 55.6418 1.51
    endloop
  endfacet
  facet normal 0.946921 -0.321465 0
    outer loop
      vertex 89.1225 55.6418 -8.93
      vertex 88.9974 55.2733 1.51
      vertex 88.9974 55.2733 -8.93
    endloop
  endfacet
  facet normal -0.195029 0.980797 0
    outer loop
      vertex 84.0235 61.1984 -8.93
      vertex 83.6418 61.1225 1.51
      vertex 84.0235 61.1984 1.51
    endloop
  endfacet
  facet normal -0.195029 0.980797 0
    outer loop
      vertex 83.6418 61.1225 1.51
      vertex 84.0235 61.1984 -8.93
      vertex 83.6418 61.1225 -8.93
    endloop
  endfacet
  facet normal 0.980797 0.195029 0
    outer loop
      vertex 89.1984 57.5765 1.51
      vertex 89.1225 57.9582 -8.93
      vertex 89.1225 57.9582 1.51
    endloop
  endfacet
  facet normal 0.980797 0.195029 0
    outer loop
      vertex 89.1225 57.9582 -8.93
      vertex 89.1984 57.5765 1.51
      vertex 89.1984 57.5765 -8.93
    endloop
  endfacet
  facet normal -0.831496 0.55553 0
    outer loop
      vertex 80.9245 59.0375 -8.93
      vertex 81.1407 59.3611 1.51
      vertex 81.1407 59.3611 -8.93
    endloop
  endfacet
  facet normal -0.831496 0.55553 0
    outer loop
      vertex 81.1407 59.3611 1.51
      vertex 80.9245 59.0375 -8.93
      vertex 80.9245 59.0375 1.51
    endloop
  endfacet
  facet normal 0.659478 -0.751724 0
    outer loop
      vertex 87.8168 53.5063 -8.93
      vertex 87.9643 53.6357 1.51
      vertex 87.8168 53.5063 1.51
    endloop
  endfacet
  facet normal 0.659478 -0.751724 0
    outer loop
      vertex 87.9643 53.6357 1.51
      vertex 87.8168 53.5063 -8.93
      vertex 87.9643 53.6357 -8.93
    endloop
  endfacet
  facet normal -0.896881 -0.442273 0
    outer loop
      vertex 80.9245 54.5625 -8.93
      vertex 80.7524 54.9115 1.51
      vertex 80.7524 54.9115 -8.93
    endloop
  endfacet
  facet normal -0.896881 -0.442273 0
    outer loop
      vertex 80.7524 54.9115 1.51
      vertex 80.9245 54.5625 -8.93
      vertex 80.9245 54.5625 1.51
    endloop
  endfacet
  facet normal -0.89686 -0.442315 0
    outer loop
      vertex 80.7524 54.9115 -8.93
      vertex 80.6656 55.0875 1.51
      vertex 80.6656 55.0875 -8.93
    endloop
  endfacet
  facet normal -0.89686 -0.442315 0
    outer loop
      vertex 80.6656 55.0875 1.51
      vertex 80.7524 54.9115 -8.93
      vertex 80.7524 54.9115 1.51
    endloop
  endfacet
  facet normal -0.321117 0.94704 0
    outer loop
      vertex 83.2733 60.9974 -8.93
      vertex 83.0875 60.9344 1.51
      vertex 83.2733 60.9974 1.51
    endloop
  endfacet
  facet normal -0.321117 0.94704 0
    outer loop
      vertex 83.0875 60.9344 1.51
      vertex 83.2733 60.9974 -8.93
      vertex 83.0875 60.9344 -8.93
    endloop
  endfacet
  facet normal -0.442315 0.89686 0
    outer loop
      vertex 83.0875 60.9344 -8.93
      vertex 82.9115 60.8476 1.51
      vertex 83.0875 60.9344 1.51
    endloop
  endfacet
  facet normal -0.442315 0.89686 0
    outer loop
      vertex 82.9115 60.8476 1.51
      vertex 83.0875 60.9344 -8.93
      vertex 82.9115 60.8476 -8.93
    endloop
  endfacet
  facet normal -0.946921 -0.321465 0
    outer loop
      vertex 80.6026 55.2733 -8.93
      vertex 80.4775 55.6418 1.51
      vertex 80.4775 55.6418 -8.93
    endloop
  endfacet
  facet normal -0.946921 -0.321465 0
    outer loop
      vertex 80.4775 55.6418 1.51
      vertex 80.6026 55.2733 -8.93
      vertex 80.6026 55.2733 1.51
    endloop
  endfacet
  facet normal -0.555641 -0.831422 0
    outer loop
      vertex 82.0758 53.2497 -8.93
      vertex 82.2389 53.1407 1.51
      vertex 82.0758 53.2497 1.51
    endloop
  endfacet
  facet normal -0.555641 -0.831422 -0
    outer loop
      vertex 82.2389 53.1407 1.51
      vertex 82.0758 53.2497 -8.93
      vertex 82.2389 53.1407 -8.93
    endloop
  endfacet
  facet normal -0.555641 0.831422 0
    outer loop
      vertex 82.2389 60.4593 -8.93
      vertex 82.0758 60.3503 1.51
      vertex 82.2389 60.4593 1.51
    endloop
  endfacet
  facet normal -0.555641 0.831422 0
    outer loop
      vertex 82.0758 60.3503 1.51
      vertex 82.2389 60.4593 -8.93
      vertex 82.0758 60.3503 -8.93
    endloop
  endfacet
  facet normal 0.896881 -0.442273 0
    outer loop
      vertex 88.6755 54.5625 1.51
      vertex 88.8476 54.9115 -8.93
      vertex 88.8476 54.9115 1.51
    endloop
  endfacet
  facet normal 0.896881 -0.442273 0
    outer loop
      vertex 88.8476 54.9115 -8.93
      vertex 88.6755 54.5625 1.51
      vertex 88.6755 54.5625 -8.93
    endloop
  endfacet
  facet normal -0.751724 0.659478 0
    outer loop
      vertex 81.5063 59.8168 -8.93
      vertex 81.6357 59.9643 1.51
      vertex 81.6357 59.9643 -8.93
    endloop
  endfacet
  facet normal -0.751724 0.659478 0
    outer loop
      vertex 81.6357 59.9643 1.51
      vertex 81.5063 59.8168 -8.93
      vertex 81.5063 59.8168 1.51
    endloop
  endfacet
  facet normal 0.321117 -0.94704 0
    outer loop
      vertex 86.3267 52.6026 -8.93
      vertex 86.5125 52.6656 1.51
      vertex 86.3267 52.6026 1.51
    endloop
  endfacet
  facet normal 0.321117 -0.94704 0
    outer loop
      vertex 86.5125 52.6656 1.51
      vertex 86.3267 52.6026 -8.93
      vertex 86.5125 52.6656 -8.93
    endloop
  endfacet
  facet normal 0.751844 -0.659341 0
    outer loop
      vertex 88.0937 53.7832 1.51
      vertex 88.3503 54.0758 -8.93
      vertex 88.3503 54.0758 1.51
    endloop
  endfacet
  facet normal 0.751844 -0.659341 0
    outer loop
      vertex 88.3503 54.0758 -8.93
      vertex 88.0937 53.7832 1.51
      vertex 88.0937 53.7832 -8.93
    endloop
  endfacet
  facet normal 0.980757 0.195234 0
    outer loop
      vertex 89.2367 57.3841 1.51
      vertex 89.1984 57.5765 -8.93
      vertex 89.1984 57.5765 1.51
    endloop
  endfacet
  facet normal 0.980757 0.195234 0
    outer loop
      vertex 89.1984 57.5765 -8.93
      vertex 89.2367 57.3841 1.51
      vertex 89.2367 57.3841 -8.93
    endloop
  endfacet
  facet normal -0.94704 0.321117 0
    outer loop
      vertex 80.6026 58.3267 -8.93
      vertex 80.6656 58.5125 1.51
      vertex 80.6656 58.5125 -8.93
    endloop
  endfacet
  facet normal -0.94704 0.321117 0
    outer loop
      vertex 80.6656 58.5125 1.51
      vertex 80.6026 58.3267 -8.93
      vertex 80.6026 58.3267 1.51
    endloop
  endfacet
  facet normal 0.751724 -0.659478 0
    outer loop
      vertex 87.9643 53.6357 1.51
      vertex 88.0937 53.7832 -8.93
      vertex 88.0937 53.7832 1.51
    endloop
  endfacet
  facet normal 0.751724 -0.659478 0
    outer loop
      vertex 88.0937 53.7832 -8.93
      vertex 87.9643 53.6357 1.51
      vertex 87.9643 53.6357 -8.93
    endloop
  endfacet
  facet normal 0.555641 -0.831422 0
    outer loop
      vertex 87.3611 53.1407 -8.93
      vertex 87.5242 53.2497 1.51
      vertex 87.3611 53.1407 1.51
    endloop
  endfacet
  facet normal 0.555641 -0.831422 0
    outer loop
      vertex 87.5242 53.2497 1.51
      vertex 87.3611 53.1407 -8.93
      vertex 87.5242 53.2497 -8.93
    endloop
  endfacet
  facet normal 0.321465 0.946921 -0
    outer loop
      vertex 86.3267 60.9974 -8.93
      vertex 85.9582 61.1225 1.51
      vertex 86.3267 60.9974 1.51
    endloop
  endfacet
  facet normal 0.321465 0.946921 0
    outer loop
      vertex 85.9582 61.1225 1.51
      vertex 86.3267 60.9974 -8.93
      vertex 85.9582 61.1225 -8.93
    endloop
  endfacet
  facet normal -0.442273 0.896881 0
    outer loop
      vertex 82.9115 60.8476 -8.93
      vertex 82.5625 60.6755 1.51
      vertex 82.9115 60.8476 1.51
    endloop
  endfacet
  facet normal -0.442273 0.896881 0
    outer loop
      vertex 82.5625 60.6755 1.51
      vertex 82.9115 60.8476 -8.93
      vertex 82.5625 60.6755 -8.93
    endloop
  endfacet
  facet normal 0.55553 0.831496 -0
    outer loop
      vertex 87.3611 60.4593 -8.93
      vertex 87.0375 60.6755 1.51
      vertex 87.3611 60.4593 1.51
    endloop
  endfacet
  facet normal 0.55553 0.831496 0
    outer loop
      vertex 87.0375 60.6755 1.51
      vertex 87.3611 60.4593 -8.93
      vertex 87.0375 60.6755 -8.93
    endloop
  endfacet
  facet normal -0.659478 -0.751724 0
    outer loop
      vertex 81.6357 53.6357 -8.93
      vertex 81.7832 53.5063 1.51
      vertex 81.6357 53.6357 1.51
    endloop
  endfacet
  facet normal -0.659478 -0.751724 -0
    outer loop
      vertex 81.7832 53.5063 1.51
      vertex 81.6357 53.6357 -8.93
      vertex 81.7832 53.5063 -8.93
    endloop
  endfacet
  facet normal -0.946921 0.321465 0
    outer loop
      vertex 80.4775 57.9582 -8.93
      vertex 80.6026 58.3267 1.51
      vertex 80.6026 58.3267 -8.93
    endloop
  endfacet
  facet normal -0.946921 0.321465 0
    outer loop
      vertex 80.6026 58.3267 1.51
      vertex 80.4775 57.9582 -8.93
      vertex 80.4775 57.9582 1.51
    endloop
  endfacet
  facet normal -0.896881 0.442273 0
    outer loop
      vertex 80.7524 58.6885 -8.93
      vertex 80.9245 59.0375 1.51
      vertex 80.9245 59.0375 -8.93
    endloop
  endfacet
  facet normal -0.896881 0.442273 0
    outer loop
      vertex 80.9245 59.0375 1.51
      vertex 80.7524 58.6885 -8.93
      vertex 80.7524 58.6885 1.51
    endloop
  endfacet
  facet normal 0.831422 -0.555641 0
    outer loop
      vertex 88.3503 54.0758 1.51
      vertex 88.4593 54.2389 -8.93
      vertex 88.4593 54.2389 1.51
    endloop
  endfacet
  facet normal 0.831422 -0.555641 0
    outer loop
      vertex 88.4593 54.2389 -8.93
      vertex 88.3503 54.0758 1.51
      vertex 88.3503 54.0758 -8.93
    endloop
  endfacet
  facet normal -0.997837 -0.065741 0
    outer loop
      vertex 80.3633 56.2159 -8.93
      vertex 80.3504 56.4117 1.51
      vertex 80.3504 56.4117 -8.93
    endloop
  endfacet
  facet normal -0.997837 -0.065741 0
    outer loop
      vertex 80.3504 56.4117 1.51
      vertex 80.3633 56.2159 -8.93
      vertex 80.3633 56.2159 1.51
    endloop
  endfacet
  facet normal -0.321117 -0.94704 0
    outer loop
      vertex 83.0875 52.6656 -8.93
      vertex 83.2733 52.6026 1.51
      vertex 83.0875 52.6656 1.51
    endloop
  endfacet
  facet normal -0.321117 -0.94704 -0
    outer loop
      vertex 83.2733 52.6026 1.51
      vertex 83.0875 52.6656 -8.93
      vertex 83.2733 52.6026 -8.93
    endloop
  endfacet
  facet normal -0.0655297 -0.997851 0
    outer loop
      vertex 84.4117 52.3505 -8.93
      vertex 84.8 52.325 1.51
      vertex 84.4117 52.3505 1.51
    endloop
  endfacet
  facet normal -0.0655297 -0.997851 -0
    outer loop
      vertex 84.8 52.325 1.51
      vertex 84.4117 52.3505 -8.93
      vertex 84.8 52.325 -8.93
    endloop
  endfacet
  facet normal -0.980797 0.195029 0
    outer loop
      vertex 80.4016 57.5765 -8.93
      vertex 80.4775 57.9582 1.51
      vertex 80.4775 57.9582 -8.93
    endloop
  endfacet
  facet normal -0.980797 0.195029 0
    outer loop
      vertex 80.4775 57.9582 1.51
      vertex 80.4016 57.5765 -8.93
      vertex 80.4016 57.5765 1.51
    endloop
  endfacet
  facet normal -0.195234 0.980757 0
    outer loop
      vertex 84.2159 61.2367 -8.93
      vertex 84.0235 61.1984 1.51
      vertex 84.2159 61.2367 1.51
    endloop
  endfacet
  facet normal -0.195234 0.980757 0
    outer loop
      vertex 84.0235 61.1984 1.51
      vertex 84.2159 61.2367 -8.93
      vertex 84.0235 61.1984 -8.93
    endloop
  endfacet
  facet normal -0.659478 0.751724 0
    outer loop
      vertex 81.7832 60.0937 -8.93
      vertex 81.6357 59.9643 1.51
      vertex 81.7832 60.0937 1.51
    endloop
  endfacet
  facet normal -0.659478 0.751724 0
    outer loop
      vertex 81.6357 59.9643 1.51
      vertex 81.7832 60.0937 -8.93
      vertex 81.6357 59.9643 -8.93
    endloop
  endfacet
  facet normal 0.659478 0.751724 -0
    outer loop
      vertex 87.9643 59.9643 -8.93
      vertex 87.8168 60.0937 1.51
      vertex 87.9643 59.9643 1.51
    endloop
  endfacet
  facet normal 0.659478 0.751724 0
    outer loop
      vertex 87.8168 60.0937 1.51
      vertex 87.9643 59.9643 -8.93
      vertex 87.8168 60.0937 -8.93
    endloop
  endfacet
  facet normal -0.659341 0.751844 0
    outer loop
      vertex 82.0758 60.3503 -8.93
      vertex 81.7832 60.0937 1.51
      vertex 82.0758 60.3503 1.51
    endloop
  endfacet
  facet normal -0.659341 0.751844 0
    outer loop
      vertex 81.7832 60.0937 1.51
      vertex 82.0758 60.3503 -8.93
      vertex 81.7832 60.0937 -8.93
    endloop
  endfacet
  facet normal -0.94704 -0.321117 0
    outer loop
      vertex 80.6656 55.0875 -8.93
      vertex 80.6026 55.2733 1.51
      vertex 80.6026 55.2733 -8.93
    endloop
  endfacet
  facet normal -0.94704 -0.321117 0
    outer loop
      vertex 80.6026 55.2733 1.51
      vertex 80.6656 55.0875 -8.93
      vertex 80.6656 55.0875 1.51
    endloop
  endfacet
  facet normal -0.0652336 0.99787 0
    outer loop
      vertex 84.4117 61.2495 -8.93
      vertex 84.2159 61.2367 1.51
      vertex 84.4117 61.2495 1.51
    endloop
  endfacet
  facet normal -0.0652336 0.99787 0
    outer loop
      vertex 84.2159 61.2367 1.51
      vertex 84.4117 61.2495 -8.93
      vertex 84.2159 61.2367 -8.93
    endloop
  endfacet
  facet normal 0.0652336 0.99787 -0
    outer loop
      vertex 85.3841 61.2367 -8.93
      vertex 85.1883 61.2495 1.51
      vertex 85.3841 61.2367 1.51
    endloop
  endfacet
  facet normal 0.0652336 0.99787 0
    outer loop
      vertex 85.1883 61.2495 1.51
      vertex 85.3841 61.2367 -8.93
      vertex 85.1883 61.2495 -8.93
    endloop
  endfacet
  facet normal 0.831496 -0.55553 0
    outer loop
      vertex 88.4593 54.2389 1.51
      vertex 88.6755 54.5625 -8.93
      vertex 88.6755 54.5625 1.51
    endloop
  endfacet
  facet normal 0.831496 -0.55553 0
    outer loop
      vertex 88.6755 54.5625 -8.93
      vertex 88.4593 54.2389 1.51
      vertex 88.4593 54.2389 -8.93
    endloop
  endfacet
  facet normal 0.831496 0.55553 0
    outer loop
      vertex 88.6755 59.0375 1.51
      vertex 88.4593 59.3611 -8.93
      vertex 88.4593 59.3611 1.51
    endloop
  endfacet
  facet normal 0.831496 0.55553 0
    outer loop
      vertex 88.4593 59.3611 -8.93
      vertex 88.6755 59.0375 1.51
      vertex 88.6755 59.0375 -8.93
    endloop
  endfacet
  facet normal -0.831422 0.555641 0
    outer loop
      vertex 81.1407 59.3611 -8.93
      vertex 81.2497 59.5242 1.51
      vertex 81.2497 59.5242 -8.93
    endloop
  endfacet
  facet normal -0.831422 0.555641 0
    outer loop
      vertex 81.2497 59.5242 1.51
      vertex 81.1407 59.3611 -8.93
      vertex 81.1407 59.3611 1.51
    endloop
  endfacet
  facet normal 0.321465 -0.946921 0
    outer loop
      vertex 85.9582 52.4775 -8.93
      vertex 86.3267 52.6026 1.51
      vertex 85.9582 52.4775 1.51
    endloop
  endfacet
  facet normal 0.321465 -0.946921 0
    outer loop
      vertex 86.3267 52.6026 1.51
      vertex 85.9582 52.4775 -8.93
      vertex 86.3267 52.6026 -8.93
    endloop
  endfacet
  facet normal -0.997837 0.065741 0
    outer loop
      vertex 80.3504 57.1883 -8.93
      vertex 80.3633 57.3841 1.51
      vertex 80.3633 57.3841 -8.93
    endloop
  endfacet
  facet normal -0.997837 0.065741 0
    outer loop
      vertex 80.3633 57.3841 1.51
      vertex 80.3504 57.1883 -8.93
      vertex 80.3504 57.1883 1.51
    endloop
  endfacet
  facet normal 0.946921 0.321465 0
    outer loop
      vertex 89.1225 57.9582 1.51
      vertex 88.9974 58.3267 -8.93
      vertex 88.9974 58.3267 1.51
    endloop
  endfacet
  facet normal 0.946921 0.321465 0
    outer loop
      vertex 88.9974 58.3267 -8.93
      vertex 89.1225 57.9582 1.51
      vertex 89.1225 57.9582 -8.93
    endloop
  endfacet
  facet normal -0.0652336 -0.99787 0
    outer loop
      vertex 84.2159 52.3633 -8.93
      vertex 84.4117 52.3505 1.51
      vertex 84.2159 52.3633 1.51
    endloop
  endfacet
  facet normal -0.0652336 -0.99787 -0
    outer loop
      vertex 84.4117 52.3505 1.51
      vertex 84.2159 52.3633 -8.93
      vertex 84.4117 52.3505 -8.93
    endloop
  endfacet
  facet normal 0.659341 0.751844 -0
    outer loop
      vertex 87.8168 60.0937 -8.93
      vertex 87.5242 60.3503 1.51
      vertex 87.8168 60.0937 1.51
    endloop
  endfacet
  facet normal 0.659341 0.751844 0
    outer loop
      vertex 87.5242 60.3503 1.51
      vertex 87.8168 60.0937 -8.93
      vertex 87.5242 60.3503 -8.93
    endloop
  endfacet
  facet normal 0.0655297 -0.997851 0
    outer loop
      vertex 84.8 52.325 -8.93
      vertex 85.1883 52.3505 1.51
      vertex 84.8 52.325 1.51
    endloop
  endfacet
  facet normal 0.0655297 -0.997851 0
    outer loop
      vertex 85.1883 52.3505 1.51
      vertex 84.8 52.325 -8.93
      vertex 85.1883 52.3505 -8.93
    endloop
  endfacet
  facet normal 0.831422 0.555641 0
    outer loop
      vertex 88.4593 59.3611 1.51
      vertex 88.3503 59.5242 -8.93
      vertex 88.3503 59.5242 1.51
    endloop
  endfacet
  facet normal 0.831422 0.555641 0
    outer loop
      vertex 88.3503 59.5242 -8.93
      vertex 88.4593 59.3611 1.51
      vertex 88.4593 59.3611 -8.93
    endloop
  endfacet
  facet normal -0.195029 -0.980797 0
    outer loop
      vertex 83.6418 52.4775 -8.93
      vertex 84.0235 52.4016 1.51
      vertex 83.6418 52.4775 1.51
    endloop
  endfacet
  facet normal -0.195029 -0.980797 -0
    outer loop
      vertex 84.0235 52.4016 1.51
      vertex 83.6418 52.4775 -8.93
      vertex 84.0235 52.4016 -8.93
    endloop
  endfacet
  facet normal -0.442273 -0.896881 0
    outer loop
      vertex 82.5625 52.9245 -8.93
      vertex 82.9115 52.7524 1.51
      vertex 82.5625 52.9245 1.51
    endloop
  endfacet
  facet normal -0.442273 -0.896881 -0
    outer loop
      vertex 82.9115 52.7524 1.51
      vertex 82.5625 52.9245 -8.93
      vertex 82.9115 52.7524 -8.93
    endloop
  endfacet
  facet normal -0.980757 -0.195234 0
    outer loop
      vertex 80.4016 56.0235 -8.93
      vertex 80.3633 56.2159 1.51
      vertex 80.3633 56.2159 -8.93
    endloop
  endfacet
  facet normal -0.980757 -0.195234 0
    outer loop
      vertex 80.3633 56.2159 1.51
      vertex 80.4016 56.0235 -8.93
      vertex 80.4016 56.0235 1.51
    endloop
  endfacet
  facet normal 0.896881 0.442273 0
    outer loop
      vertex 88.8476 58.6885 1.51
      vertex 88.6755 59.0375 -8.93
      vertex 88.6755 59.0375 1.51
    endloop
  endfacet
  facet normal 0.896881 0.442273 0
    outer loop
      vertex 88.6755 59.0375 -8.93
      vertex 88.8476 58.6885 1.51
      vertex 88.8476 58.6885 -8.93
    endloop
  endfacet
  facet normal -0.55553 -0.831496 0
    outer loop
      vertex 82.2389 53.1407 -8.93
      vertex 82.5625 52.9245 1.51
      vertex 82.2389 53.1407 1.51
    endloop
  endfacet
  facet normal -0.55553 -0.831496 -0
    outer loop
      vertex 82.5625 52.9245 1.51
      vertex 82.2389 53.1407 -8.93
      vertex 82.5625 52.9245 -8.93
    endloop
  endfacet
  facet normal 0.442315 -0.89686 0
    outer loop
      vertex 86.5125 52.6656 -8.93
      vertex 86.6885 52.7524 1.51
      vertex 86.5125 52.6656 1.51
    endloop
  endfacet
  facet normal 0.442315 -0.89686 0
    outer loop
      vertex 86.6885 52.7524 1.51
      vertex 86.5125 52.6656 -8.93
      vertex 86.6885 52.7524 -8.93
    endloop
  endfacet
  facet normal 0.0652336 -0.99787 0
    outer loop
      vertex 85.1883 52.3505 -8.93
      vertex 85.3841 52.3633 1.51
      vertex 85.1883 52.3505 1.51
    endloop
  endfacet
  facet normal 0.0652336 -0.99787 0
    outer loop
      vertex 85.3841 52.3633 1.51
      vertex 85.1883 52.3505 -8.93
      vertex 85.3841 52.3633 -8.93
    endloop
  endfacet
  facet normal 0.321117 0.94704 -0
    outer loop
      vertex 86.5125 60.9344 -8.93
      vertex 86.3267 60.9974 1.51
      vertex 86.5125 60.9344 1.51
    endloop
  endfacet
  facet normal 0.321117 0.94704 0
    outer loop
      vertex 86.3267 60.9974 1.51
      vertex 86.5125 60.9344 -8.93
      vertex 86.3267 60.9974 -8.93
    endloop
  endfacet
  facet normal 0.442273 0.896881 -0
    outer loop
      vertex 87.0375 60.6755 -8.93
      vertex 86.6885 60.8476 1.51
      vertex 87.0375 60.6755 1.51
    endloop
  endfacet
  facet normal 0.442273 0.896881 0
    outer loop
      vertex 86.6885 60.8476 1.51
      vertex 87.0375 60.6755 -8.93
      vertex 86.6885 60.8476 -8.93
    endloop
  endfacet
  facet normal 0.89686 -0.442315 0
    outer loop
      vertex 88.8476 54.9115 1.51
      vertex 88.9344 55.0875 -8.93
      vertex 88.9344 55.0875 1.51
    endloop
  endfacet
  facet normal 0.89686 -0.442315 0
    outer loop
      vertex 88.9344 55.0875 -8.93
      vertex 88.8476 54.9115 1.51
      vertex 88.8476 54.9115 -8.93
    endloop
  endfacet
  facet normal -0.980797 -0.195029 0
    outer loop
      vertex 80.4775 55.6418 -8.93
      vertex 80.4016 56.0235 1.51
      vertex 80.4016 56.0235 -8.93
    endloop
  endfacet
  facet normal -0.980797 -0.195029 0
    outer loop
      vertex 80.4016 56.0235 1.51
      vertex 80.4775 55.6418 -8.93
      vertex 80.4775 55.6418 1.51
    endloop
  endfacet
  facet normal -0.659341 -0.751844 0
    outer loop
      vertex 81.7832 53.5063 -8.93
      vertex 82.0758 53.2497 1.51
      vertex 81.7832 53.5063 1.51
    endloop
  endfacet
  facet normal -0.659341 -0.751844 -0
    outer loop
      vertex 82.0758 53.2497 1.51
      vertex 81.7832 53.5063 -8.93
      vertex 82.0758 53.2497 -8.93
    endloop
  endfacet
  facet normal 0.195029 0.980797 -0
    outer loop
      vertex 85.9582 61.1225 -8.93
      vertex 85.5765 61.1984 1.51
      vertex 85.9582 61.1225 1.51
    endloop
  endfacet
  facet normal 0.195029 0.980797 0
    outer loop
      vertex 85.5765 61.1984 1.51
      vertex 85.9582 61.1225 -8.93
      vertex 85.5765 61.1984 -8.93
    endloop
  endfacet
  facet normal -0.831496 -0.55553 0
    outer loop
      vertex 81.1407 54.2389 -8.93
      vertex 80.9245 54.5625 1.51
      vertex 80.9245 54.5625 -8.93
    endloop
  endfacet
  facet normal -0.831496 -0.55553 0
    outer loop
      vertex 80.9245 54.5625 1.51
      vertex 81.1407 54.2389 -8.93
      vertex 81.1407 54.2389 1.51
    endloop
  endfacet
  facet normal -0.321465 -0.946921 0
    outer loop
      vertex 83.2733 52.6026 -8.93
      vertex 83.6418 52.4775 1.51
      vertex 83.2733 52.6026 1.51
    endloop
  endfacet
  facet normal -0.321465 -0.946921 -0
    outer loop
      vertex 83.6418 52.4775 1.51
      vertex 83.2733 52.6026 -8.93
      vertex 83.6418 52.4775 -8.93
    endloop
  endfacet
  facet normal 0.99787 -0.0652336 0
    outer loop
      vertex 89.2367 56.2159 1.51
      vertex 89.2495 56.4117 -8.93
      vertex 89.2495 56.4117 1.51
    endloop
  endfacet
  facet normal 0.99787 -0.0652336 0
    outer loop
      vertex 89.2495 56.4117 -8.93
      vertex 89.2367 56.2159 1.51
      vertex 89.2367 56.2159 -8.93
    endloop
  endfacet
  facet normal -0.751724 -0.659478 0
    outer loop
      vertex 81.6357 53.6357 -8.93
      vertex 81.5063 53.7832 1.51
      vertex 81.5063 53.7832 -8.93
    endloop
  endfacet
  facet normal -0.751724 -0.659478 0
    outer loop
      vertex 81.5063 53.7832 1.51
      vertex 81.6357 53.6357 -8.93
      vertex 81.6357 53.6357 1.51
    endloop
  endfacet
  facet normal -0.751844 -0.659341 0
    outer loop
      vertex 81.5063 53.7832 -8.93
      vertex 81.2497 54.0758 1.51
      vertex 81.2497 54.0758 -8.93
    endloop
  endfacet
  facet normal -0.751844 -0.659341 0
    outer loop
      vertex 81.2497 54.0758 1.51
      vertex 81.5063 53.7832 -8.93
      vertex 81.5063 53.7832 1.51
    endloop
  endfacet
  facet normal 0.94704 -0.321117 0
    outer loop
      vertex 88.9344 55.0875 1.51
      vertex 88.9974 55.2733 -8.93
      vertex 88.9974 55.2733 1.51
    endloop
  endfacet
  facet normal 0.94704 -0.321117 0
    outer loop
      vertex 88.9974 55.2733 -8.93
      vertex 88.9344 55.0875 1.51
      vertex 88.9344 55.0875 -8.93
    endloop
  endfacet
  facet normal -0.195234 -0.980757 0
    outer loop
      vertex 84.0235 52.4016 -8.93
      vertex 84.2159 52.3633 1.51
      vertex 84.0235 52.4016 1.51
    endloop
  endfacet
  facet normal -0.195234 -0.980757 -0
    outer loop
      vertex 84.2159 52.3633 1.51
      vertex 84.0235 52.4016 -8.93
      vertex 84.2159 52.3633 -8.93
    endloop
  endfacet
  facet normal 0.195029 -0.980797 0
    outer loop
      vertex 85.5765 52.4016 -8.93
      vertex 85.9582 52.4775 1.51
      vertex 85.5765 52.4016 1.51
    endloop
  endfacet
  facet normal 0.195029 -0.980797 0
    outer loop
      vertex 85.9582 52.4775 1.51
      vertex 85.5765 52.4016 -8.93
      vertex 85.9582 52.4775 -8.93
    endloop
  endfacet
  facet normal 0.195234 -0.980757 0
    outer loop
      vertex 85.3841 52.3633 -8.93
      vertex 85.5765 52.4016 1.51
      vertex 85.3841 52.3633 1.51
    endloop
  endfacet
  facet normal 0.195234 -0.980757 0
    outer loop
      vertex 85.5765 52.4016 1.51
      vertex 85.3841 52.3633 -8.93
      vertex 85.5765 52.4016 -8.93
    endloop
  endfacet
  facet normal 0.980797 -0.195029 0
    outer loop
      vertex 89.1225 55.6418 1.51
      vertex 89.1984 56.0235 -8.93
      vertex 89.1984 56.0235 1.51
    endloop
  endfacet
  facet normal 0.980797 -0.195029 0
    outer loop
      vertex 89.1984 56.0235 -8.93
      vertex 89.1225 55.6418 1.51
      vertex 89.1225 55.6418 -8.93
    endloop
  endfacet
  facet normal -0.997867 -0.0652738 0
    outer loop
      vertex 80.3504 56.4117 -8.93
      vertex 80.325 56.8 1.51
      vertex 80.325 56.8 -8.93
    endloop
  endfacet
  facet normal -0.997867 -0.0652738 0
    outer loop
      vertex 80.325 56.8 1.51
      vertex 80.3504 56.4117 -8.93
      vertex 80.3504 56.4117 1.51
    endloop
  endfacet
  facet normal 0.0655297 0.997851 -0
    outer loop
      vertex 85.1883 61.2495 -8.93
      vertex 84.8 61.275 1.51
      vertex 85.1883 61.2495 1.51
    endloop
  endfacet
  facet normal 0.0655297 0.997851 0
    outer loop
      vertex 84.8 61.275 1.51
      vertex 85.1883 61.2495 -8.93
      vertex 84.8 61.275 -8.93
    endloop
  endfacet
  facet normal -0.0655297 0.997851 0
    outer loop
      vertex 84.8 61.275 -8.93
      vertex 84.4117 61.2495 1.51
      vertex 84.8 61.275 1.51
    endloop
  endfacet
  facet normal -0.0655297 0.997851 0
    outer loop
      vertex 84.4117 61.2495 1.51
      vertex 84.8 61.275 -8.93
      vertex 84.4117 61.2495 -8.93
    endloop
  endfacet
  facet normal 0.980757 -0.195234 0
    outer loop
      vertex 89.1984 56.0235 1.51
      vertex 89.2367 56.2159 -8.93
      vertex 89.2367 56.2159 1.51
    endloop
  endfacet
  facet normal 0.980757 -0.195234 0
    outer loop
      vertex 89.2367 56.2159 -8.93
      vertex 89.1984 56.0235 1.51
      vertex 89.1984 56.0235 -8.93
    endloop
  endfacet
  facet normal 0 0 -1
    outer loop
      vertex 89.2495 56.4117 -8.93
      vertex 89.2495 57.1883 -8.93
      vertex 89.275 56.8 -8.93
    endloop
  endfacet
  facet normal 0 0 -1
    outer loop
      vertex 89.1984 56.0235 -8.93
      vertex 89.2495 56.4117 -8.93
      vertex 89.2367 56.2159 -8.93
    endloop
  endfacet
  facet normal -0 0 -1
    outer loop
      vertex 89.2495 56.4117 -8.93
      vertex 89.1984 56.0235 -8.93
      vertex 89.2495 57.1883 -8.93
    endloop
  endfacet
  facet normal 0 0 -1
    outer loop
      vertex 89.1984 57.5765 -8.93
      vertex 89.2495 57.1883 -8.93
      vertex 89.1984 56.0235 -8.93
    endloop
  endfacet
  facet normal 0 0 -1
    outer loop
      vertex 89.2495 57.1883 -8.93
      vertex 89.1984 57.5765 -8.93
      vertex 89.2367 57.3841 -8.93
    endloop
  endfacet
  facet normal 0 0 -1
    outer loop
      vertex 88.9974 55.2733 -8.93
      vertex 89.1984 56.0235 -8.93
      vertex 89.1225 55.6418 -8.93
    endloop
  endfacet
  facet normal -0 0 -1
    outer loop
      vertex 89.1984 56.0235 -8.93
      vertex 88.9974 55.2733 -8.93
      vertex 89.1984 57.5765 -8.93
    endloop
  endfacet
  facet normal 0 0 -1
    outer loop
      vertex 88.9974 58.3267 -8.93
      vertex 89.1984 57.5765 -8.93
      vertex 88.9974 55.2733 -8.93
    endloop
  endfacet
  facet normal 0 0 -1
    outer loop
      vertex 89.1984 57.5765 -8.93
      vertex 88.9974 58.3267 -8.93
      vertex 89.1225 57.9582 -8.93
    endloop
  endfacet
  facet normal 0 0 -1
    outer loop
      vertex 88.8476 54.9115 -8.93
      vertex 88.9974 55.2733 -8.93
      vertex 88.9344 55.0875 -8.93
    endloop
  endfacet
  facet normal -0 0 -1
    outer loop
      vertex 88.9974 55.2733 -8.93
      vertex 88.8476 54.9115 -8.93
      vertex 88.9974 58.3267 -8.93
    endloop
  endfacet
  facet normal 0 0 -1
    outer loop
      vertex 88.8476 58.6885 -8.93
      vertex 88.9974 58.3267 -8.93
      vertex 88.8476 54.9115 -8.93
    endloop
  endfacet
  facet normal 0 0 -1
    outer loop
      vertex 88.9974 58.3267 -8.93
      vertex 88.8476 58.6885 -8.93
      vertex 88.9344 58.5125 -8.93
    endloop
  endfacet
  facet normal 0 0 -1
    outer loop
      vertex 88.4593 54.2389 -8.93
      vertex 88.8476 54.9115 -8.93
      vertex 88.6755 54.5625 -8.93
    endloop
  endfacet
  facet normal -0 0 -1
    outer loop
      vertex 88.8476 54.9115 -8.93
      vertex 88.4593 54.2389 -8.93
      vertex 88.8476 58.6885 -8.93
    endloop
  endfacet
  facet normal 0 0 -1
    outer loop
      vertex 88.4593 59.3611 -8.93
      vertex 88.8476 58.6885 -8.93
      vertex 88.4593 54.2389 -8.93
    endloop
  endfacet
  facet normal 0 0 -1
    outer loop
      vertex 88.8476 58.6885 -8.93
      vertex 88.4593 59.3611 -8.93
      vertex 88.6755 59.0375 -8.93
    endloop
  endfacet
  facet normal 0 0 -1
    outer loop
      vertex 88.0937 53.7832 -8.93
      vertex 88.4593 54.2389 -8.93
      vertex 88.3503 54.0758 -8.93
    endloop
  endfacet
  facet normal -0 0 -1
    outer loop
      vertex 88.4593 54.2389 -8.93
      vertex 88.0937 53.7832 -8.93
      vertex 88.4593 59.3611 -8.93
    endloop
  endfacet
  facet normal 0 0 -1
    outer loop
      vertex 88.0937 59.8168 -8.93
      vertex 88.4593 59.3611 -8.93
      vertex 88.0937 53.7832 -8.93
    endloop
  endfacet
  facet normal 0 0 -1
    outer loop
      vertex 88.4593 59.3611 -8.93
      vertex 88.0937 59.8168 -8.93
      vertex 88.3503 59.5242 -8.93
    endloop
  endfacet
  facet normal 0 0 -1
    outer loop
      vertex 87.8168 53.5063 -8.93
      vertex 88.0937 53.7832 -8.93
      vertex 87.9643 53.6357 -8.93
    endloop
  endfacet
  facet normal -0 0 -1
    outer loop
      vertex 88.0937 53.7832 -8.93
      vertex 87.8168 53.5063 -8.93
      vertex 88.0937 59.8168 -8.93
    endloop
  endfacet
  facet normal 0 0 -1
    outer loop
      vertex 87.8168 60.0937 -8.93
      vertex 88.0937 59.8168 -8.93
      vertex 87.8168 53.5063 -8.93
    endloop
  endfacet
  facet normal 0 0 -1
    outer loop
      vertex 88.0937 59.8168 -8.93
      vertex 87.8168 60.0937 -8.93
      vertex 87.9643 59.9643 -8.93
    endloop
  endfacet
  facet normal 0 0 -1
    outer loop
      vertex 87.3611 53.1407 -8.93
      vertex 87.8168 53.5063 -8.93
      vertex 87.5242 53.2497 -8.93
    endloop
  endfacet
  facet normal -0 0 -1
    outer loop
      vertex 87.8168 53.5063 -8.93
      vertex 87.3611 53.1407 -8.93
      vertex 87.8168 60.0937 -8.93
    endloop
  endfacet
  facet normal 0 0 -1
    outer loop
      vertex 87.3611 60.4593 -8.93
      vertex 87.8168 60.0937 -8.93
      vertex 87.3611 53.1407 -8.93
    endloop
  endfacet
  facet normal 0 0 -1
    outer loop
      vertex 87.8168 60.0937 -8.93
      vertex 87.3611 60.4593 -8.93
      vertex 87.5242 60.3503 -8.93
    endloop
  endfacet
  facet normal 0 0 -1
    outer loop
      vertex 86.6885 52.7524 -8.93
      vertex 87.3611 53.1407 -8.93
      vertex 87.0375 52.9245 -8.93
    endloop
  endfacet
  facet normal -0 0 -1
    outer loop
      vertex 87.3611 53.1407 -8.93
      vertex 86.6885 52.7524 -8.93
      vertex 87.3611 60.4593 -8.93
    endloop
  endfacet
  facet normal 0 0 -1
    outer loop
      vertex 86.6885 60.8476 -8.93
      vertex 87.3611 60.4593 -8.93
      vertex 86.6885 52.7524 -8.93
    endloop
  endfacet
  facet normal 0 0 -1
    outer loop
      vertex 87.3611 60.4593 -8.93
      vertex 86.6885 60.8476 -8.93
      vertex 87.0375 60.6755 -8.93
    endloop
  endfacet
  facet normal 0 0 -1
    outer loop
      vertex 86.3267 52.6026 -8.93
      vertex 86.6885 52.7524 -8.93
      vertex 86.5125 52.6656 -8.93
    endloop
  endfacet
  facet normal -0 0 -1
    outer loop
      vertex 86.6885 52.7524 -8.93
      vertex 86.3267 52.6026 -8.93
      vertex 86.6885 60.8476 -8.93
    endloop
  endfacet
  facet normal 0 0 -1
    outer loop
      vertex 86.3267 60.9974 -8.93
      vertex 86.6885 60.8476 -8.93
      vertex 86.3267 52.6026 -8.93
    endloop
  endfacet
  facet normal 0 0 -1
    outer loop
      vertex 86.6885 60.8476 -8.93
      vertex 86.3267 60.9974 -8.93
      vertex 86.5125 60.9344 -8.93
    endloop
  endfacet
  facet normal 0 0 -1
    outer loop
      vertex 85.5765 52.4016 -8.93
      vertex 86.3267 52.6026 -8.93
      vertex 85.9582 52.4775 -8.93
    endloop
  endfacet
  facet normal -0 0 -1
    outer loop
      vertex 86.3267 52.6026 -8.93
      vertex 85.5765 52.4016 -8.93
      vertex 86.3267 60.9974 -8.93
    endloop
  endfacet
  facet normal 0 0 -1
    outer loop
      vertex 85.5765 61.1984 -8.93
      vertex 86.3267 60.9974 -8.93
      vertex 85.5765 52.4016 -8.93
    endloop
  endfacet
  facet normal 0 0 -1
    outer loop
      vertex 86.3267 60.9974 -8.93
      vertex 85.5765 61.1984 -8.93
      vertex 85.9582 61.1225 -8.93
    endloop
  endfacet
  facet normal 0 0 -1
    outer loop
      vertex 85.1883 52.3505 -8.93
      vertex 85.5765 52.4016 -8.93
      vertex 85.3841 52.3633 -8.93
    endloop
  endfacet
  facet normal -0 0 -1
    outer loop
      vertex 85.5765 52.4016 -8.93
      vertex 85.1883 52.3505 -8.93
      vertex 85.5765 61.1984 -8.93
    endloop
  endfacet
  facet normal 0 0 -1
    outer loop
      vertex 85.1883 61.2495 -8.93
      vertex 85.5765 61.1984 -8.93
      vertex 85.1883 52.3505 -8.93
    endloop
  endfacet
  facet normal 0 0 -1
    outer loop
      vertex 85.5765 61.1984 -8.93
      vertex 85.1883 61.2495 -8.93
      vertex 85.3841 61.2367 -8.93
    endloop
  endfacet
  facet normal 0 0 -1
    outer loop
      vertex 84.4117 52.3505 -8.93
      vertex 85.1883 52.3505 -8.93
      vertex 84.8 52.325 -8.93
    endloop
  endfacet
  facet normal 0 0 -1
    outer loop
      vertex 85.1883 52.3505 -8.93
      vertex 84.4117 52.3505 -8.93
      vertex 85.1883 61.2495 -8.93
    endloop
  endfacet
  facet normal 0 0 -1
    outer loop
      vertex 84.4117 61.2495 -8.93
      vertex 85.1883 61.2495 -8.93
      vertex 84.4117 52.3505 -8.93
    endloop
  endfacet
  facet normal 0 0 -1
    outer loop
      vertex 85.1883 61.2495 -8.93
      vertex 84.4117 61.2495 -8.93
      vertex 84.8 61.275 -8.93
    endloop
  endfacet
  facet normal 0 0 -1
    outer loop
      vertex 84.0235 52.4016 -8.93
      vertex 84.4117 52.3505 -8.93
      vertex 84.2159 52.3633 -8.93
    endloop
  endfacet
  facet normal 0 0 -1
    outer loop
      vertex 84.4117 52.3505 -8.93
      vertex 84.0235 52.4016 -8.93
      vertex 84.4117 61.2495 -8.93
    endloop
  endfacet
  facet normal 0 0 -1
    outer loop
      vertex 84.0235 61.1984 -8.93
      vertex 84.4117 61.2495 -8.93
      vertex 84.0235 52.4016 -8.93
    endloop
  endfacet
  facet normal 0 0 -1
    outer loop
      vertex 84.4117 61.2495 -8.93
      vertex 84.0235 61.1984 -8.93
      vertex 84.2159 61.2367 -8.93
    endloop
  endfacet
  facet normal 0 0 -1
    outer loop
      vertex 83.2733 52.6026 -8.93
      vertex 84.0235 52.4016 -8.93
      vertex 83.6418 52.4775 -8.93
    endloop
  endfacet
  facet normal 0 0 -1
    outer loop
      vertex 84.0235 52.4016 -8.93
      vertex 83.2733 52.6026 -8.93
      vertex 84.0235 61.1984 -8.93
    endloop
  endfacet
  facet normal 0 0 -1
    outer loop
      vertex 83.2733 60.9974 -8.93
      vertex 84.0235 61.1984 -8.93
      vertex 83.2733 52.6026 -8.93
    endloop
  endfacet
  facet normal 0 0 -1
    outer loop
      vertex 84.0235 61.1984 -8.93
      vertex 83.2733 60.9974 -8.93
      vertex 83.6418 61.1225 -8.93
    endloop
  endfacet
  facet normal 0 0 -1
    outer loop
      vertex 82.9115 52.7524 -8.93
      vertex 83.2733 52.6026 -8.93
      vertex 83.0875 52.6656 -8.93
    endloop
  endfacet
  facet normal 0 0 -1
    outer loop
      vertex 83.2733 52.6026 -8.93
      vertex 82.9115 52.7524 -8.93
      vertex 83.2733 60.9974 -8.93
    endloop
  endfacet
  facet normal 0 0 -1
    outer loop
      vertex 82.9115 60.8476 -8.93
      vertex 83.2733 60.9974 -8.93
      vertex 82.9115 52.7524 -8.93
    endloop
  endfacet
  facet normal 0 0 -1
    outer loop
      vertex 83.2733 60.9974 -8.93
      vertex 82.9115 60.8476 -8.93
      vertex 83.0875 60.9344 -8.93
    endloop
  endfacet
  facet normal 0 0 -1
    outer loop
      vertex 82.2389 53.1407 -8.93
      vertex 82.9115 52.7524 -8.93
      vertex 82.5625 52.9245 -8.93
    endloop
  endfacet
  facet normal 0 0 -1
    outer loop
      vertex 82.9115 52.7524 -8.93
      vertex 82.2389 53.1407 -8.93
      vertex 82.9115 60.8476 -8.93
    endloop
  endfacet
  facet normal 0 0 -1
    outer loop
      vertex 82.2389 60.4593 -8.93
      vertex 82.9115 60.8476 -8.93
      vertex 82.2389 53.1407 -8.93
    endloop
  endfacet
  facet normal 0 0 -1
    outer loop
      vertex 82.9115 60.8476 -8.93
      vertex 82.2389 60.4593 -8.93
      vertex 82.5625 60.6755 -8.93
    endloop
  endfacet
  facet normal 0 0 -1
    outer loop
      vertex 81.7832 53.5063 -8.93
      vertex 82.2389 53.1407 -8.93
      vertex 82.0758 53.2497 -8.93
    endloop
  endfacet
  facet normal 0 0 -1
    outer loop
      vertex 82.2389 53.1407 -8.93
      vertex 81.7832 53.5063 -8.93
      vertex 82.2389 60.4593 -8.93
    endloop
  endfacet
  facet normal 0 0 -1
    outer loop
      vertex 81.7832 60.0937 -8.93
      vertex 82.2389 60.4593 -8.93
      vertex 81.7832 53.5063 -8.93
    endloop
  endfacet
  facet normal 0 0 -1
    outer loop
      vertex 82.2389 60.4593 -8.93
      vertex 81.7832 60.0937 -8.93
      vertex 82.0758 60.3503 -8.93
    endloop
  endfacet
  facet normal 0 0 -1
    outer loop
      vertex 81.5063 53.7832 -8.93
      vertex 81.7832 53.5063 -8.93
      vertex 81.6357 53.6357 -8.93
    endloop
  endfacet
  facet normal 0 0 -1
    outer loop
      vertex 81.7832 53.5063 -8.93
      vertex 81.5063 53.7832 -8.93
      vertex 81.7832 60.0937 -8.93
    endloop
  endfacet
  facet normal 0 0 -1
    outer loop
      vertex 81.5063 59.8168 -8.93
      vertex 81.7832 60.0937 -8.93
      vertex 81.5063 53.7832 -8.93
    endloop
  endfacet
  facet normal 0 0 -1
    outer loop
      vertex 81.7832 60.0937 -8.93
      vertex 81.5063 59.8168 -8.93
      vertex 81.6357 59.9643 -8.93
    endloop
  endfacet
  facet normal 0 0 -1
    outer loop
      vertex 81.1407 54.2389 -8.93
      vertex 81.5063 53.7832 -8.93
      vertex 81.2497 54.0758 -8.93
    endloop
  endfacet
  facet normal 0 0 -1
    outer loop
      vertex 81.5063 53.7832 -8.93
      vertex 81.1407 54.2389 -8.93
      vertex 81.5063 59.8168 -8.93
    endloop
  endfacet
  facet normal 0 0 -1
    outer loop
      vertex 81.1407 59.3611 -8.93
      vertex 81.5063 59.8168 -8.93
      vertex 81.1407 54.2389 -8.93
    endloop
  endfacet
  facet normal 0 0 -1
    outer loop
      vertex 81.5063 59.8168 -8.93
      vertex 81.1407 59.3611 -8.93
      vertex 81.2497 59.5242 -8.93
    endloop
  endfacet
  facet normal 0 0 -1
    outer loop
      vertex 80.7524 54.9115 -8.93
      vertex 81.1407 54.2389 -8.93
      vertex 80.9245 54.5625 -8.93
    endloop
  endfacet
  facet normal 0 0 -1
    outer loop
      vertex 81.1407 54.2389 -8.93
      vertex 80.7524 54.9115 -8.93
      vertex 81.1407 59.3611 -8.93
    endloop
  endfacet
  facet normal 0 0 -1
    outer loop
      vertex 80.7524 58.6885 -8.93
      vertex 81.1407 59.3611 -8.93
      vertex 80.7524 54.9115 -8.93
    endloop
  endfacet
  facet normal 0 0 -1
    outer loop
      vertex 81.1407 59.3611 -8.93
      vertex 80.7524 58.6885 -8.93
      vertex 80.9245 59.0375 -8.93
    endloop
  endfacet
  facet normal 0 0 -1
    outer loop
      vertex 80.6026 55.2733 -8.93
      vertex 80.7524 54.9115 -8.93
      vertex 80.6656 55.0875 -8.93
    endloop
  endfacet
  facet normal 0 0 -1
    outer loop
      vertex 80.7524 54.9115 -8.93
      vertex 80.6026 55.2733 -8.93
      vertex 80.7524 58.6885 -8.93
    endloop
  endfacet
  facet normal 0 0 -1
    outer loop
      vertex 80.6026 58.3267 -8.93
      vertex 80.7524 58.6885 -8.93
      vertex 80.6026 55.2733 -8.93
    endloop
  endfacet
  facet normal 0 0 -1
    outer loop
      vertex 80.7524 58.6885 -8.93
      vertex 80.6026 58.3267 -8.93
      vertex 80.6656 58.5125 -8.93
    endloop
  endfacet
  facet normal 0 0 -1
    outer loop
      vertex 80.4016 56.0235 -8.93
      vertex 80.6026 55.2733 -8.93
      vertex 80.4775 55.6418 -8.93
    endloop
  endfacet
  facet normal 0 0 -1
    outer loop
      vertex 80.6026 55.2733 -8.93
      vertex 80.4016 56.0235 -8.93
      vertex 80.6026 58.3267 -8.93
    endloop
  endfacet
  facet normal 0 0 -1
    outer loop
      vertex 80.4016 57.5765 -8.93
      vertex 80.6026 58.3267 -8.93
      vertex 80.4016 56.0235 -8.93
    endloop
  endfacet
  facet normal 0 0 -1
    outer loop
      vertex 80.6026 58.3267 -8.93
      vertex 80.4016 57.5765 -8.93
      vertex 80.4775 57.9582 -8.93
    endloop
  endfacet
  facet normal 0 0 -1
    outer loop
      vertex 80.3504 56.4117 -8.93
      vertex 80.4016 56.0235 -8.93
      vertex 80.3633 56.2159 -8.93
    endloop
  endfacet
  facet normal 0 0 -1
    outer loop
      vertex 80.4016 56.0235 -8.93
      vertex 80.3504 56.4117 -8.93
      vertex 80.4016 57.5765 -8.93
    endloop
  endfacet
  facet normal 0 0 -1
    outer loop
      vertex 80.3504 57.1883 -8.93
      vertex 80.4016 57.5765 -8.93
      vertex 80.3504 56.4117 -8.93
    endloop
  endfacet
  facet normal 0 0 -1
    outer loop
      vertex 80.4016 57.5765 -8.93
      vertex 80.3504 57.1883 -8.93
      vertex 80.3633 57.3841 -8.93
    endloop
  endfacet
  facet normal 0 -0 -1
    outer loop
      vertex 80.3504 57.1883 -8.93
      vertex 80.3504 56.4117 -8.93
      vertex 80.325 56.8 -8.93
    endloop
  endfacet
  facet normal 0.442315 0.89686 -0
    outer loop
      vertex 86.6885 60.8476 -8.93
      vertex 86.5125 60.9344 1.51
      vertex 86.6885 60.8476 1.51
    endloop
  endfacet
  facet normal 0.442315 0.89686 0
    outer loop
      vertex 86.5125 60.9344 1.51
      vertex 86.6885 60.8476 -8.93
      vertex 86.5125 60.9344 -8.93
    endloop
  endfacet
  facet normal 0 0 1
    outer loop
      vertex 89.2495 57.1883 1.51
      vertex 89.2495 56.4117 1.51
      vertex 89.275 56.8 1.51
    endloop
  endfacet
  facet normal 0 0 1
    outer loop
      vertex 89.1984 57.5765 1.51
      vertex 89.2495 57.1883 1.51
      vertex 89.2367 57.3841 1.51
    endloop
  endfacet
  facet normal 0 0 1
    outer loop
      vertex 89.2495 57.1883 1.51
      vertex 89.1984 57.5765 1.51
      vertex 89.2495 56.4117 1.51
    endloop
  endfacet
  facet normal 0 0 1
    outer loop
      vertex 89.1984 56.0235 1.51
      vertex 89.2495 56.4117 1.51
      vertex 89.1984 57.5765 1.51
    endloop
  endfacet
  facet normal 0 0 1
    outer loop
      vertex 89.2495 56.4117 1.51
      vertex 89.1984 56.0235 1.51
      vertex 89.2367 56.2159 1.51
    endloop
  endfacet
  facet normal 0 0 1
    outer loop
      vertex 88.9974 58.3267 1.51
      vertex 89.1984 57.5765 1.51
      vertex 89.1225 57.9582 1.51
    endloop
  endfacet
  facet normal 0 0 1
    outer loop
      vertex 89.1984 57.5765 1.51
      vertex 88.9974 58.3267 1.51
      vertex 89.1984 56.0235 1.51
    endloop
  endfacet
  facet normal 0 0 1
    outer loop
      vertex 88.9974 55.2733 1.51
      vertex 89.1984 56.0235 1.51
      vertex 88.9974 58.3267 1.51
    endloop
  endfacet
  facet normal 0 0 1
    outer loop
      vertex 89.1984 56.0235 1.51
      vertex 88.9974 55.2733 1.51
      vertex 89.1225 55.6418 1.51
    endloop
  endfacet
  facet normal 0 0 1
    outer loop
      vertex 88.8476 58.6885 1.51
      vertex 88.9974 58.3267 1.51
      vertex 88.9344 58.5125 1.51
    endloop
  endfacet
  facet normal 0 0 1
    outer loop
      vertex 88.9974 58.3267 1.51
      vertex 88.8476 58.6885 1.51
      vertex 88.9974 55.2733 1.51
    endloop
  endfacet
  facet normal 0 0 1
    outer loop
      vertex 88.8476 54.9115 1.51
      vertex 88.9974 55.2733 1.51
      vertex 88.8476 58.6885 1.51
    endloop
  endfacet
  facet normal 0 0 1
    outer loop
      vertex 88.9974 55.2733 1.51
      vertex 88.8476 54.9115 1.51
      vertex 88.9344 55.0875 1.51
    endloop
  endfacet
  facet normal 0 0 1
    outer loop
      vertex 88.4593 59.3611 1.51
      vertex 88.8476 58.6885 1.51
      vertex 88.6755 59.0375 1.51
    endloop
  endfacet
  facet normal 0 0 1
    outer loop
      vertex 88.8476 58.6885 1.51
      vertex 88.4593 59.3611 1.51
      vertex 88.8476 54.9115 1.51
    endloop
  endfacet
  facet normal 0 0 1
    outer loop
      vertex 88.4593 54.2389 1.51
      vertex 88.8476 54.9115 1.51
      vertex 88.4593 59.3611 1.51
    endloop
  endfacet
  facet normal 0 0 1
    outer loop
      vertex 88.8476 54.9115 1.51
      vertex 88.4593 54.2389 1.51
      vertex 88.6755 54.5625 1.51
    endloop
  endfacet
  facet normal 0 0 1
    outer loop
      vertex 88.0937 59.8168 1.51
      vertex 88.4593 59.3611 1.51
      vertex 88.3503 59.5242 1.51
    endloop
  endfacet
  facet normal 0 0 1
    outer loop
      vertex 88.4593 59.3611 1.51
      vertex 88.0937 59.8168 1.51
      vertex 88.4593 54.2389 1.51
    endloop
  endfacet
  facet normal 0 0 1
    outer loop
      vertex 88.0937 53.7832 1.51
      vertex 88.4593 54.2389 1.51
      vertex 88.0937 59.8168 1.51
    endloop
  endfacet
  facet normal 0 0 1
    outer loop
      vertex 88.4593 54.2389 1.51
      vertex 88.0937 53.7832 1.51
      vertex 88.3503 54.0758 1.51
    endloop
  endfacet
  facet normal 0 0 1
    outer loop
      vertex 87.8168 60.0937 1.51
      vertex 88.0937 59.8168 1.51
      vertex 87.9643 59.9643 1.51
    endloop
  endfacet
  facet normal 0 0 1
    outer loop
      vertex 88.0937 59.8168 1.51
      vertex 87.8168 60.0937 1.51
      vertex 88.0937 53.7832 1.51
    endloop
  endfacet
  facet normal 0 0 1
    outer loop
      vertex 87.8168 53.5063 1.51
      vertex 88.0937 53.7832 1.51
      vertex 87.8168 60.0937 1.51
    endloop
  endfacet
  facet normal 0 0 1
    outer loop
      vertex 88.0937 53.7832 1.51
      vertex 87.8168 53.5063 1.51
      vertex 87.9643 53.6357 1.51
    endloop
  endfacet
  facet normal 0 0 1
    outer loop
      vertex 87.3611 60.4593 1.51
      vertex 87.8168 60.0937 1.51
      vertex 87.5242 60.3503 1.51
    endloop
  endfacet
  facet normal 0 0 1
    outer loop
      vertex 87.8168 60.0937 1.51
      vertex 87.3611 60.4593 1.51
      vertex 87.8168 53.5063 1.51
    endloop
  endfacet
  facet normal 0 0 1
    outer loop
      vertex 87.3611 53.1407 1.51
      vertex 87.8168 53.5063 1.51
      vertex 87.3611 60.4593 1.51
    endloop
  endfacet
  facet normal 0 0 1
    outer loop
      vertex 87.8168 53.5063 1.51
      vertex 87.3611 53.1407 1.51
      vertex 87.5242 53.2497 1.51
    endloop
  endfacet
  facet normal 0 0 1
    outer loop
      vertex 86.6885 60.8476 1.51
      vertex 87.3611 60.4593 1.51
      vertex 87.0375 60.6755 1.51
    endloop
  endfacet
  facet normal 0 0 1
    outer loop
      vertex 87.3611 60.4593 1.51
      vertex 86.6885 60.8476 1.51
      vertex 87.3611 53.1407 1.51
    endloop
  endfacet
  facet normal 0 0 1
    outer loop
      vertex 86.6885 52.7524 1.51
      vertex 87.3611 53.1407 1.51
      vertex 86.6885 60.8476 1.51
    endloop
  endfacet
  facet normal 0 0 1
    outer loop
      vertex 87.3611 53.1407 1.51
      vertex 86.6885 52.7524 1.51
      vertex 87.0375 52.9245 1.51
    endloop
  endfacet
  facet normal 0 0 1
    outer loop
      vertex 86.3267 60.9974 1.51
      vertex 86.6885 60.8476 1.51
      vertex 86.5125 60.9344 1.51
    endloop
  endfacet
  facet normal 0 0 1
    outer loop
      vertex 86.6885 60.8476 1.51
      vertex 86.3267 60.9974 1.51
      vertex 86.6885 52.7524 1.51
    endloop
  endfacet
  facet normal 0 0 1
    outer loop
      vertex 86.3267 52.6026 1.51
      vertex 86.6885 52.7524 1.51
      vertex 86.3267 60.9974 1.51
    endloop
  endfacet
  facet normal 0 0 1
    outer loop
      vertex 86.6885 52.7524 1.51
      vertex 86.3267 52.6026 1.51
      vertex 86.5125 52.6656 1.51
    endloop
  endfacet
  facet normal 0 0 1
    outer loop
      vertex 85.5765 61.1984 1.51
      vertex 86.3267 60.9974 1.51
      vertex 85.9582 61.1225 1.51
    endloop
  endfacet
  facet normal 0 0 1
    outer loop
      vertex 86.3267 60.9974 1.51
      vertex 85.5765 61.1984 1.51
      vertex 86.3267 52.6026 1.51
    endloop
  endfacet
  facet normal 0 0 1
    outer loop
      vertex 85.5765 52.4016 1.51
      vertex 86.3267 52.6026 1.51
      vertex 85.5765 61.1984 1.51
    endloop
  endfacet
  facet normal 0 0 1
    outer loop
      vertex 86.3267 52.6026 1.51
      vertex 85.5765 52.4016 1.51
      vertex 85.9582 52.4775 1.51
    endloop
  endfacet
  facet normal 0 0 1
    outer loop
      vertex 85.1883 61.2495 1.51
      vertex 85.5765 61.1984 1.51
      vertex 85.3841 61.2367 1.51
    endloop
  endfacet
  facet normal 0 0 1
    outer loop
      vertex 85.5765 61.1984 1.51
      vertex 85.1883 61.2495 1.51
      vertex 85.5765 52.4016 1.51
    endloop
  endfacet
  facet normal 0 0 1
    outer loop
      vertex 85.1883 52.3505 1.51
      vertex 85.5765 52.4016 1.51
      vertex 85.1883 61.2495 1.51
    endloop
  endfacet
  facet normal 0 0 1
    outer loop
      vertex 85.5765 52.4016 1.51
      vertex 85.1883 52.3505 1.51
      vertex 85.3841 52.3633 1.51
    endloop
  endfacet
  facet normal 0 0 1
    outer loop
      vertex 84.4117 61.2495 1.51
      vertex 85.1883 61.2495 1.51
      vertex 84.8 61.275 1.51
    endloop
  endfacet
  facet normal 0 0 1
    outer loop
      vertex 85.1883 61.2495 1.51
      vertex 84.4117 61.2495 1.51
      vertex 85.1883 52.3505 1.51
    endloop
  endfacet
  facet normal 0 0 1
    outer loop
      vertex 84.4117 52.3505 1.51
      vertex 85.1883 52.3505 1.51
      vertex 84.4117 61.2495 1.51
    endloop
  endfacet
  facet normal 0 0 1
    outer loop
      vertex 85.1883 52.3505 1.51
      vertex 84.4117 52.3505 1.51
      vertex 84.8 52.325 1.51
    endloop
  endfacet
  facet normal 0 0 1
    outer loop
      vertex 84.0235 61.1984 1.51
      vertex 84.4117 61.2495 1.51
      vertex 84.2159 61.2367 1.51
    endloop
  endfacet
  facet normal 0 0 1
    outer loop
      vertex 84.4117 61.2495 1.51
      vertex 84.0235 61.1984 1.51
      vertex 84.4117 52.3505 1.51
    endloop
  endfacet
  facet normal -0 0 1
    outer loop
      vertex 84.0235 52.4016 1.51
      vertex 84.4117 52.3505 1.51
      vertex 84.0235 61.1984 1.51
    endloop
  endfacet
  facet normal 0 0 1
    outer loop
      vertex 84.4117 52.3505 1.51
      vertex 84.0235 52.4016 1.51
      vertex 84.2159 52.3633 1.51
    endloop
  endfacet
  facet normal 0 0 1
    outer loop
      vertex 83.2733 60.9974 1.51
      vertex 84.0235 61.1984 1.51
      vertex 83.6418 61.1225 1.51
    endloop
  endfacet
  facet normal 0 0 1
    outer loop
      vertex 84.0235 61.1984 1.51
      vertex 83.2733 60.9974 1.51
      vertex 84.0235 52.4016 1.51
    endloop
  endfacet
  facet normal -0 0 1
    outer loop
      vertex 83.2733 52.6026 1.51
      vertex 84.0235 52.4016 1.51
      vertex 83.2733 60.9974 1.51
    endloop
  endfacet
  facet normal 0 0 1
    outer loop
      vertex 84.0235 52.4016 1.51
      vertex 83.2733 52.6026 1.51
      vertex 83.6418 52.4775 1.51
    endloop
  endfacet
  facet normal 0 0 1
    outer loop
      vertex 82.9115 60.8476 1.51
      vertex 83.2733 60.9974 1.51
      vertex 83.0875 60.9344 1.51
    endloop
  endfacet
  facet normal 0 0 1
    outer loop
      vertex 83.2733 60.9974 1.51
      vertex 82.9115 60.8476 1.51
      vertex 83.2733 52.6026 1.51
    endloop
  endfacet
  facet normal -0 0 1
    outer loop
      vertex 82.9115 52.7524 1.51
      vertex 83.2733 52.6026 1.51
      vertex 82.9115 60.8476 1.51
    endloop
  endfacet
  facet normal 0 0 1
    outer loop
      vertex 83.2733 52.6026 1.51
      vertex 82.9115 52.7524 1.51
      vertex 83.0875 52.6656 1.51
    endloop
  endfacet
  facet normal 0 0 1
    outer loop
      vertex 82.2389 60.4593 1.51
      vertex 82.9115 60.8476 1.51
      vertex 82.5625 60.6755 1.51
    endloop
  endfacet
  facet normal 0 0 1
    outer loop
      vertex 82.9115 60.8476 1.51
      vertex 82.2389 60.4593 1.51
      vertex 82.9115 52.7524 1.51
    endloop
  endfacet
  facet normal -0 0 1
    outer loop
      vertex 82.2389 53.1407 1.51
      vertex 82.9115 52.7524 1.51
      vertex 82.2389 60.4593 1.51
    endloop
  endfacet
  facet normal 0 0 1
    outer loop
      vertex 82.9115 52.7524 1.51
      vertex 82.2389 53.1407 1.51
      vertex 82.5625 52.9245 1.51
    endloop
  endfacet
  facet normal 0 0 1
    outer loop
      vertex 81.7832 60.0937 1.51
      vertex 82.2389 60.4593 1.51
      vertex 82.0758 60.3503 1.51
    endloop
  endfacet
  facet normal 0 0 1
    outer loop
      vertex 82.2389 60.4593 1.51
      vertex 81.7832 60.0937 1.51
      vertex 82.2389 53.1407 1.51
    endloop
  endfacet
  facet normal -0 0 1
    outer loop
      vertex 81.7832 53.5063 1.51
      vertex 82.2389 53.1407 1.51
      vertex 81.7832 60.0937 1.51
    endloop
  endfacet
  facet normal 0 0 1
    outer loop
      vertex 82.2389 53.1407 1.51
      vertex 81.7832 53.5063 1.51
      vertex 82.0758 53.2497 1.51
    endloop
  endfacet
  facet normal 0 0 1
    outer loop
      vertex 81.5063 59.8168 1.51
      vertex 81.7832 60.0937 1.51
      vertex 81.6357 59.9643 1.51
    endloop
  endfacet
  facet normal 0 0 1
    outer loop
      vertex 81.7832 60.0937 1.51
      vertex 81.5063 59.8168 1.51
      vertex 81.7832 53.5063 1.51
    endloop
  endfacet
  facet normal -0 0 1
    outer loop
      vertex 81.5063 53.7832 1.51
      vertex 81.7832 53.5063 1.51
      vertex 81.5063 59.8168 1.51
    endloop
  endfacet
  facet normal 0 0 1
    outer loop
      vertex 81.7832 53.5063 1.51
      vertex 81.5063 53.7832 1.51
      vertex 81.6357 53.6357 1.51
    endloop
  endfacet
  facet normal 0 0 1
    outer loop
      vertex 81.1407 59.3611 1.51
      vertex 81.5063 59.8168 1.51
      vertex 81.2497 59.5242 1.51
    endloop
  endfacet
  facet normal 0 0 1
    outer loop
      vertex 81.5063 59.8168 1.51
      vertex 81.1407 59.3611 1.51
      vertex 81.5063 53.7832 1.51
    endloop
  endfacet
  facet normal -0 0 1
    outer loop
      vertex 81.1407 54.2389 1.51
      vertex 81.5063 53.7832 1.51
      vertex 81.1407 59.3611 1.51
    endloop
  endfacet
  facet normal 0 0 1
    outer loop
      vertex 81.5063 53.7832 1.51
      vertex 81.1407 54.2389 1.51
      vertex 81.2497 54.0758 1.51
    endloop
  endfacet
  facet normal 0 0 1
    outer loop
      vertex 80.7524 58.6885 1.51
      vertex 81.1407 59.3611 1.51
      vertex 80.9245 59.0375 1.51
    endloop
  endfacet
  facet normal 0 0 1
    outer loop
      vertex 81.1407 59.3611 1.51
      vertex 80.7524 58.6885 1.51
      vertex 81.1407 54.2389 1.51
    endloop
  endfacet
  facet normal -0 0 1
    outer loop
      vertex 80.7524 54.9115 1.51
      vertex 81.1407 54.2389 1.51
      vertex 80.7524 58.6885 1.51
    endloop
  endfacet
  facet normal 0 0 1
    outer loop
      vertex 81.1407 54.2389 1.51
      vertex 80.7524 54.9115 1.51
      vertex 80.9245 54.5625 1.51
    endloop
  endfacet
  facet normal 0 0 1
    outer loop
      vertex 80.6026 58.3267 1.51
      vertex 80.7524 58.6885 1.51
      vertex 80.6656 58.5125 1.51
    endloop
  endfacet
  facet normal 0 0 1
    outer loop
      vertex 80.7524 58.6885 1.51
      vertex 80.6026 58.3267 1.51
      vertex 80.7524 54.9115 1.51
    endloop
  endfacet
  facet normal -0 0 1
    outer loop
      vertex 80.6026 55.2733 1.51
      vertex 80.7524 54.9115 1.51
      vertex 80.6026 58.3267 1.51
    endloop
  endfacet
  facet normal 0 0 1
    outer loop
      vertex 80.7524 54.9115 1.51
      vertex 80.6026 55.2733 1.51
      vertex 80.6656 55.0875 1.51
    endloop
  endfacet
  facet normal 0 0 1
    outer loop
      vertex 80.4016 57.5765 1.51
      vertex 80.6026 58.3267 1.51
      vertex 80.4775 57.9582 1.51
    endloop
  endfacet
  facet normal 0 0 1
    outer loop
      vertex 80.6026 58.3267 1.51
      vertex 80.4016 57.5765 1.51
      vertex 80.6026 55.2733 1.51
    endloop
  endfacet
  facet normal -0 0 1
    outer loop
      vertex 80.4016 56.0235 1.51
      vertex 80.6026 55.2733 1.51
      vertex 80.4016 57.5765 1.51
    endloop
  endfacet
  facet normal 0 0 1
    outer loop
      vertex 80.6026 55.2733 1.51
      vertex 80.4016 56.0235 1.51
      vertex 80.4775 55.6418 1.51
    endloop
  endfacet
  facet normal 0 0 1
    outer loop
      vertex 80.3504 57.1883 1.51
      vertex 80.4016 57.5765 1.51
      vertex 80.3633 57.3841 1.51
    endloop
  endfacet
  facet normal 0 0 1
    outer loop
      vertex 80.4016 57.5765 1.51
      vertex 80.3504 57.1883 1.51
      vertex 80.4016 56.0235 1.51
    endloop
  endfacet
  facet normal -0 0 1
    outer loop
      vertex 80.3504 56.4117 1.51
      vertex 80.4016 56.0235 1.51
      vertex 80.3504 57.1883 1.51
    endloop
  endfacet
  facet normal 0 0 1
    outer loop
      vertex 80.4016 56.0235 1.51
      vertex 80.3504 56.4117 1.51
      vertex 80.3633 56.2159 1.51
    endloop
  endfacet
  facet normal 0 -0 1
    outer loop
      vertex 80.3504 56.4117 1.51
      vertex 80.3504 57.1883 1.51
      vertex 80.325 56.8 1.51
    endloop
  endfacet
  facet normal 0.997851 0.0655297 0
    outer loop
      vertex 89.275 56.8 1.51
      vertex 89.2495 57.1883 -8.93
      vertex 89.2495 57.1883 1.51
    endloop
  endfacet
  facet normal 0.997851 0.0655297 0
    outer loop
      vertex 89.2495 57.1883 -8.93
      vertex 89.275 56.8 1.51
      vertex 89.275 56.8 -8.93
    endloop
  endfacet
  facet normal 0.946921 0.321465 0
    outer loop
      vertex 89.1225 57.9582 17.54
      vertex 88.9974 58.3267 4.3
      vertex 88.9974 58.3267 17.54
    endloop
  endfacet
  facet normal 0.946921 0.321465 0
    outer loop
      vertex 88.9974 58.3267 4.3
      vertex 89.1225 57.9582 17.54
      vertex 89.1225 57.9582 4.3
    endloop
  endfacet
  facet normal -0.0652336 0.99787 0
    outer loop
      vertex 84.4117 61.2495 4.3
      vertex 84.2159 61.2367 17.54
      vertex 84.4117 61.2495 17.54
    endloop
  endfacet
  facet normal -0.0652336 0.99787 0
    outer loop
      vertex 84.2159 61.2367 17.54
      vertex 84.4117 61.2495 4.3
      vertex 84.2159 61.2367 4.3
    endloop
  endfacet
  facet normal -0.896881 0.442273 0
    outer loop
      vertex 80.7524 58.6885 4.3
      vertex 80.9245 59.0375 17.54
      vertex 80.9245 59.0375 4.3
    endloop
  endfacet
  facet normal -0.896881 0.442273 0
    outer loop
      vertex 80.9245 59.0375 17.54
      vertex 80.7524 58.6885 4.3
      vertex 80.7524 58.6885 17.54
    endloop
  endfacet
  facet normal 0.896881 0.442273 0
    outer loop
      vertex 88.8476 58.6885 17.54
      vertex 88.6755 59.0375 4.3
      vertex 88.6755 59.0375 17.54
    endloop
  endfacet
  facet normal 0.896881 0.442273 0
    outer loop
      vertex 88.6755 59.0375 4.3
      vertex 88.8476 58.6885 17.54
      vertex 88.8476 58.6885 4.3
    endloop
  endfacet
  facet normal -0.0655297 -0.997851 0
    outer loop
      vertex 84.4117 52.3505 4.3
      vertex 84.8 52.325 17.54
      vertex 84.4117 52.3505 17.54
    endloop
  endfacet
  facet normal -0.0655297 -0.997851 -0
    outer loop
      vertex 84.8 52.325 17.54
      vertex 84.4117 52.3505 4.3
      vertex 84.8 52.325 4.3
    endloop
  endfacet
  facet normal -0.896881 -0.442273 0
    outer loop
      vertex 80.9245 54.5625 4.3
      vertex 80.7524 54.9115 17.54
      vertex 80.7524 54.9115 4.3
    endloop
  endfacet
  facet normal -0.896881 -0.442273 0
    outer loop
      vertex 80.7524 54.9115 17.54
      vertex 80.9245 54.5625 4.3
      vertex 80.9245 54.5625 17.54
    endloop
  endfacet
  facet normal 0.831496 0.55553 0
    outer loop
      vertex 88.6755 59.0375 17.54
      vertex 88.4593 59.3611 4.3
      vertex 88.4593 59.3611 17.54
    endloop
  endfacet
  facet normal 0.831496 0.55553 0
    outer loop
      vertex 88.4593 59.3611 4.3
      vertex 88.6755 59.0375 17.54
      vertex 88.6755 59.0375 4.3
    endloop
  endfacet
  facet normal 0.980757 -0.195234 0
    outer loop
      vertex 89.1984 56.0235 17.54
      vertex 89.2367 56.2159 4.3
      vertex 89.2367 56.2159 17.54
    endloop
  endfacet
  facet normal 0.980757 -0.195234 0
    outer loop
      vertex 89.2367 56.2159 4.3
      vertex 89.1984 56.0235 17.54
      vertex 89.1984 56.0235 4.3
    endloop
  endfacet
  facet normal 0.751844 0.659341 0
    outer loop
      vertex 88.3503 59.5242 17.54
      vertex 88.0937 59.8168 4.3
      vertex 88.0937 59.8168 17.54
    endloop
  endfacet
  facet normal 0.751844 0.659341 0
    outer loop
      vertex 88.0937 59.8168 4.3
      vertex 88.3503 59.5242 17.54
      vertex 88.3503 59.5242 4.3
    endloop
  endfacet
  facet normal -0.321117 0.94704 0
    outer loop
      vertex 83.2733 60.9974 4.3
      vertex 83.0875 60.9344 17.54
      vertex 83.2733 60.9974 17.54
    endloop
  endfacet
  facet normal -0.321117 0.94704 0
    outer loop
      vertex 83.0875 60.9344 17.54
      vertex 83.2733 60.9974 4.3
      vertex 83.0875 60.9344 4.3
    endloop
  endfacet
  facet normal 0.831496 -0.55553 0
    outer loop
      vertex 88.4593 54.2389 17.54
      vertex 88.6755 54.5625 4.3
      vertex 88.6755 54.5625 17.54
    endloop
  endfacet
  facet normal 0.831496 -0.55553 0
    outer loop
      vertex 88.6755 54.5625 4.3
      vertex 88.4593 54.2389 17.54
      vertex 88.4593 54.2389 4.3
    endloop
  endfacet
  facet normal 0.55553 0.831496 -0
    outer loop
      vertex 87.3611 60.4593 4.3
      vertex 87.0375 60.6755 17.54
      vertex 87.3611 60.4593 17.54
    endloop
  endfacet
  facet normal 0.55553 0.831496 0
    outer loop
      vertex 87.0375 60.6755 17.54
      vertex 87.3611 60.4593 4.3
      vertex 87.0375 60.6755 4.3
    endloop
  endfacet
  facet normal -0.321465 -0.946921 0
    outer loop
      vertex 83.2733 52.6026 4.3
      vertex 83.6418 52.4775 17.54
      vertex 83.2733 52.6026 17.54
    endloop
  endfacet
  facet normal -0.321465 -0.946921 -0
    outer loop
      vertex 83.6418 52.4775 17.54
      vertex 83.2733 52.6026 4.3
      vertex 83.6418 52.4775 4.3
    endloop
  endfacet
  facet normal -0.89686 0.442315 0
    outer loop
      vertex 80.6656 58.5125 4.3
      vertex 80.7524 58.6885 17.54
      vertex 80.7524 58.6885 4.3
    endloop
  endfacet
  facet normal -0.89686 0.442315 0
    outer loop
      vertex 80.7524 58.6885 17.54
      vertex 80.6656 58.5125 4.3
      vertex 80.6656 58.5125 17.54
    endloop
  endfacet
  facet normal 0.442273 0.896881 -0
    outer loop
      vertex 87.0375 60.6755 4.3
      vertex 86.6885 60.8476 17.54
      vertex 87.0375 60.6755 17.54
    endloop
  endfacet
  facet normal 0.442273 0.896881 0
    outer loop
      vertex 86.6885 60.8476 17.54
      vertex 87.0375 60.6755 4.3
      vertex 86.6885 60.8476 4.3
    endloop
  endfacet
  facet normal 0.0655297 0.997851 -0
    outer loop
      vertex 85.1883 61.2495 4.3
      vertex 84.8 61.275 17.54
      vertex 85.1883 61.2495 17.54
    endloop
  endfacet
  facet normal 0.0655297 0.997851 0
    outer loop
      vertex 84.8 61.275 17.54
      vertex 85.1883 61.2495 4.3
      vertex 84.8 61.275 4.3
    endloop
  endfacet
  facet normal -0.55553 -0.831496 0
    outer loop
      vertex 82.2389 53.1407 4.3
      vertex 82.5625 52.9245 17.54
      vertex 82.2389 53.1407 17.54
    endloop
  endfacet
  facet normal -0.55553 -0.831496 -0
    outer loop
      vertex 82.5625 52.9245 17.54
      vertex 82.2389 53.1407 4.3
      vertex 82.5625 52.9245 4.3
    endloop
  endfacet
  facet normal 0.555641 -0.831422 0
    outer loop
      vertex 87.3611 53.1407 4.3
      vertex 87.5242 53.2497 17.54
      vertex 87.3611 53.1407 17.54
    endloop
  endfacet
  facet normal 0.555641 -0.831422 0
    outer loop
      vertex 87.5242 53.2497 17.54
      vertex 87.3611 53.1407 4.3
      vertex 87.5242 53.2497 4.3
    endloop
  endfacet
  facet normal -0.980757 -0.195234 0
    outer loop
      vertex 80.4016 56.0235 4.3
      vertex 80.3633 56.2159 17.54
      vertex 80.3633 56.2159 4.3
    endloop
  endfacet
  facet normal -0.980757 -0.195234 0
    outer loop
      vertex 80.3633 56.2159 17.54
      vertex 80.4016 56.0235 4.3
      vertex 80.4016 56.0235 17.54
    endloop
  endfacet
  facet normal 0.659341 0.751844 -0
    outer loop
      vertex 87.8168 60.0937 4.3
      vertex 87.5242 60.3503 17.54
      vertex 87.8168 60.0937 17.54
    endloop
  endfacet
  facet normal 0.659341 0.751844 0
    outer loop
      vertex 87.5242 60.3503 17.54
      vertex 87.8168 60.0937 4.3
      vertex 87.5242 60.3503 4.3
    endloop
  endfacet
  facet normal -0.997867 0.0652738 0
    outer loop
      vertex 80.325 56.8 4.3
      vertex 80.3504 57.1883 17.54
      vertex 80.3504 57.1883 4.3
    endloop
  endfacet
  facet normal -0.997867 0.0652738 0
    outer loop
      vertex 80.3504 57.1883 17.54
      vertex 80.325 56.8 4.3
      vertex 80.325 56.8 17.54
    endloop
  endfacet
  facet normal 0.321465 -0.946921 0
    outer loop
      vertex 85.9582 52.4775 4.3
      vertex 86.3267 52.6026 17.54
      vertex 85.9582 52.4775 17.54
    endloop
  endfacet
  facet normal 0.321465 -0.946921 0
    outer loop
      vertex 86.3267 52.6026 17.54
      vertex 85.9582 52.4775 4.3
      vertex 86.3267 52.6026 4.3
    endloop
  endfacet
  facet normal -0.659341 0.751844 0
    outer loop
      vertex 82.0758 60.3503 4.3
      vertex 81.7832 60.0937 17.54
      vertex 82.0758 60.3503 17.54
    endloop
  endfacet
  facet normal -0.659341 0.751844 0
    outer loop
      vertex 81.7832 60.0937 17.54
      vertex 82.0758 60.3503 4.3
      vertex 81.7832 60.0937 4.3
    endloop
  endfacet
  facet normal -0.195234 -0.980757 0
    outer loop
      vertex 84.0235 52.4016 4.3
      vertex 84.2159 52.3633 17.54
      vertex 84.0235 52.4016 17.54
    endloop
  endfacet
  facet normal -0.195234 -0.980757 -0
    outer loop
      vertex 84.2159 52.3633 17.54
      vertex 84.0235 52.4016 4.3
      vertex 84.2159 52.3633 4.3
    endloop
  endfacet
  facet normal 0.0652336 -0.99787 0
    outer loop
      vertex 85.1883 52.3505 4.3
      vertex 85.3841 52.3633 17.54
      vertex 85.1883 52.3505 17.54
    endloop
  endfacet
  facet normal 0.0652336 -0.99787 0
    outer loop
      vertex 85.3841 52.3633 17.54
      vertex 85.1883 52.3505 4.3
      vertex 85.3841 52.3633 4.3
    endloop
  endfacet
  facet normal -0.659341 -0.751844 0
    outer loop
      vertex 81.7832 53.5063 4.3
      vertex 82.0758 53.2497 17.54
      vertex 81.7832 53.5063 17.54
    endloop
  endfacet
  facet normal -0.659341 -0.751844 -0
    outer loop
      vertex 82.0758 53.2497 17.54
      vertex 81.7832 53.5063 4.3
      vertex 82.0758 53.2497 4.3
    endloop
  endfacet
  facet normal -0.659478 0.751724 0
    outer loop
      vertex 81.7832 60.0937 4.3
      vertex 81.6357 59.9643 17.54
      vertex 81.7832 60.0937 17.54
    endloop
  endfacet
  facet normal -0.659478 0.751724 0
    outer loop
      vertex 81.6357 59.9643 17.54
      vertex 81.7832 60.0937 4.3
      vertex 81.6357 59.9643 4.3
    endloop
  endfacet
  facet normal 0.831422 -0.555641 0
    outer loop
      vertex 88.3503 54.0758 17.54
      vertex 88.4593 54.2389 4.3
      vertex 88.4593 54.2389 17.54
    endloop
  endfacet
  facet normal 0.831422 -0.555641 0
    outer loop
      vertex 88.4593 54.2389 4.3
      vertex 88.3503 54.0758 17.54
      vertex 88.3503 54.0758 4.3
    endloop
  endfacet
  facet normal 0.89686 -0.442315 0
    outer loop
      vertex 88.8476 54.9115 17.54
      vertex 88.9344 55.0875 4.3
      vertex 88.9344 55.0875 17.54
    endloop
  endfacet
  facet normal 0.89686 -0.442315 0
    outer loop
      vertex 88.9344 55.0875 4.3
      vertex 88.8476 54.9115 17.54
      vertex 88.8476 54.9115 4.3
    endloop
  endfacet
  facet normal 0.94704 0.321117 0
    outer loop
      vertex 88.9974 58.3267 17.54
      vertex 88.9344 58.5125 4.3
      vertex 88.9344 58.5125 17.54
    endloop
  endfacet
  facet normal 0.94704 0.321117 0
    outer loop
      vertex 88.9344 58.5125 4.3
      vertex 88.9974 58.3267 17.54
      vertex 88.9974 58.3267 4.3
    endloop
  endfacet
  facet normal -0.751724 -0.659478 0
    outer loop
      vertex 81.6357 53.6357 4.3
      vertex 81.5063 53.7832 17.54
      vertex 81.5063 53.7832 4.3
    endloop
  endfacet
  facet normal -0.751724 -0.659478 0
    outer loop
      vertex 81.5063 53.7832 17.54
      vertex 81.6357 53.6357 4.3
      vertex 81.6357 53.6357 17.54
    endloop
  endfacet
  facet normal -0.89686 -0.442315 0
    outer loop
      vertex 80.7524 54.9115 4.3
      vertex 80.6656 55.0875 17.54
      vertex 80.6656 55.0875 4.3
    endloop
  endfacet
  facet normal -0.89686 -0.442315 0
    outer loop
      vertex 80.6656 55.0875 17.54
      vertex 80.7524 54.9115 4.3
      vertex 80.7524 54.9115 17.54
    endloop
  endfacet
  facet normal -0.442315 -0.89686 0
    outer loop
      vertex 82.9115 52.7524 4.3
      vertex 83.0875 52.6656 17.54
      vertex 82.9115 52.7524 17.54
    endloop
  endfacet
  facet normal -0.442315 -0.89686 -0
    outer loop
      vertex 83.0875 52.6656 17.54
      vertex 82.9115 52.7524 4.3
      vertex 83.0875 52.6656 4.3
    endloop
  endfacet
  facet normal 0.831422 0.555641 0
    outer loop
      vertex 88.4593 59.3611 17.54
      vertex 88.3503 59.5242 4.3
      vertex 88.3503 59.5242 17.54
    endloop
  endfacet
  facet normal 0.831422 0.555641 0
    outer loop
      vertex 88.3503 59.5242 4.3
      vertex 88.4593 59.3611 17.54
      vertex 88.4593 59.3611 4.3
    endloop
  endfacet
  facet normal -0.997837 0.065741 0
    outer loop
      vertex 80.3504 57.1883 4.3
      vertex 80.3633 57.3841 17.54
      vertex 80.3633 57.3841 4.3
    endloop
  endfacet
  facet normal -0.997837 0.065741 0
    outer loop
      vertex 80.3633 57.3841 17.54
      vertex 80.3504 57.1883 4.3
      vertex 80.3504 57.1883 17.54
    endloop
  endfacet
  facet normal 0.195234 -0.980757 0
    outer loop
      vertex 85.3841 52.3633 4.3
      vertex 85.5765 52.4016 17.54
      vertex 85.3841 52.3633 17.54
    endloop
  endfacet
  facet normal 0.195234 -0.980757 0
    outer loop
      vertex 85.5765 52.4016 17.54
      vertex 85.3841 52.3633 4.3
      vertex 85.5765 52.4016 4.3
    endloop
  endfacet
  facet normal -0.195234 0.980757 0
    outer loop
      vertex 84.2159 61.2367 4.3
      vertex 84.0235 61.1984 17.54
      vertex 84.2159 61.2367 17.54
    endloop
  endfacet
  facet normal -0.195234 0.980757 0
    outer loop
      vertex 84.0235 61.1984 17.54
      vertex 84.2159 61.2367 4.3
      vertex 84.0235 61.1984 4.3
    endloop
  endfacet
  facet normal 0.321117 -0.94704 0
    outer loop
      vertex 86.3267 52.6026 4.3
      vertex 86.5125 52.6656 17.54
      vertex 86.3267 52.6026 17.54
    endloop
  endfacet
  facet normal 0.321117 -0.94704 0
    outer loop
      vertex 86.5125 52.6656 17.54
      vertex 86.3267 52.6026 4.3
      vertex 86.5125 52.6656 4.3
    endloop
  endfacet
  facet normal -0.555641 -0.831422 0
    outer loop
      vertex 82.0758 53.2497 4.3
      vertex 82.2389 53.1407 17.54
      vertex 82.0758 53.2497 17.54
    endloop
  endfacet
  facet normal -0.555641 -0.831422 -0
    outer loop
      vertex 82.2389 53.1407 17.54
      vertex 82.0758 53.2497 4.3
      vertex 82.2389 53.1407 4.3
    endloop
  endfacet
  facet normal -0.94704 0.321117 0
    outer loop
      vertex 80.6026 58.3267 4.3
      vertex 80.6656 58.5125 17.54
      vertex 80.6656 58.5125 4.3
    endloop
  endfacet
  facet normal -0.94704 0.321117 0
    outer loop
      vertex 80.6656 58.5125 17.54
      vertex 80.6026 58.3267 4.3
      vertex 80.6026 58.3267 17.54
    endloop
  endfacet
  facet normal -0.321117 -0.94704 0
    outer loop
      vertex 83.0875 52.6656 4.3
      vertex 83.2733 52.6026 17.54
      vertex 83.0875 52.6656 17.54
    endloop
  endfacet
  facet normal -0.321117 -0.94704 -0
    outer loop
      vertex 83.2733 52.6026 17.54
      vertex 83.0875 52.6656 4.3
      vertex 83.2733 52.6026 4.3
    endloop
  endfacet
  facet normal -0.946921 -0.321465 0
    outer loop
      vertex 80.6026 55.2733 4.3
      vertex 80.4775 55.6418 17.54
      vertex 80.4775 55.6418 4.3
    endloop
  endfacet
  facet normal -0.946921 -0.321465 0
    outer loop
      vertex 80.4775 55.6418 17.54
      vertex 80.6026 55.2733 4.3
      vertex 80.6026 55.2733 17.54
    endloop
  endfacet
  facet normal -0.442315 0.89686 0
    outer loop
      vertex 83.0875 60.9344 4.3
      vertex 82.9115 60.8476 17.54
      vertex 83.0875 60.9344 17.54
    endloop
  endfacet
  facet normal -0.442315 0.89686 0
    outer loop
      vertex 82.9115 60.8476 17.54
      vertex 83.0875 60.9344 4.3
      vertex 82.9115 60.8476 4.3
    endloop
  endfacet
  facet normal 0.442315 0.89686 -0
    outer loop
      vertex 86.6885 60.8476 4.3
      vertex 86.5125 60.9344 17.54
      vertex 86.6885 60.8476 17.54
    endloop
  endfacet
  facet normal 0.442315 0.89686 0
    outer loop
      vertex 86.5125 60.9344 17.54
      vertex 86.6885 60.8476 4.3
      vertex 86.5125 60.9344 4.3
    endloop
  endfacet
  facet normal -0.0652336 -0.99787 0
    outer loop
      vertex 84.2159 52.3633 4.3
      vertex 84.4117 52.3505 17.54
      vertex 84.2159 52.3633 17.54
    endloop
  endfacet
  facet normal -0.0652336 -0.99787 -0
    outer loop
      vertex 84.4117 52.3505 17.54
      vertex 84.2159 52.3633 4.3
      vertex 84.4117 52.3505 4.3
    endloop
  endfacet
  facet normal 0.195234 0.980757 -0
    outer loop
      vertex 85.5765 61.1984 4.3
      vertex 85.3841 61.2367 17.54
      vertex 85.5765 61.1984 17.54
    endloop
  endfacet
  facet normal 0.195234 0.980757 0
    outer loop
      vertex 85.3841 61.2367 17.54
      vertex 85.5765 61.1984 4.3
      vertex 85.3841 61.2367 4.3
    endloop
  endfacet
  facet normal -0.195029 -0.980797 0
    outer loop
      vertex 83.6418 52.4775 4.3
      vertex 84.0235 52.4016 17.54
      vertex 83.6418 52.4775 17.54
    endloop
  endfacet
  facet normal -0.195029 -0.980797 -0
    outer loop
      vertex 84.0235 52.4016 17.54
      vertex 83.6418 52.4775 4.3
      vertex 84.0235 52.4016 4.3
    endloop
  endfacet
  facet normal 0.555641 0.831422 -0
    outer loop
      vertex 87.5242 60.3503 4.3
      vertex 87.3611 60.4593 17.54
      vertex 87.5242 60.3503 17.54
    endloop
  endfacet
  facet normal 0.555641 0.831422 0
    outer loop
      vertex 87.3611 60.4593 17.54
      vertex 87.5242 60.3503 4.3
      vertex 87.3611 60.4593 4.3
    endloop
  endfacet
  facet normal -0.442273 -0.896881 0
    outer loop
      vertex 82.5625 52.9245 4.3
      vertex 82.9115 52.7524 17.54
      vertex 82.5625 52.9245 17.54
    endloop
  endfacet
  facet normal -0.442273 -0.896881 -0
    outer loop
      vertex 82.9115 52.7524 17.54
      vertex 82.5625 52.9245 4.3
      vertex 82.9115 52.7524 4.3
    endloop
  endfacet
  facet normal -0.980797 -0.195029 0
    outer loop
      vertex 80.4775 55.6418 4.3
      vertex 80.4016 56.0235 17.54
      vertex 80.4016 56.0235 4.3
    endloop
  endfacet
  facet normal -0.980797 -0.195029 0
    outer loop
      vertex 80.4016 56.0235 17.54
      vertex 80.4775 55.6418 4.3
      vertex 80.4775 55.6418 17.54
    endloop
  endfacet
  facet normal -0.659478 -0.751724 0
    outer loop
      vertex 81.6357 53.6357 4.3
      vertex 81.7832 53.5063 17.54
      vertex 81.6357 53.6357 17.54
    endloop
  endfacet
  facet normal -0.659478 -0.751724 -0
    outer loop
      vertex 81.7832 53.5063 17.54
      vertex 81.6357 53.6357 4.3
      vertex 81.7832 53.5063 4.3
    endloop
  endfacet
  facet normal -0.555641 0.831422 0
    outer loop
      vertex 82.2389 60.4593 4.3
      vertex 82.0758 60.3503 17.54
      vertex 82.2389 60.4593 17.54
    endloop
  endfacet
  facet normal -0.555641 0.831422 0
    outer loop
      vertex 82.0758 60.3503 17.54
      vertex 82.2389 60.4593 4.3
      vertex 82.0758 60.3503 4.3
    endloop
  endfacet
  facet normal 0.195029 0.980797 -0
    outer loop
      vertex 85.9582 61.1225 4.3
      vertex 85.5765 61.1984 17.54
      vertex 85.9582 61.1225 17.54
    endloop
  endfacet
  facet normal 0.195029 0.980797 0
    outer loop
      vertex 85.5765 61.1984 17.54
      vertex 85.9582 61.1225 4.3
      vertex 85.5765 61.1984 4.3
    endloop
  endfacet
  facet normal 0.659341 -0.751844 0
    outer loop
      vertex 87.5242 53.2497 4.3
      vertex 87.8168 53.5063 17.54
      vertex 87.5242 53.2497 17.54
    endloop
  endfacet
  facet normal 0.659341 -0.751844 0
    outer loop
      vertex 87.8168 53.5063 17.54
      vertex 87.5242 53.2497 4.3
      vertex 87.8168 53.5063 4.3
    endloop
  endfacet
  facet normal 0.99787 -0.0652336 0
    outer loop
      vertex 89.2367 56.2159 17.54
      vertex 89.2495 56.4117 4.3
      vertex 89.2495 56.4117 17.54
    endloop
  endfacet
  facet normal 0.99787 -0.0652336 0
    outer loop
      vertex 89.2495 56.4117 4.3
      vertex 89.2367 56.2159 17.54
      vertex 89.2367 56.2159 4.3
    endloop
  endfacet
  facet normal -0.831496 -0.55553 0
    outer loop
      vertex 81.1407 54.2389 4.3
      vertex 80.9245 54.5625 17.54
      vertex 80.9245 54.5625 4.3
    endloop
  endfacet
  facet normal -0.831496 -0.55553 0
    outer loop
      vertex 80.9245 54.5625 17.54
      vertex 81.1407 54.2389 4.3
      vertex 81.1407 54.2389 17.54
    endloop
  endfacet
  facet normal 0.0652336 0.99787 -0
    outer loop
      vertex 85.3841 61.2367 4.3
      vertex 85.1883 61.2495 17.54
      vertex 85.3841 61.2367 17.54
    endloop
  endfacet
  facet normal 0.0652336 0.99787 0
    outer loop
      vertex 85.1883 61.2495 17.54
      vertex 85.3841 61.2367 4.3
      vertex 85.1883 61.2495 4.3
    endloop
  endfacet
  facet normal 0.195029 -0.980797 0
    outer loop
      vertex 85.5765 52.4016 4.3
      vertex 85.9582 52.4775 17.54
      vertex 85.5765 52.4016 17.54
    endloop
  endfacet
  facet normal 0.195029 -0.980797 0
    outer loop
      vertex 85.9582 52.4775 17.54
      vertex 85.5765 52.4016 4.3
      vertex 85.9582 52.4775 4.3
    endloop
  endfacet
  facet normal 0.997851 -0.0655297 0
    outer loop
      vertex 89.2495 56.4117 17.54
      vertex 89.275 56.8 4.3
      vertex 89.275 56.8 17.54
    endloop
  endfacet
  facet normal 0.997851 -0.0655297 0
    outer loop
      vertex 89.275 56.8 4.3
      vertex 89.2495 56.4117 17.54
      vertex 89.2495 56.4117 4.3
    endloop
  endfacet
  facet normal -0.94704 -0.321117 0
    outer loop
      vertex 80.6656 55.0875 4.3
      vertex 80.6026 55.2733 17.54
      vertex 80.6026 55.2733 4.3
    endloop
  endfacet
  facet normal -0.94704 -0.321117 0
    outer loop
      vertex 80.6026 55.2733 17.54
      vertex 80.6656 55.0875 4.3
      vertex 80.6656 55.0875 17.54
    endloop
  endfacet
  facet normal -0.55553 0.831496 0
    outer loop
      vertex 82.5625 60.6755 4.3
      vertex 82.2389 60.4593 17.54
      vertex 82.5625 60.6755 17.54
    endloop
  endfacet
  facet normal -0.55553 0.831496 0
    outer loop
      vertex 82.2389 60.4593 17.54
      vertex 82.5625 60.6755 4.3
      vertex 82.2389 60.4593 4.3
    endloop
  endfacet
  facet normal -0.831422 0.555641 0
    outer loop
      vertex 81.1407 59.3611 4.3
      vertex 81.2497 59.5242 17.54
      vertex 81.2497 59.5242 4.3
    endloop
  endfacet
  facet normal -0.831422 0.555641 0
    outer loop
      vertex 81.2497 59.5242 17.54
      vertex 81.1407 59.3611 4.3
      vertex 81.1407 59.3611 17.54
    endloop
  endfacet
  facet normal -0.831496 0.55553 0
    outer loop
      vertex 80.9245 59.0375 4.3
      vertex 81.1407 59.3611 17.54
      vertex 81.1407 59.3611 4.3
    endloop
  endfacet
  facet normal -0.831496 0.55553 0
    outer loop
      vertex 81.1407 59.3611 17.54
      vertex 80.9245 59.0375 4.3
      vertex 80.9245 59.0375 17.54
    endloop
  endfacet
  facet normal 0.659478 0.751724 -0
    outer loop
      vertex 87.9643 59.9643 4.3
      vertex 87.8168 60.0937 17.54
      vertex 87.9643 59.9643 17.54
    endloop
  endfacet
  facet normal 0.659478 0.751724 0
    outer loop
      vertex 87.8168 60.0937 17.54
      vertex 87.9643 59.9643 4.3
      vertex 87.8168 60.0937 4.3
    endloop
  endfacet
  facet normal -0.997867 -0.0652738 0
    outer loop
      vertex 80.3504 56.4117 4.3
      vertex 80.325 56.8 17.54
      vertex 80.325 56.8 4.3
    endloop
  endfacet
  facet normal -0.997867 -0.0652738 0
    outer loop
      vertex 80.325 56.8 17.54
      vertex 80.3504 56.4117 4.3
      vertex 80.3504 56.4117 17.54
    endloop
  endfacet
  facet normal -0.997837 -0.065741 0
    outer loop
      vertex 80.3633 56.2159 4.3
      vertex 80.3504 56.4117 17.54
      vertex 80.3504 56.4117 4.3
    endloop
  endfacet
  facet normal -0.997837 -0.065741 0
    outer loop
      vertex 80.3504 56.4117 17.54
      vertex 80.3633 56.2159 4.3
      vertex 80.3633 56.2159 17.54
    endloop
  endfacet
  facet normal 0 0 -1
    outer loop
      vertex 89.2495 56.4117 4.3
      vertex 89.2495 57.1883 4.3
      vertex 89.275 56.8 4.3
    endloop
  endfacet
  facet normal 0 0 -1
    outer loop
      vertex 89.1984 56.0235 4.3
      vertex 89.2495 56.4117 4.3
      vertex 89.2367 56.2159 4.3
    endloop
  endfacet
  facet normal -0 0 -1
    outer loop
      vertex 89.2495 56.4117 4.3
      vertex 89.1984 56.0235 4.3
      vertex 89.2495 57.1883 4.3
    endloop
  endfacet
  facet normal 0 0 -1
    outer loop
      vertex 89.1984 57.5765 4.3
      vertex 89.2495 57.1883 4.3
      vertex 89.1984 56.0235 4.3
    endloop
  endfacet
  facet normal 0 0 -1
    outer loop
      vertex 89.2495 57.1883 4.3
      vertex 89.1984 57.5765 4.3
      vertex 89.2367 57.3841 4.3
    endloop
  endfacet
  facet normal 0 0 -1
    outer loop
      vertex 88.9974 55.2733 4.3
      vertex 89.1984 56.0235 4.3
      vertex 89.1225 55.6418 4.3
    endloop
  endfacet
  facet normal -0 0 -1
    outer loop
      vertex 89.1984 56.0235 4.3
      vertex 88.9974 55.2733 4.3
      vertex 89.1984 57.5765 4.3
    endloop
  endfacet
  facet normal 0 0 -1
    outer loop
      vertex 88.9974 58.3267 4.3
      vertex 89.1984 57.5765 4.3
      vertex 88.9974 55.2733 4.3
    endloop
  endfacet
  facet normal 0 0 -1
    outer loop
      vertex 89.1984 57.5765 4.3
      vertex 88.9974 58.3267 4.3
      vertex 89.1225 57.9582 4.3
    endloop
  endfacet
  facet normal 0 0 -1
    outer loop
      vertex 88.8476 54.9115 4.3
      vertex 88.9974 55.2733 4.3
      vertex 88.9344 55.0875 4.3
    endloop
  endfacet
  facet normal -0 0 -1
    outer loop
      vertex 88.9974 55.2733 4.3
      vertex 88.8476 54.9115 4.3
      vertex 88.9974 58.3267 4.3
    endloop
  endfacet
  facet normal 0 0 -1
    outer loop
      vertex 88.8476 58.6885 4.3
      vertex 88.9974 58.3267 4.3
      vertex 88.8476 54.9115 4.3
    endloop
  endfacet
  facet normal 0 0 -1
    outer loop
      vertex 88.9974 58.3267 4.3
      vertex 88.8476 58.6885 4.3
      vertex 88.9344 58.5125 4.3
    endloop
  endfacet
  facet normal 0 0 -1
    outer loop
      vertex 88.4593 54.2389 4.3
      vertex 88.8476 54.9115 4.3
      vertex 88.6755 54.5625 4.3
    endloop
  endfacet
  facet normal -0 0 -1
    outer loop
      vertex 88.8476 54.9115 4.3
      vertex 88.4593 54.2389 4.3
      vertex 88.8476 58.6885 4.3
    endloop
  endfacet
  facet normal 0 0 -1
    outer loop
      vertex 88.4593 59.3611 4.3
      vertex 88.8476 58.6885 4.3
      vertex 88.4593 54.2389 4.3
    endloop
  endfacet
  facet normal 0 0 -1
    outer loop
      vertex 88.8476 58.6885 4.3
      vertex 88.4593 59.3611 4.3
      vertex 88.6755 59.0375 4.3
    endloop
  endfacet
  facet normal 0 0 -1
    outer loop
      vertex 88.0937 53.7832 4.3
      vertex 88.4593 54.2389 4.3
      vertex 88.3503 54.0758 4.3
    endloop
  endfacet
  facet normal -0 0 -1
    outer loop
      vertex 88.4593 54.2389 4.3
      vertex 88.0937 53.7832 4.3
      vertex 88.4593 59.3611 4.3
    endloop
  endfacet
  facet normal 0 0 -1
    outer loop
      vertex 88.0937 59.8168 4.3
      vertex 88.4593 59.3611 4.3
      vertex 88.0937 53.7832 4.3
    endloop
  endfacet
  facet normal 0 0 -1
    outer loop
      vertex 88.4593 59.3611 4.3
      vertex 88.0937 59.8168 4.3
      vertex 88.3503 59.5242 4.3
    endloop
  endfacet
  facet normal 0 0 -1
    outer loop
      vertex 87.8168 53.5063 4.3
      vertex 88.0937 53.7832 4.3
      vertex 87.9643 53.6357 4.3
    endloop
  endfacet
  facet normal -0 0 -1
    outer loop
      vertex 88.0937 53.7832 4.3
      vertex 87.8168 53.5063 4.3
      vertex 88.0937 59.8168 4.3
    endloop
  endfacet
  facet normal 0 0 -1
    outer loop
      vertex 87.8168 60.0937 4.3
      vertex 88.0937 59.8168 4.3
      vertex 87.8168 53.5063 4.3
    endloop
  endfacet
  facet normal 0 0 -1
    outer loop
      vertex 88.0937 59.8168 4.3
      vertex 87.8168 60.0937 4.3
      vertex 87.9643 59.9643 4.3
    endloop
  endfacet
  facet normal 0 0 -1
    outer loop
      vertex 87.3611 53.1407 4.3
      vertex 87.8168 53.5063 4.3
      vertex 87.5242 53.2497 4.3
    endloop
  endfacet
  facet normal -0 0 -1
    outer loop
      vertex 87.8168 53.5063 4.3
      vertex 87.3611 53.1407 4.3
      vertex 87.8168 60.0937 4.3
    endloop
  endfacet
  facet normal 0 0 -1
    outer loop
      vertex 87.3611 60.4593 4.3
      vertex 87.8168 60.0937 4.3
      vertex 87.3611 53.1407 4.3
    endloop
  endfacet
  facet normal 0 0 -1
    outer loop
      vertex 87.8168 60.0937 4.3
      vertex 87.3611 60.4593 4.3
      vertex 87.5242 60.3503 4.3
    endloop
  endfacet
  facet normal 0 0 -1
    outer loop
      vertex 86.6885 52.7524 4.3
      vertex 87.3611 53.1407 4.3
      vertex 87.0375 52.9245 4.3
    endloop
  endfacet
  facet normal -0 0 -1
    outer loop
      vertex 87.3611 53.1407 4.3
      vertex 86.6885 52.7524 4.3
      vertex 87.3611 60.4593 4.3
    endloop
  endfacet
  facet normal 0 0 -1
    outer loop
      vertex 86.6885 60.8476 4.3
      vertex 87.3611 60.4593 4.3
      vertex 86.6885 52.7524 4.3
    endloop
  endfacet
  facet normal 0 0 -1
    outer loop
      vertex 87.3611 60.4593 4.3
      vertex 86.6885 60.8476 4.3
      vertex 87.0375 60.6755 4.3
    endloop
  endfacet
  facet normal 0 0 -1
    outer loop
      vertex 86.3267 52.6026 4.3
      vertex 86.6885 52.7524 4.3
      vertex 86.5125 52.6656 4.3
    endloop
  endfacet
  facet normal -0 0 -1
    outer loop
      vertex 86.6885 52.7524 4.3
      vertex 86.3267 52.6026 4.3
      vertex 86.6885 60.8476 4.3
    endloop
  endfacet
  facet normal 0 0 -1
    outer loop
      vertex 86.3267 60.9974 4.3
      vertex 86.6885 60.8476 4.3
      vertex 86.3267 52.6026 4.3
    endloop
  endfacet
  facet normal 0 0 -1
    outer loop
      vertex 86.6885 60.8476 4.3
      vertex 86.3267 60.9974 4.3
      vertex 86.5125 60.9344 4.3
    endloop
  endfacet
  facet normal 0 0 -1
    outer loop
      vertex 85.5765 52.4016 4.3
      vertex 86.3267 52.6026 4.3
      vertex 85.9582 52.4775 4.3
    endloop
  endfacet
  facet normal -0 0 -1
    outer loop
      vertex 86.3267 52.6026 4.3
      vertex 85.5765 52.4016 4.3
      vertex 86.3267 60.9974 4.3
    endloop
  endfacet
  facet normal 0 0 -1
    outer loop
      vertex 85.5765 61.1984 4.3
      vertex 86.3267 60.9974 4.3
      vertex 85.5765 52.4016 4.3
    endloop
  endfacet
  facet normal 0 0 -1
    outer loop
      vertex 86.3267 60.9974 4.3
      vertex 85.5765 61.1984 4.3
      vertex 85.9582 61.1225 4.3
    endloop
  endfacet
  facet normal 0 0 -1
    outer loop
      vertex 85.1883 52.3505 4.3
      vertex 85.5765 52.4016 4.3
      vertex 85.3841 52.3633 4.3
    endloop
  endfacet
  facet normal -0 0 -1
    outer loop
      vertex 85.5765 52.4016 4.3
      vertex 85.1883 52.3505 4.3
      vertex 85.5765 61.1984 4.3
    endloop
  endfacet
  facet normal 0 0 -1
    outer loop
      vertex 85.1883 61.2495 4.3
      vertex 85.5765 61.1984 4.3
      vertex 85.1883 52.3505 4.3
    endloop
  endfacet
  facet normal 0 0 -1
    outer loop
      vertex 85.5765 61.1984 4.3
      vertex 85.1883 61.2495 4.3
      vertex 85.3841 61.2367 4.3
    endloop
  endfacet
  facet normal 0 0 -1
    outer loop
      vertex 84.4117 52.3505 4.3
      vertex 85.1883 52.3505 4.3
      vertex 84.8 52.325 4.3
    endloop
  endfacet
  facet normal 0 0 -1
    outer loop
      vertex 85.1883 52.3505 4.3
      vertex 84.4117 52.3505 4.3
      vertex 85.1883 61.2495 4.3
    endloop
  endfacet
  facet normal 0 0 -1
    outer loop
      vertex 84.4117 61.2495 4.3
      vertex 85.1883 61.2495 4.3
      vertex 84.4117 52.3505 4.3
    endloop
  endfacet
  facet normal 0 0 -1
    outer loop
      vertex 85.1883 61.2495 4.3
      vertex 84.4117 61.2495 4.3
      vertex 84.8 61.275 4.3
    endloop
  endfacet
  facet normal 0 0 -1
    outer loop
      vertex 84.0235 52.4016 4.3
      vertex 84.4117 52.3505 4.3
      vertex 84.2159 52.3633 4.3
    endloop
  endfacet
  facet normal 0 0 -1
    outer loop
      vertex 84.4117 52.3505 4.3
      vertex 84.0235 52.4016 4.3
      vertex 84.4117 61.2495 4.3
    endloop
  endfacet
  facet normal 0 0 -1
    outer loop
      vertex 84.0235 61.1984 4.3
      vertex 84.4117 61.2495 4.3
      vertex 84.0235 52.4016 4.3
    endloop
  endfacet
  facet normal 0 0 -1
    outer loop
      vertex 84.4117 61.2495 4.3
      vertex 84.0235 61.1984 4.3
      vertex 84.2159 61.2367 4.3
    endloop
  endfacet
  facet normal 0 0 -1
    outer loop
      vertex 83.2733 52.6026 4.3
      vertex 84.0235 52.4016 4.3
      vertex 83.6418 52.4775 4.3
    endloop
  endfacet
  facet normal 0 0 -1
    outer loop
      vertex 84.0235 52.4016 4.3
      vertex 83.2733 52.6026 4.3
      vertex 84.0235 61.1984 4.3
    endloop
  endfacet
  facet normal 0 0 -1
    outer loop
      vertex 83.2733 60.9974 4.3
      vertex 84.0235 61.1984 4.3
      vertex 83.2733 52.6026 4.3
    endloop
  endfacet
  facet normal 0 0 -1
    outer loop
      vertex 84.0235 61.1984 4.3
      vertex 83.2733 60.9974 4.3
      vertex 83.6418 61.1225 4.3
    endloop
  endfacet
  facet normal 0 0 -1
    outer loop
      vertex 82.9115 52.7524 4.3
      vertex 83.2733 52.6026 4.3
      vertex 83.0875 52.6656 4.3
    endloop
  endfacet
  facet normal 0 0 -1
    outer loop
      vertex 83.2733 52.6026 4.3
      vertex 82.9115 52.7524 4.3
      vertex 83.2733 60.9974 4.3
    endloop
  endfacet
  facet normal 0 0 -1
    outer loop
      vertex 82.9115 60.8476 4.3
      vertex 83.2733 60.9974 4.3
      vertex 82.9115 52.7524 4.3
    endloop
  endfacet
  facet normal 0 0 -1
    outer loop
      vertex 83.2733 60.9974 4.3
      vertex 82.9115 60.8476 4.3
      vertex 83.0875 60.9344 4.3
    endloop
  endfacet
  facet normal 0 0 -1
    outer loop
      vertex 82.2389 53.1407 4.3
      vertex 82.9115 52.7524 4.3
      vertex 82.5625 52.9245 4.3
    endloop
  endfacet
  facet normal 0 0 -1
    outer loop
      vertex 82.9115 52.7524 4.3
      vertex 82.2389 53.1407 4.3
      vertex 82.9115 60.8476 4.3
    endloop
  endfacet
  facet normal 0 0 -1
    outer loop
      vertex 82.2389 60.4593 4.3
      vertex 82.9115 60.8476 4.3
      vertex 82.2389 53.1407 4.3
    endloop
  endfacet
  facet normal 0 0 -1
    outer loop
      vertex 82.9115 60.8476 4.3
      vertex 82.2389 60.4593 4.3
      vertex 82.5625 60.6755 4.3
    endloop
  endfacet
  facet normal 0 0 -1
    outer loop
      vertex 81.7832 53.5063 4.3
      vertex 82.2389 53.1407 4.3
      vertex 82.0758 53.2497 4.3
    endloop
  endfacet
  facet normal 0 0 -1
    outer loop
      vertex 82.2389 53.1407 4.3
      vertex 81.7832 53.5063 4.3
      vertex 82.2389 60.4593 4.3
    endloop
  endfacet
  facet normal 0 0 -1
    outer loop
      vertex 81.7832 60.0937 4.3
      vertex 82.2389 60.4593 4.3
      vertex 81.7832 53.5063 4.3
    endloop
  endfacet
  facet normal 0 0 -1
    outer loop
      vertex 82.2389 60.4593 4.3
      vertex 81.7832 60.0937 4.3
      vertex 82.0758 60.3503 4.3
    endloop
  endfacet
  facet normal 0 0 -1
    outer loop
      vertex 81.5063 53.7832 4.3
      vertex 81.7832 53.5063 4.3
      vertex 81.6357 53.6357 4.3
    endloop
  endfacet
  facet normal 0 0 -1
    outer loop
      vertex 81.7832 53.5063 4.3
      vertex 81.5063 53.7832 4.3
      vertex 81.7832 60.0937 4.3
    endloop
  endfacet
  facet normal 0 0 -1
    outer loop
      vertex 81.5063 59.8168 4.3
      vertex 81.7832 60.0937 4.3
      vertex 81.5063 53.7832 4.3
    endloop
  endfacet
  facet normal 0 0 -1
    outer loop
      vertex 81.7832 60.0937 4.3
      vertex 81.5063 59.8168 4.3
      vertex 81.6357 59.9643 4.3
    endloop
  endfacet
  facet normal 0 0 -1
    outer loop
      vertex 81.1407 54.2389 4.3
      vertex 81.5063 53.7832 4.3
      vertex 81.2497 54.0758 4.3
    endloop
  endfacet
  facet normal 0 0 -1
    outer loop
      vertex 81.5063 53.7832 4.3
      vertex 81.1407 54.2389 4.3
      vertex 81.5063 59.8168 4.3
    endloop
  endfacet
  facet normal 0 0 -1
    outer loop
      vertex 81.1407 59.3611 4.3
      vertex 81.5063 59.8168 4.3
      vertex 81.1407 54.2389 4.3
    endloop
  endfacet
  facet normal 0 0 -1
    outer loop
      vertex 81.5063 59.8168 4.3
      vertex 81.1407 59.3611 4.3
      vertex 81.2497 59.5242 4.3
    endloop
  endfacet
  facet normal 0 0 -1
    outer loop
      vertex 80.7524 54.9115 4.3
      vertex 81.1407 54.2389 4.3
      vertex 80.9245 54.5625 4.3
    endloop
  endfacet
  facet normal 0 0 -1
    outer loop
      vertex 81.1407 54.2389 4.3
      vertex 80.7524 54.9115 4.3
      vertex 81.1407 59.3611 4.3
    endloop
  endfacet
  facet normal 0 0 -1
    outer loop
      vertex 80.7524 58.6885 4.3
      vertex 81.1407 59.3611 4.3
      vertex 80.7524 54.9115 4.3
    endloop
  endfacet
  facet normal 0 0 -1
    outer loop
      vertex 81.1407 59.3611 4.3
      vertex 80.7524 58.6885 4.3
      vertex 80.9245 59.0375 4.3
    endloop
  endfacet
  facet normal 0 0 -1
    outer loop
      vertex 80.6026 55.2733 4.3
      vertex 80.7524 54.9115 4.3
      vertex 80.6656 55.0875 4.3
    endloop
  endfacet
  facet normal 0 0 -1
    outer loop
      vertex 80.7524 54.9115 4.3
      vertex 80.6026 55.2733 4.3
      vertex 80.7524 58.6885 4.3
    endloop
  endfacet
  facet normal 0 0 -1
    outer loop
      vertex 80.6026 58.3267 4.3
      vertex 80.7524 58.6885 4.3
      vertex 80.6026 55.2733 4.3
    endloop
  endfacet
  facet normal 0 0 -1
    outer loop
      vertex 80.7524 58.6885 4.3
      vertex 80.6026 58.3267 4.3
      vertex 80.6656 58.5125 4.3
    endloop
  endfacet
  facet normal 0 0 -1
    outer loop
      vertex 80.4016 56.0235 4.3
      vertex 80.6026 55.2733 4.3
      vertex 80.4775 55.6418 4.3
    endloop
  endfacet
  facet normal 0 0 -1
    outer loop
      vertex 80.6026 55.2733 4.3
      vertex 80.4016 56.0235 4.3
      vertex 80.6026 58.3267 4.3
    endloop
  endfacet
  facet normal 0 0 -1
    outer loop
      vertex 80.4016 57.5765 4.3
      vertex 80.6026 58.3267 4.3
      vertex 80.4016 56.0235 4.3
    endloop
  endfacet
  facet normal 0 0 -1
    outer loop
      vertex 80.6026 58.3267 4.3
      vertex 80.4016 57.5765 4.3
      vertex 80.4775 57.9582 4.3
    endloop
  endfacet
  facet normal 0 0 -1
    outer loop
      vertex 80.3504 56.4117 4.3
      vertex 80.4016 56.0235 4.3
      vertex 80.3633 56.2159 4.3
    endloop
  endfacet
  facet normal 0 0 -1
    outer loop
      vertex 80.4016 56.0235 4.3
      vertex 80.3504 56.4117 4.3
      vertex 80.4016 57.5765 4.3
    endloop
  endfacet
  facet normal 0 0 -1
    outer loop
      vertex 80.3504 57.1883 4.3
      vertex 80.4016 57.5765 4.3
      vertex 80.3504 56.4117 4.3
    endloop
  endfacet
  facet normal 0 0 -1
    outer loop
      vertex 80.4016 57.5765 4.3
      vertex 80.3504 57.1883 4.3
      vertex 80.3633 57.3841 4.3
    endloop
  endfacet
  facet normal 0 -0 -1
    outer loop
      vertex 80.3504 57.1883 4.3
      vertex 80.3504 56.4117 4.3
      vertex 80.325 56.8 4.3
    endloop
  endfacet
  facet normal 0.94704 -0.321117 0
    outer loop
      vertex 88.9344 55.0875 17.54
      vertex 88.9974 55.2733 4.3
      vertex 88.9974 55.2733 17.54
    endloop
  endfacet
  facet normal 0.94704 -0.321117 0
    outer loop
      vertex 88.9974 55.2733 4.3
      vertex 88.9344 55.0875 17.54
      vertex 88.9344 55.0875 4.3
    endloop
  endfacet
  facet normal 0.442273 -0.896881 0
    outer loop
      vertex 86.6885 52.7524 4.3
      vertex 87.0375 52.9245 17.54
      vertex 86.6885 52.7524 17.54
    endloop
  endfacet
  facet normal 0.442273 -0.896881 0
    outer loop
      vertex 87.0375 52.9245 17.54
      vertex 86.6885 52.7524 4.3
      vertex 87.0375 52.9245 4.3
    endloop
  endfacet
  facet normal 0.442315 -0.89686 0
    outer loop
      vertex 86.5125 52.6656 4.3
      vertex 86.6885 52.7524 17.54
      vertex 86.5125 52.6656 17.54
    endloop
  endfacet
  facet normal 0.442315 -0.89686 0
    outer loop
      vertex 86.6885 52.7524 17.54
      vertex 86.5125 52.6656 4.3
      vertex 86.6885 52.7524 4.3
    endloop
  endfacet
  facet normal 0.99787 0.0652336 0
    outer loop
      vertex 89.2495 57.1883 17.54
      vertex 89.2367 57.3841 4.3
      vertex 89.2367 57.3841 17.54
    endloop
  endfacet
  facet normal 0.99787 0.0652336 0
    outer loop
      vertex 89.2367 57.3841 4.3
      vertex 89.2495 57.1883 17.54
      vertex 89.2495 57.1883 4.3
    endloop
  endfacet
  facet normal -0.442273 0.896881 0
    outer loop
      vertex 82.9115 60.8476 4.3
      vertex 82.5625 60.6755 17.54
      vertex 82.9115 60.8476 17.54
    endloop
  endfacet
  facet normal -0.442273 0.896881 0
    outer loop
      vertex 82.5625 60.6755 17.54
      vertex 82.9115 60.8476 4.3
      vertex 82.5625 60.6755 4.3
    endloop
  endfacet
  facet normal -0.321465 0.946921 0
    outer loop
      vertex 83.6418 61.1225 4.3
      vertex 83.2733 60.9974 17.54
      vertex 83.6418 61.1225 17.54
    endloop
  endfacet
  facet normal -0.321465 0.946921 0
    outer loop
      vertex 83.2733 60.9974 17.54
      vertex 83.6418 61.1225 4.3
      vertex 83.2733 60.9974 4.3
    endloop
  endfacet
  facet normal -0.946921 0.321465 0
    outer loop
      vertex 80.4775 57.9582 4.3
      vertex 80.6026 58.3267 17.54
      vertex 80.6026 58.3267 4.3
    endloop
  endfacet
  facet normal -0.946921 0.321465 0
    outer loop
      vertex 80.6026 58.3267 17.54
      vertex 80.4775 57.9582 4.3
      vertex 80.4775 57.9582 17.54
    endloop
  endfacet
  facet normal -0.980797 0.195029 0
    outer loop
      vertex 80.4016 57.5765 4.3
      vertex 80.4775 57.9582 17.54
      vertex 80.4775 57.9582 4.3
    endloop
  endfacet
  facet normal -0.980797 0.195029 0
    outer loop
      vertex 80.4775 57.9582 17.54
      vertex 80.4016 57.5765 4.3
      vertex 80.4016 57.5765 17.54
    endloop
  endfacet
  facet normal 0.0655297 -0.997851 0
    outer loop
      vertex 84.8 52.325 4.3
      vertex 85.1883 52.3505 17.54
      vertex 84.8 52.325 17.54
    endloop
  endfacet
  facet normal 0.0655297 -0.997851 0
    outer loop
      vertex 85.1883 52.3505 17.54
      vertex 84.8 52.325 4.3
      vertex 85.1883 52.3505 4.3
    endloop
  endfacet
  facet normal 0.896881 -0.442273 0
    outer loop
      vertex 88.6755 54.5625 17.54
      vertex 88.8476 54.9115 4.3
      vertex 88.8476 54.9115 17.54
    endloop
  endfacet
  facet normal 0.896881 -0.442273 0
    outer loop
      vertex 88.8476 54.9115 4.3
      vertex 88.6755 54.5625 17.54
      vertex 88.6755 54.5625 4.3
    endloop
  endfacet
  facet normal 0.946921 -0.321465 0
    outer loop
      vertex 88.9974 55.2733 17.54
      vertex 89.1225 55.6418 4.3
      vertex 89.1225 55.6418 17.54
    endloop
  endfacet
  facet normal 0.946921 -0.321465 0
    outer loop
      vertex 89.1225 55.6418 4.3
      vertex 88.9974 55.2733 17.54
      vertex 88.9974 55.2733 4.3
    endloop
  endfacet
  facet normal 0.89686 0.442315 0
    outer loop
      vertex 88.9344 58.5125 17.54
      vertex 88.8476 58.6885 4.3
      vertex 88.8476 58.6885 17.54
    endloop
  endfacet
  facet normal 0.89686 0.442315 0
    outer loop
      vertex 88.8476 58.6885 4.3
      vertex 88.9344 58.5125 17.54
      vertex 88.9344 58.5125 4.3
    endloop
  endfacet
  facet normal -0.751724 0.659478 0
    outer loop
      vertex 81.5063 59.8168 4.3
      vertex 81.6357 59.9643 17.54
      vertex 81.6357 59.9643 4.3
    endloop
  endfacet
  facet normal -0.751724 0.659478 0
    outer loop
      vertex 81.6357 59.9643 17.54
      vertex 81.5063 59.8168 4.3
      vertex 81.5063 59.8168 17.54
    endloop
  endfacet
  facet normal -0.751844 0.659341 0
    outer loop
      vertex 81.2497 59.5242 4.3
      vertex 81.5063 59.8168 17.54
      vertex 81.5063 59.8168 4.3
    endloop
  endfacet
  facet normal -0.751844 0.659341 0
    outer loop
      vertex 81.5063 59.8168 17.54
      vertex 81.2497 59.5242 4.3
      vertex 81.2497 59.5242 17.54
    endloop
  endfacet
  facet normal -0.980757 0.195234 0
    outer loop
      vertex 80.3633 57.3841 4.3
      vertex 80.4016 57.5765 17.54
      vertex 80.4016 57.5765 4.3
    endloop
  endfacet
  facet normal -0.980757 0.195234 0
    outer loop
      vertex 80.4016 57.5765 17.54
      vertex 80.3633 57.3841 4.3
      vertex 80.3633 57.3841 17.54
    endloop
  endfacet
  facet normal 0.321117 0.94704 -0
    outer loop
      vertex 86.5125 60.9344 4.3
      vertex 86.3267 60.9974 17.54
      vertex 86.5125 60.9344 17.54
    endloop
  endfacet
  facet normal 0.321117 0.94704 0
    outer loop
      vertex 86.3267 60.9974 17.54
      vertex 86.5125 60.9344 4.3
      vertex 86.3267 60.9974 4.3
    endloop
  endfacet
  facet normal 0.751724 0.659478 0
    outer loop
      vertex 88.0937 59.8168 17.54
      vertex 87.9643 59.9643 4.3
      vertex 87.9643 59.9643 17.54
    endloop
  endfacet
  facet normal 0.751724 0.659478 0
    outer loop
      vertex 87.9643 59.9643 4.3
      vertex 88.0937 59.8168 17.54
      vertex 88.0937 59.8168 4.3
    endloop
  endfacet
  facet normal 0.751844 -0.659341 0
    outer loop
      vertex 88.0937 53.7832 17.54
      vertex 88.3503 54.0758 4.3
      vertex 88.3503 54.0758 17.54
    endloop
  endfacet
  facet normal 0.751844 -0.659341 0
    outer loop
      vertex 88.3503 54.0758 4.3
      vertex 88.0937 53.7832 17.54
      vertex 88.0937 53.7832 4.3
    endloop
  endfacet
  facet normal 0.659478 -0.751724 0
    outer loop
      vertex 87.8168 53.5063 4.3
      vertex 87.9643 53.6357 17.54
      vertex 87.8168 53.5063 17.54
    endloop
  endfacet
  facet normal 0.659478 -0.751724 0
    outer loop
      vertex 87.9643 53.6357 17.54
      vertex 87.8168 53.5063 4.3
      vertex 87.9643 53.6357 4.3
    endloop
  endfacet
  facet normal 0.980797 -0.195029 0
    outer loop
      vertex 89.1225 55.6418 17.54
      vertex 89.1984 56.0235 4.3
      vertex 89.1984 56.0235 17.54
    endloop
  endfacet
  facet normal 0.980797 -0.195029 0
    outer loop
      vertex 89.1984 56.0235 4.3
      vertex 89.1225 55.6418 17.54
      vertex 89.1225 55.6418 4.3
    endloop
  endfacet
  facet normal -0.831422 -0.555641 0
    outer loop
      vertex 81.2497 54.0758 4.3
      vertex 81.1407 54.2389 17.54
      vertex 81.1407 54.2389 4.3
    endloop
  endfacet
  facet normal -0.831422 -0.555641 0
    outer loop
      vertex 81.1407 54.2389 17.54
      vertex 81.2497 54.0758 4.3
      vertex 81.2497 54.0758 17.54
    endloop
  endfacet
  facet normal 0.997851 0.0655297 0
    outer loop
      vertex 89.275 56.8 17.54
      vertex 89.2495 57.1883 4.3
      vertex 89.2495 57.1883 17.54
    endloop
  endfacet
  facet normal 0.997851 0.0655297 0
    outer loop
      vertex 89.2495 57.1883 4.3
      vertex 89.275 56.8 17.54
      vertex 89.275 56.8 4.3
    endloop
  endfacet
  facet normal -0.195029 0.980797 0
    outer loop
      vertex 84.0235 61.1984 4.3
      vertex 83.6418 61.1225 17.54
      vertex 84.0235 61.1984 17.54
    endloop
  endfacet
  facet normal -0.195029 0.980797 0
    outer loop
      vertex 83.6418 61.1225 17.54
      vertex 84.0235 61.1984 4.3
      vertex 83.6418 61.1225 4.3
    endloop
  endfacet
  facet normal 0.980757 0.195234 0
    outer loop
      vertex 89.2367 57.3841 17.54
      vertex 89.1984 57.5765 4.3
      vertex 89.1984 57.5765 17.54
    endloop
  endfacet
  facet normal 0.980757 0.195234 0
    outer loop
      vertex 89.1984 57.5765 4.3
      vertex 89.2367 57.3841 17.54
      vertex 89.2367 57.3841 4.3
    endloop
  endfacet
  facet normal 0.980797 0.195029 0
    outer loop
      vertex 89.1984 57.5765 17.54
      vertex 89.1225 57.9582 4.3
      vertex 89.1225 57.9582 17.54
    endloop
  endfacet
  facet normal 0.980797 0.195029 0
    outer loop
      vertex 89.1225 57.9582 4.3
      vertex 89.1984 57.5765 17.54
      vertex 89.1984 57.5765 4.3
    endloop
  endfacet
  facet normal 0 0 1
    outer loop
      vertex 89.2495 57.1883 17.54
      vertex 89.2495 56.4117 17.54
      vertex 89.275 56.8 17.54
    endloop
  endfacet
  facet normal 0 0 1
    outer loop
      vertex 89.1984 57.5765 17.54
      vertex 89.2495 57.1883 17.54
      vertex 89.2367 57.3841 17.54
    endloop
  endfacet
  facet normal 0 0 1
    outer loop
      vertex 89.2495 57.1883 17.54
      vertex 89.1984 57.5765 17.54
      vertex 89.2495 56.4117 17.54
    endloop
  endfacet
  facet normal 0 0 1
    outer loop
      vertex 89.1984 56.0235 17.54
      vertex 89.2495 56.4117 17.54
      vertex 89.1984 57.5765 17.54
    endloop
  endfacet
  facet normal 0 0 1
    outer loop
      vertex 89.2495 56.4117 17.54
      vertex 89.1984 56.0235 17.54
      vertex 89.2367 56.2159 17.54
    endloop
  endfacet
  facet normal 0 0 1
    outer loop
      vertex 88.9974 58.3267 17.54
      vertex 89.1984 57.5765 17.54
      vertex 89.1225 57.9582 17.54
    endloop
  endfacet
  facet normal 0 0 1
    outer loop
      vertex 89.1984 57.5765 17.54
      vertex 88.9974 58.3267 17.54
      vertex 89.1984 56.0235 17.54
    endloop
  endfacet
  facet normal 0 0 1
    outer loop
      vertex 88.9974 55.2733 17.54
      vertex 89.1984 56.0235 17.54
      vertex 88.9974 58.3267 17.54
    endloop
  endfacet
  facet normal 0 0 1
    outer loop
      vertex 89.1984 56.0235 17.54
      vertex 88.9974 55.2733 17.54
      vertex 89.1225 55.6418 17.54
    endloop
  endfacet
  facet normal 0 0 1
    outer loop
      vertex 88.8476 58.6885 17.54
      vertex 88.9974 58.3267 17.54
      vertex 88.9344 58.5125 17.54
    endloop
  endfacet
  facet normal 0 0 1
    outer loop
      vertex 88.9974 58.3267 17.54
      vertex 88.8476 58.6885 17.54
      vertex 88.9974 55.2733 17.54
    endloop
  endfacet
  facet normal 0 0 1
    outer loop
      vertex 88.8476 54.9115 17.54
      vertex 88.9974 55.2733 17.54
      vertex 88.8476 58.6885 17.54
    endloop
  endfacet
  facet normal 0 0 1
    outer loop
      vertex 88.9974 55.2733 17.54
      vertex 88.8476 54.9115 17.54
      vertex 88.9344 55.0875 17.54
    endloop
  endfacet
  facet normal 0 0 1
    outer loop
      vertex 88.4593 59.3611 17.54
      vertex 88.8476 58.6885 17.54
      vertex 88.6755 59.0375 17.54
    endloop
  endfacet
  facet normal 0 0 1
    outer loop
      vertex 88.8476 58.6885 17.54
      vertex 88.4593 59.3611 17.54
      vertex 88.8476 54.9115 17.54
    endloop
  endfacet
  facet normal 0 0 1
    outer loop
      vertex 88.4593 54.2389 17.54
      vertex 88.8476 54.9115 17.54
      vertex 88.4593 59.3611 17.54
    endloop
  endfacet
  facet normal 0 0 1
    outer loop
      vertex 88.8476 54.9115 17.54
      vertex 88.4593 54.2389 17.54
      vertex 88.6755 54.5625 17.54
    endloop
  endfacet
  facet normal 0 0 1
    outer loop
      vertex 88.0937 59.8168 17.54
      vertex 88.4593 59.3611 17.54
      vertex 88.3503 59.5242 17.54
    endloop
  endfacet
  facet normal 0 0 1
    outer loop
      vertex 88.4593 59.3611 17.54
      vertex 88.0937 59.8168 17.54
      vertex 88.4593 54.2389 17.54
    endloop
  endfacet
  facet normal 0 0 1
    outer loop
      vertex 88.0937 53.7832 17.54
      vertex 88.4593 54.2389 17.54
      vertex 88.0937 59.8168 17.54
    endloop
  endfacet
  facet normal 0 0 1
    outer loop
      vertex 88.4593 54.2389 17.54
      vertex 88.0937 53.7832 17.54
      vertex 88.3503 54.0758 17.54
    endloop
  endfacet
  facet normal 0 0 1
    outer loop
      vertex 87.8168 60.0937 17.54
      vertex 88.0937 59.8168 17.54
      vertex 87.9643 59.9643 17.54
    endloop
  endfacet
  facet normal 0 0 1
    outer loop
      vertex 88.0937 59.8168 17.54
      vertex 87.8168 60.0937 17.54
      vertex 88.0937 53.7832 17.54
    endloop
  endfacet
  facet normal 0 0 1
    outer loop
      vertex 87.8168 53.5063 17.54
      vertex 88.0937 53.7832 17.54
      vertex 87.8168 60.0937 17.54
    endloop
  endfacet
  facet normal 0 0 1
    outer loop
      vertex 88.0937 53.7832 17.54
      vertex 87.8168 53.5063 17.54
      vertex 87.9643 53.6357 17.54
    endloop
  endfacet
  facet normal 0 0 1
    outer loop
      vertex 87.3611 60.4593 17.54
      vertex 87.8168 60.0937 17.54
      vertex 87.5242 60.3503 17.54
    endloop
  endfacet
  facet normal 0 0 1
    outer loop
      vertex 87.8168 60.0937 17.54
      vertex 87.3611 60.4593 17.54
      vertex 87.8168 53.5063 17.54
    endloop
  endfacet
  facet normal 0 0 1
    outer loop
      vertex 87.3611 53.1407 17.54
      vertex 87.8168 53.5063 17.54
      vertex 87.3611 60.4593 17.54
    endloop
  endfacet
  facet normal 0 0 1
    outer loop
      vertex 87.8168 53.5063 17.54
      vertex 87.3611 53.1407 17.54
      vertex 87.5242 53.2497 17.54
    endloop
  endfacet
  facet normal 0 0 1
    outer loop
      vertex 86.6885 60.8476 17.54
      vertex 87.3611 60.4593 17.54
      vertex 87.0375 60.6755 17.54
    endloop
  endfacet
  facet normal 0 0 1
    outer loop
      vertex 87.3611 60.4593 17.54
      vertex 86.6885 60.8476 17.54
      vertex 87.3611 53.1407 17.54
    endloop
  endfacet
  facet normal 0 0 1
    outer loop
      vertex 86.6885 52.7524 17.54
      vertex 87.3611 53.1407 17.54
      vertex 86.6885 60.8476 17.54
    endloop
  endfacet
  facet normal 0 0 1
    outer loop
      vertex 87.3611 53.1407 17.54
      vertex 86.6885 52.7524 17.54
      vertex 87.0375 52.9245 17.54
    endloop
  endfacet
  facet normal 0 0 1
    outer loop
      vertex 86.3267 60.9974 17.54
      vertex 86.6885 60.8476 17.54
      vertex 86.5125 60.9344 17.54
    endloop
  endfacet
  facet normal 0 0 1
    outer loop
      vertex 86.6885 60.8476 17.54
      vertex 86.3267 60.9974 17.54
      vertex 86.6885 52.7524 17.54
    endloop
  endfacet
  facet normal 0 0 1
    outer loop
      vertex 86.3267 52.6026 17.54
      vertex 86.6885 52.7524 17.54
      vertex 86.3267 60.9974 17.54
    endloop
  endfacet
  facet normal 0 0 1
    outer loop
      vertex 86.6885 52.7524 17.54
      vertex 86.3267 52.6026 17.54
      vertex 86.5125 52.6656 17.54
    endloop
  endfacet
  facet normal 0 0 1
    outer loop
      vertex 85.5765 61.1984 17.54
      vertex 86.3267 60.9974 17.54
      vertex 85.9582 61.1225 17.54
    endloop
  endfacet
  facet normal 0 0 1
    outer loop
      vertex 86.3267 60.9974 17.54
      vertex 85.5765 61.1984 17.54
      vertex 86.3267 52.6026 17.54
    endloop
  endfacet
  facet normal 0 0 1
    outer loop
      vertex 85.5765 52.4016 17.54
      vertex 86.3267 52.6026 17.54
      vertex 85.5765 61.1984 17.54
    endloop
  endfacet
  facet normal 0 0 1
    outer loop
      vertex 86.3267 52.6026 17.54
      vertex 85.5765 52.4016 17.54
      vertex 85.9582 52.4775 17.54
    endloop
  endfacet
  facet normal 0 0 1
    outer loop
      vertex 85.1883 61.2495 17.54
      vertex 85.5765 61.1984 17.54
      vertex 85.3841 61.2367 17.54
    endloop
  endfacet
  facet normal 0 0 1
    outer loop
      vertex 85.5765 61.1984 17.54
      vertex 85.1883 61.2495 17.54
      vertex 85.5765 52.4016 17.54
    endloop
  endfacet
  facet normal 0 0 1
    outer loop
      vertex 85.1883 52.3505 17.54
      vertex 85.5765 52.4016 17.54
      vertex 85.1883 61.2495 17.54
    endloop
  endfacet
  facet normal 0 0 1
    outer loop
      vertex 85.5765 52.4016 17.54
      vertex 85.1883 52.3505 17.54
      vertex 85.3841 52.3633 17.54
    endloop
  endfacet
  facet normal 0 0 1
    outer loop
      vertex 84.4117 61.2495 17.54
      vertex 85.1883 61.2495 17.54
      vertex 84.8 61.275 17.54
    endloop
  endfacet
  facet normal 0 0 1
    outer loop
      vertex 85.1883 61.2495 17.54
      vertex 84.4117 61.2495 17.54
      vertex 85.1883 52.3505 17.54
    endloop
  endfacet
  facet normal 0 0 1
    outer loop
      vertex 84.4117 52.3505 17.54
      vertex 85.1883 52.3505 17.54
      vertex 84.4117 61.2495 17.54
    endloop
  endfacet
  facet normal 0 0 1
    outer loop
      vertex 85.1883 52.3505 17.54
      vertex 84.4117 52.3505 17.54
      vertex 84.8 52.325 17.54
    endloop
  endfacet
  facet normal 0 0 1
    outer loop
      vertex 84.0235 61.1984 17.54
      vertex 84.4117 61.2495 17.54
      vertex 84.2159 61.2367 17.54
    endloop
  endfacet
  facet normal 0 0 1
    outer loop
      vertex 84.4117 61.2495 17.54
      vertex 84.0235 61.1984 17.54
      vertex 84.4117 52.3505 17.54
    endloop
  endfacet
  facet normal -0 0 1
    outer loop
      vertex 84.0235 52.4016 17.54
      vertex 84.4117 52.3505 17.54
      vertex 84.0235 61.1984 17.54
    endloop
  endfacet
  facet normal 0 0 1
    outer loop
      vertex 84.4117 52.3505 17.54
      vertex 84.0235 52.4016 17.54
      vertex 84.2159 52.3633 17.54
    endloop
  endfacet
  facet normal 0 0 1
    outer loop
      vertex 83.2733 60.9974 17.54
      vertex 84.0235 61.1984 17.54
      vertex 83.6418 61.1225 17.54
    endloop
  endfacet
  facet normal 0 0 1
    outer loop
      vertex 84.0235 61.1984 17.54
      vertex 83.2733 60.9974 17.54
      vertex 84.0235 52.4016 17.54
    endloop
  endfacet
  facet normal -0 0 1
    outer loop
      vertex 83.2733 52.6026 17.54
      vertex 84.0235 52.4016 17.54
      vertex 83.2733 60.9974 17.54
    endloop
  endfacet
  facet normal 0 0 1
    outer loop
      vertex 84.0235 52.4016 17.54
      vertex 83.2733 52.6026 17.54
      vertex 83.6418 52.4775 17.54
    endloop
  endfacet
  facet normal 0 0 1
    outer loop
      vertex 82.9115 60.8476 17.54
      vertex 83.2733 60.9974 17.54
      vertex 83.0875 60.9344 17.54
    endloop
  endfacet
  facet normal 0 0 1
    outer loop
      vertex 83.2733 60.9974 17.54
      vertex 82.9115 60.8476 17.54
      vertex 83.2733 52.6026 17.54
    endloop
  endfacet
  facet normal -0 0 1
    outer loop
      vertex 82.9115 52.7524 17.54
      vertex 83.2733 52.6026 17.54
      vertex 82.9115 60.8476 17.54
    endloop
  endfacet
  facet normal 0 0 1
    outer loop
      vertex 83.2733 52.6026 17.54
      vertex 82.9115 52.7524 17.54
      vertex 83.0875 52.6656 17.54
    endloop
  endfacet
  facet normal 0 0 1
    outer loop
      vertex 82.2389 60.4593 17.54
      vertex 82.9115 60.8476 17.54
      vertex 82.5625 60.6755 17.54
    endloop
  endfacet
  facet normal 0 0 1
    outer loop
      vertex 82.9115 60.8476 17.54
      vertex 82.2389 60.4593 17.54
      vertex 82.9115 52.7524 17.54
    endloop
  endfacet
  facet normal -0 0 1
    outer loop
      vertex 82.2389 53.1407 17.54
      vertex 82.9115 52.7524 17.54
      vertex 82.2389 60.4593 17.54
    endloop
  endfacet
  facet normal 0 0 1
    outer loop
      vertex 82.9115 52.7524 17.54
      vertex 82.2389 53.1407 17.54
      vertex 82.5625 52.9245 17.54
    endloop
  endfacet
  facet normal 0 0 1
    outer loop
      vertex 81.7832 60.0937 17.54
      vertex 82.2389 60.4593 17.54
      vertex 82.0758 60.3503 17.54
    endloop
  endfacet
  facet normal 0 0 1
    outer loop
      vertex 82.2389 60.4593 17.54
      vertex 81.7832 60.0937 17.54
      vertex 82.2389 53.1407 17.54
    endloop
  endfacet
  facet normal -0 0 1
    outer loop
      vertex 81.7832 53.5063 17.54
      vertex 82.2389 53.1407 17.54
      vertex 81.7832 60.0937 17.54
    endloop
  endfacet
  facet normal 0 0 1
    outer loop
      vertex 82.2389 53.1407 17.54
      vertex 81.7832 53.5063 17.54
      vertex 82.0758 53.2497 17.54
    endloop
  endfacet
  facet normal 0 0 1
    outer loop
      vertex 81.5063 59.8168 17.54
      vertex 81.7832 60.0937 17.54
      vertex 81.6357 59.9643 17.54
    endloop
  endfacet
  facet normal 0 0 1
    outer loop
      vertex 81.7832 60.0937 17.54
      vertex 81.5063 59.8168 17.54
      vertex 81.7832 53.5063 17.54
    endloop
  endfacet
  facet normal -0 0 1
    outer loop
      vertex 81.5063 53.7832 17.54
      vertex 81.7832 53.5063 17.54
      vertex 81.5063 59.8168 17.54
    endloop
  endfacet
  facet normal 0 0 1
    outer loop
      vertex 81.7832 53.5063 17.54
      vertex 81.5063 53.7832 17.54
      vertex 81.6357 53.6357 17.54
    endloop
  endfacet
  facet normal 0 0 1
    outer loop
      vertex 81.1407 59.3611 17.54
      vertex 81.5063 59.8168 17.54
      vertex 81.2497 59.5242 17.54
    endloop
  endfacet
  facet normal 0 0 1
    outer loop
      vertex 81.5063 59.8168 17.54
      vertex 81.1407 59.3611 17.54
      vertex 81.5063 53.7832 17.54
    endloop
  endfacet
  facet normal -0 0 1
    outer loop
      vertex 81.1407 54.2389 17.54
      vertex 81.5063 53.7832 17.54
      vertex 81.1407 59.3611 17.54
    endloop
  endfacet
  facet normal 0 0 1
    outer loop
      vertex 81.5063 53.7832 17.54
      vertex 81.1407 54.2389 17.54
      vertex 81.2497 54.0758 17.54
    endloop
  endfacet
  facet normal 0 0 1
    outer loop
      vertex 80.7524 58.6885 17.54
      vertex 81.1407 59.3611 17.54
      vertex 80.9245 59.0375 17.54
    endloop
  endfacet
  facet normal 0 0 1
    outer loop
      vertex 81.1407 59.3611 17.54
      vertex 80.7524 58.6885 17.54
      vertex 81.1407 54.2389 17.54
    endloop
  endfacet
  facet normal -0 0 1
    outer loop
      vertex 80.7524 54.9115 17.54
      vertex 81.1407 54.2389 17.54
      vertex 80.7524 58.6885 17.54
    endloop
  endfacet
  facet normal 0 0 1
    outer loop
      vertex 81.1407 54.2389 17.54
      vertex 80.7524 54.9115 17.54
      vertex 80.9245 54.5625 17.54
    endloop
  endfacet
  facet normal 0 0 1
    outer loop
      vertex 80.6026 58.3267 17.54
      vertex 80.7524 58.6885 17.54
      vertex 80.6656 58.5125 17.54
    endloop
  endfacet
  facet normal 0 0 1
    outer loop
      vertex 80.7524 58.6885 17.54
      vertex 80.6026 58.3267 17.54
      vertex 80.7524 54.9115 17.54
    endloop
  endfacet
  facet normal -0 0 1
    outer loop
      vertex 80.6026 55.2733 17.54
      vertex 80.7524 54.9115 17.54
      vertex 80.6026 58.3267 17.54
    endloop
  endfacet
  facet normal 0 0 1
    outer loop
      vertex 80.7524 54.9115 17.54
      vertex 80.6026 55.2733 17.54
      vertex 80.6656 55.0875 17.54
    endloop
  endfacet
  facet normal 0 0 1
    outer loop
      vertex 80.4016 57.5765 17.54
      vertex 80.6026 58.3267 17.54
      vertex 80.4775 57.9582 17.54
    endloop
  endfacet
  facet normal 0 0 1
    outer loop
      vertex 80.6026 58.3267 17.54
      vertex 80.4016 57.5765 17.54
      vertex 80.6026 55.2733 17.54
    endloop
  endfacet
  facet normal -0 0 1
    outer loop
      vertex 80.4016 56.0235 17.54
      vertex 80.6026 55.2733 17.54
      vertex 80.4016 57.5765 17.54
    endloop
  endfacet
  facet normal 0 0 1
    outer loop
      vertex 80.6026 55.2733 17.54
      vertex 80.4016 56.0235 17.54
      vertex 80.4775 55.6418 17.54
    endloop
  endfacet
  facet normal 0 0 1
    outer loop
      vertex 80.3504 57.1883 17.54
      vertex 80.4016 57.5765 17.54
      vertex 80.3633 57.3841 17.54
    endloop
  endfacet
  facet normal 0 0 1
    outer loop
      vertex 80.4016 57.5765 17.54
      vertex 80.3504 57.1883 17.54
      vertex 80.4016 56.0235 17.54
    endloop
  endfacet
  facet normal -0 0 1
    outer loop
      vertex 80.3504 56.4117 17.54
      vertex 80.4016 56.0235 17.54
      vertex 80.3504 57.1883 17.54
    endloop
  endfacet
  facet normal 0 0 1
    outer loop
      vertex 80.4016 56.0235 17.54
      vertex 80.3504 56.4117 17.54
      vertex 80.3633 56.2159 17.54
    endloop
  endfacet
  facet normal 0 -0 1
    outer loop
      vertex 80.3504 56.4117 17.54
      vertex 80.3504 57.1883 17.54
      vertex 80.325 56.8 17.54
    endloop
  endfacet
  facet normal 0.751724 -0.659478 0
    outer loop
      vertex 87.9643 53.6357 17.54
      vertex 88.0937 53.7832 4.3
      vertex 88.0937 53.7832 17.54
    endloop
  endfacet
  facet normal 0.751724 -0.659478 0
    outer loop
      vertex 88.0937 53.7832 4.3
      vertex 87.9643 53.6357 17.54
      vertex 87.9643 53.6357 4.3
    endloop
  endfacet
  facet normal -0.751844 -0.659341 0
    outer loop
      vertex 81.5063 53.7832 4.3
      vertex 81.2497 54.0758 17.54
      vertex 81.2497 54.0758 4.3
    endloop
  endfacet
  facet normal -0.751844 -0.659341 0
    outer loop
      vertex 81.2497 54.0758 17.54
      vertex 81.5063 53.7832 4.3
      vertex 81.5063 53.7832 17.54
    endloop
  endfacet
  facet normal 0.55553 -0.831496 0
    outer loop
      vertex 87.0375 52.9245 4.3
      vertex 87.3611 53.1407 17.54
      vertex 87.0375 52.9245 17.54
    endloop
  endfacet
  facet normal 0.55553 -0.831496 0
    outer loop
      vertex 87.3611 53.1407 17.54
      vertex 87.0375 52.9245 4.3
      vertex 87.3611 53.1407 4.3
    endloop
  endfacet
  facet normal -0.0655297 0.997851 0
    outer loop
      vertex 84.8 61.275 4.3
      vertex 84.4117 61.2495 17.54
      vertex 84.8 61.275 17.54
    endloop
  endfacet
  facet normal -0.0655297 0.997851 0
    outer loop
      vertex 84.4117 61.2495 17.54
      vertex 84.8 61.275 4.3
      vertex 84.4117 61.2495 4.3
    endloop
  endfacet
  facet normal 0.321465 0.946921 -0
    outer loop
      vertex 86.3267 60.9974 4.3
      vertex 85.9582 61.1225 17.54
      vertex 86.3267 60.9974 17.54
    endloop
  endfacet
  facet normal 0.321465 0.946921 0
    outer loop
      vertex 85.9582 61.1225 17.54
      vertex 86.3267 60.9974 4.3
      vertex 85.9582 61.1225 4.3
    endloop
  endfacet
  facet normal -0.321117 -0.94704 0
    outer loop
      vertex 78.8201 33.0334 4.3
      vertex 79.0059 32.9704 15.31
      vertex 78.8201 33.0334 15.31
    endloop
  endfacet
  facet normal -0.321117 -0.94704 -0
    outer loop
      vertex 79.0059 32.9704 15.31
      vertex 78.8201 33.0334 4.3
      vertex 79.0059 32.9704 4.3
    endloop
  endfacet
  facet normal 0.751724 0.659478 0
    outer loop
      vertex 83.9649 41.188 15.31
      vertex 83.8355 41.3355 4.3
      vertex 83.8355 41.3355 15.31
    endloop
  endfacet
  facet normal 0.751724 0.659478 0
    outer loop
      vertex 83.8355 41.3355 4.3
      vertex 83.9649 41.188 15.31
      vertex 83.9649 41.188 4.3
    endloop
  endfacet
  facet normal -0.321531 -0.946899 0
    outer loop
      vertex 78.3866 33.1806 4.3
      vertex 78.8201 33.0334 15.31
      vertex 78.3866 33.1806 15.31
    endloop
  endfacet
  facet normal -0.321531 -0.946899 -0
    outer loop
      vertex 78.8201 33.0334 15.31
      vertex 78.3866 33.1806 4.3
      vertex 78.8201 33.0334 4.3
    endloop
  endfacet
  facet normal -0.831546 0.555456 0
    outer loop
      vertex 75.9699 40.3 4.3
      vertex 76.2242 40.6807 15.31
      vertex 76.2242 40.6807 4.3
    endloop
  endfacet
  facet normal -0.831546 0.555456 0
    outer loop
      vertex 76.2242 40.6807 15.31
      vertex 75.9699 40.3 4.3
      vertex 75.9699 40.3 15.31
    endloop
  endfacet
  facet normal -0.555456 -0.831546 0
    outer loop
      vertex 77.4193 33.7242 4.3
      vertex 77.8 33.4699 15.31
      vertex 77.4193 33.7242 15.31
    endloop
  endfacet
  facet normal -0.555456 -0.831546 -0
    outer loop
      vertex 77.8 33.4699 15.31
      vertex 77.4193 33.7242 4.3
      vertex 77.8 33.4699 4.3
    endloop
  endfacet
  facet normal 0.195136 -0.980776 0
    outer loop
      vertex 80.9526 32.8428 4.3
      vertex 81.1451 32.8811 15.31
      vertex 80.9526 32.8428 15.31
    endloop
  endfacet
  facet normal 0.195136 -0.980776 0
    outer loop
      vertex 81.1451 32.8811 15.31
      vertex 80.9526 32.8428 4.3
      vertex 81.1451 32.8811 4.3
    endloop
  endfacet
  facet normal 0.0653156 -0.997865 0
    outer loop
      vertex 80.3 32.8 4.3
      vertex 80.7568 32.8299 15.31
      vertex 80.3 32.8 15.31
    endloop
  endfacet
  facet normal 0.0653156 -0.997865 0
    outer loop
      vertex 80.7568 32.8299 15.31
      vertex 80.3 32.8 4.3
      vertex 80.7568 32.8299 4.3
    endloop
  endfacet
  facet normal 0.555641 -0.831422 0
    outer loop
      vertex 83.1807 33.7242 4.3
      vertex 83.3438 33.8332 15.31
      vertex 83.1807 33.7242 15.31
    endloop
  endfacet
  facet normal 0.555641 -0.831422 0
    outer loop
      vertex 83.3438 33.8332 15.31
      vertex 83.1807 33.7242 4.3
      vertex 83.3438 33.8332 4.3
    endloop
  endfacet
  facet normal 0.555456 -0.831546 0
    outer loop
      vertex 82.8 33.4699 4.3
      vertex 83.1807 33.7242 15.31
      vertex 82.8 33.4699 15.31
    endloop
  endfacet
  facet normal 0.555456 -0.831546 0
    outer loop
      vertex 83.1807 33.7242 15.31
      vertex 82.8 33.4699 4.3
      vertex 83.1807 33.7242 4.3
    endloop
  endfacet
  facet normal 0.195066 -0.98079 0
    outer loop
      vertex 81.1451 32.8811 4.3
      vertex 81.5941 32.9704 15.31
      vertex 81.1451 32.8811 15.31
    endloop
  endfacet
  facet normal 0.195066 -0.98079 0
    outer loop
      vertex 81.5941 32.9704 15.31
      vertex 81.1451 32.8811 4.3
      vertex 81.5941 32.9704 4.3
    endloop
  endfacet
  facet normal 0.321335 0.946966 -0
    outer loop
      vertex 82.0276 42.4825 4.3
      vertex 81.5941 42.6296 15.31
      vertex 82.0276 42.4825 15.31
    endloop
  endfacet
  facet normal 0.321335 0.946966 0
    outer loop
      vertex 81.5941 42.6296 15.31
      vertex 82.0276 42.4825 4.3
      vertex 81.5941 42.6296 4.3
    endloop
  endfacet
  facet normal -0.980776 0.195136 0
    outer loop
      vertex 75.3428 38.4526 4.3
      vertex 75.3811 38.6451 15.31
      vertex 75.3811 38.6451 4.3
    endloop
  endfacet
  facet normal -0.980776 0.195136 0
    outer loop
      vertex 75.3811 38.6451 15.31
      vertex 75.3428 38.4526 4.3
      vertex 75.3428 38.4526 15.31
    endloop
  endfacet
  facet normal -0.831546 -0.555456 0
    outer loop
      vertex 76.2242 34.9193 4.3
      vertex 75.9699 35.3 15.31
      vertex 75.9699 35.3 4.3
    endloop
  endfacet
  facet normal -0.831546 -0.555456 0
    outer loop
      vertex 75.9699 35.3 15.31
      vertex 76.2242 34.9193 4.3
      vertex 76.2242 34.9193 15.31
    endloop
  endfacet
  facet normal -0.065741 -0.997837 0
    outer loop
      vertex 79.6474 32.8428 4.3
      vertex 79.8432 32.8299 15.31
      vertex 79.6474 32.8428 15.31
    endloop
  endfacet
  facet normal -0.065741 -0.997837 -0
    outer loop
      vertex 79.8432 32.8299 15.31
      vertex 79.6474 32.8428 4.3
      vertex 79.8432 32.8299 4.3
    endloop
  endfacet
  facet normal -0.0653156 -0.997865 0
    outer loop
      vertex 79.8432 32.8299 4.3
      vertex 80.3 32.8 15.31
      vertex 79.8432 32.8299 15.31
    endloop
  endfacet
  facet normal -0.0653156 -0.997865 -0
    outer loop
      vertex 80.3 32.8 15.31
      vertex 79.8432 32.8299 4.3
      vertex 80.3 32.8 4.3
    endloop
  endfacet
  facet normal 0.065741 -0.997837 0
    outer loop
      vertex 80.7568 32.8299 4.3
      vertex 80.9526 32.8428 15.31
      vertex 80.7568 32.8299 15.31
    endloop
  endfacet
  facet normal 0.065741 -0.997837 0
    outer loop
      vertex 80.9526 32.8428 15.31
      vertex 80.7568 32.8299 4.3
      vertex 80.9526 32.8428 4.3
    endloop
  endfacet
  facet normal -0.442314 -0.89686 0
    outer loop
      vertex 77.8 33.4699 4.3
      vertex 78.2106 33.2674 15.31
      vertex 77.8 33.4699 15.31
    endloop
  endfacet
  facet normal -0.442314 -0.89686 -0
    outer loop
      vertex 78.2106 33.2674 15.31
      vertex 77.8 33.4699 4.3
      vertex 78.2106 33.2674 4.3
    endloop
  endfacet
  facet normal 0.659478 -0.751724 0
    outer loop
      vertex 83.688 34.1351 4.3
      vertex 83.8355 34.2645 15.31
      vertex 83.688 34.1351 15.31
    endloop
  endfacet
  facet normal 0.659478 -0.751724 0
    outer loop
      vertex 83.8355 34.2645 15.31
      vertex 83.688 34.1351 4.3
      vertex 83.8355 34.2645 4.3
    endloop
  endfacet
  facet normal 0.555641 0.831422 -0
    outer loop
      vertex 83.3438 41.7668 4.3
      vertex 83.1807 41.8758 15.31
      vertex 83.3438 41.7668 15.31
    endloop
  endfacet
  facet normal 0.555641 0.831422 0
    outer loop
      vertex 83.1807 41.8758 15.31
      vertex 83.3438 41.7668 4.3
      vertex 83.1807 41.8758 4.3
    endloop
  endfacet
  facet normal 0.831422 0.555641 0
    outer loop
      vertex 84.3758 40.6807 15.31
      vertex 84.2668 40.8438 4.3
      vertex 84.2668 40.8438 15.31
    endloop
  endfacet
  facet normal 0.831422 0.555641 0
    outer loop
      vertex 84.2668 40.8438 4.3
      vertex 84.3758 40.6807 15.31
      vertex 84.3758 40.6807 4.3
    endloop
  endfacet
  facet normal -0.442315 -0.89686 0
    outer loop
      vertex 78.2106 33.2674 4.3
      vertex 78.3866 33.1806 15.31
      vertex 78.2106 33.2674 15.31
    endloop
  endfacet
  facet normal -0.442315 -0.89686 -0
    outer loop
      vertex 78.3866 33.1806 15.31
      vertex 78.2106 33.2674 4.3
      vertex 78.3866 33.1806 4.3
    endloop
  endfacet
  facet normal -0.321117 0.94704 0
    outer loop
      vertex 79.0059 42.6296 4.3
      vertex 78.8201 42.5666 15.31
      vertex 79.0059 42.6296 15.31
    endloop
  endfacet
  facet normal -0.321117 0.94704 0
    outer loop
      vertex 78.8201 42.5666 15.31
      vertex 79.0059 42.6296 4.3
      vertex 78.8201 42.5666 4.3
    endloop
  endfacet
  facet normal -0.997865 0.0653156 0
    outer loop
      vertex 75.3 37.8 4.3
      vertex 75.3299 38.2568 15.31
      vertex 75.3299 38.2568 4.3
    endloop
  endfacet
  facet normal -0.997865 0.0653156 0
    outer loop
      vertex 75.3299 38.2568 15.31
      vertex 75.3 37.8 4.3
      vertex 75.3 37.8 15.31
    endloop
  endfacet
  facet normal -0.659401 -0.751791 0
    outer loop
      vertex 76.7645 34.2645 4.3
      vertex 77.1087 33.9626 15.31
      vertex 76.7645 34.2645 15.31
    endloop
  endfacet
  facet normal -0.659401 -0.751791 -0
    outer loop
      vertex 77.1087 33.9626 15.31
      vertex 76.7645 34.2645 4.3
      vertex 77.1087 33.9626 4.3
    endloop
  endfacet
  facet normal -0.195234 -0.980757 0
    outer loop
      vertex 79.0059 32.9704 4.3
      vertex 79.1983 32.9321 15.31
      vertex 79.0059 32.9704 15.31
    endloop
  endfacet
  facet normal -0.195234 -0.980757 -0
    outer loop
      vertex 79.1983 32.9321 15.31
      vertex 79.0059 32.9704 4.3
      vertex 79.1983 32.9321 4.3
    endloop
  endfacet
  facet normal 0.321335 -0.946966 0
    outer loop
      vertex 81.5941 32.9704 4.3
      vertex 82.0276 33.1175 15.31
      vertex 81.5941 32.9704 15.31
    endloop
  endfacet
  facet normal 0.321335 -0.946966 0
    outer loop
      vertex 82.0276 33.1175 15.31
      vertex 81.5941 32.9704 4.3
      vertex 82.0276 33.1175 4.3
    endloop
  endfacet
  facet normal 0 0 1
    outer loop
      vertex 94.2701 38.2568 15.31
      vertex 94.2701 37.3432 15.31
      vertex 94.3 37.8 15.31
    endloop
  endfacet
  facet normal 0 0 1
    outer loop
      vertex 94.2189 38.6451 15.31
      vertex 94.2701 38.2568 15.31
      vertex 94.2572 38.4526 15.31
    endloop
  endfacet
  facet normal 0 0 1
    outer loop
      vertex 94.2701 38.2568 15.31
      vertex 94.2189 38.6451 15.31
      vertex 94.2701 37.3432 15.31
    endloop
  endfacet
  facet normal 0 0 1
    outer loop
      vertex 94.1679 36.6983 15.31
      vertex 94.2701 37.3432 15.31
      vertex 94.2189 38.6451 15.31
    endloop
  endfacet
  facet normal 0 0 1
    outer loop
      vertex 94.2701 37.3432 15.31
      vertex 94.1679 36.6983 15.31
      vertex 94.2572 37.1474 15.31
    endloop
  endfacet
  facet normal 0 0 1
    outer loop
      vertex 93.9825 39.5276 15.31
      vertex 94.2189 38.6451 15.31
      vertex 94.1296 39.0941 15.31
    endloop
  endfacet
  facet normal 0 0 1
    outer loop
      vertex 94.2189 38.6451 15.31
      vertex 93.9825 39.5276 15.31
      vertex 94.1679 36.6983 15.31
    endloop
  endfacet
  facet normal 0 0 1
    outer loop
      vertex 94.1679 36.6983 15.31
      vertex 94.0666 36.3201 15.31
      vertex 94.1296 36.5059 15.31
    endloop
  endfacet
  facet normal 0 0 1
    outer loop
      vertex 94.1679 36.6983 15.31
      vertex 93.9825 39.5276 15.31
      vertex 94.0666 36.3201 15.31
    endloop
  endfacet
  facet normal 0 0 1
    outer loop
      vertex 93.8326 39.8894 15.31
      vertex 93.9825 39.5276 15.31
      vertex 93.9194 39.7134 15.31
    endloop
  endfacet
  facet normal 0 0 1
    outer loop
      vertex 93.9825 39.5276 15.31
      vertex 93.8326 39.8894 15.31
      vertex 94.0666 36.3201 15.31
    endloop
  endfacet
  facet normal 0 0 1
    outer loop
      vertex 93.8326 35.7106 15.31
      vertex 94.0666 36.3201 15.31
      vertex 93.8326 39.8894 15.31
    endloop
  endfacet
  facet normal 0 0 1
    outer loop
      vertex 94.0666 36.3201 15.31
      vertex 93.8326 35.7106 15.31
      vertex 93.9194 35.8866 15.31
    endloop
  endfacet
  facet normal 0 0 1
    outer loop
      vertex 93.3758 40.6807 15.31
      vertex 93.8326 39.8894 15.31
      vertex 93.6301 40.3 15.31
    endloop
  endfacet
  facet normal 0 0 1
    outer loop
      vertex 93.8326 39.8894 15.31
      vertex 93.3758 40.6807 15.31
      vertex 93.8326 35.7106 15.31
    endloop
  endfacet
  facet normal 0 0 1
    outer loop
      vertex 93.3758 34.9193 15.31
      vertex 93.8326 35.7106 15.31
      vertex 93.3758 40.6807 15.31
    endloop
  endfacet
  facet normal 0 0 1
    outer loop
      vertex 93.8326 35.7106 15.31
      vertex 93.3758 34.9193 15.31
      vertex 93.6301 35.3 15.31
    endloop
  endfacet
  facet normal 0 0 1
    outer loop
      vertex 92.9649 41.188 15.31
      vertex 93.3758 40.6807 15.31
      vertex 93.2668 40.8438 15.31
    endloop
  endfacet
  facet normal 0 0 1
    outer loop
      vertex 93.3758 40.6807 15.31
      vertex 92.9649 41.188 15.31
      vertex 93.3758 34.9193 15.31
    endloop
  endfacet
  facet normal 0 0 1
    outer loop
      vertex 93.3758 34.9193 15.31
      vertex 93.1374 34.6087 15.31
      vertex 93.2668 34.7562 15.31
    endloop
  endfacet
  facet normal 0 0 1
    outer loop
      vertex 93.3758 34.9193 15.31
      vertex 92.9649 41.188 15.31
      vertex 93.1374 34.6087 15.31
    endloop
  endfacet
  facet normal 0 0 1
    outer loop
      vertex 92.688 41.4649 15.31
      vertex 92.9649 41.188 15.31
      vertex 92.8355 41.3355 15.31
    endloop
  endfacet
  facet normal 0 0 1
    outer loop
      vertex 92.9649 41.188 15.31
      vertex 92.688 41.4649 15.31
      vertex 93.1374 34.6087 15.31
    endloop
  endfacet
  facet normal 0 0 1
    outer loop
      vertex 92.688 34.1351 15.31
      vertex 93.1374 34.6087 15.31
      vertex 92.688 41.4649 15.31
    endloop
  endfacet
  facet normal 0 0 1
    outer loop
      vertex 93.1374 34.6087 15.31
      vertex 92.688 34.1351 15.31
      vertex 92.8355 34.2645 15.31
    endloop
  endfacet
  facet normal 0 0 1
    outer loop
      vertex 92.1807 41.8758 15.31
      vertex 92.688 41.4649 15.31
      vertex 92.3438 41.7668 15.31
    endloop
  endfacet
  facet normal 0 0 1
    outer loop
      vertex 92.688 41.4649 15.31
      vertex 92.1807 41.8758 15.31
      vertex 92.688 34.1351 15.31
    endloop
  endfacet
  facet normal 0 0 1
    outer loop
      vertex 92.1807 33.7242 15.31
      vertex 92.688 34.1351 15.31
      vertex 92.1807 41.8758 15.31
    endloop
  endfacet
  facet normal 0 0 1
    outer loop
      vertex 92.688 34.1351 15.31
      vertex 92.1807 33.7242 15.31
      vertex 92.3438 33.8332 15.31
    endloop
  endfacet
  facet normal 0 0 1
    outer loop
      vertex 91.3894 42.3326 15.31
      vertex 92.1807 41.8758 15.31
      vertex 91.8 42.1301 15.31
    endloop
  endfacet
  facet normal 0 0 1
    outer loop
      vertex 92.1807 41.8758 15.31
      vertex 91.3894 42.3326 15.31
      vertex 92.1807 33.7242 15.31
    endloop
  endfacet
  facet normal 0 0 1
    outer loop
      vertex 91.3894 33.2674 15.31
      vertex 92.1807 33.7242 15.31
      vertex 91.3894 42.3326 15.31
    endloop
  endfacet
  facet normal 0 0 1
    outer loop
      vertex 92.1807 33.7242 15.31
      vertex 91.3894 33.2674 15.31
      vertex 91.8 33.4699 15.31
    endloop
  endfacet
  facet normal 0 0 1
    outer loop
      vertex 91.0276 42.4825 15.31
      vertex 91.3894 42.3326 15.31
      vertex 91.2134 42.4194 15.31
    endloop
  endfacet
  facet normal 0 0 1
    outer loop
      vertex 91.3894 42.3326 15.31
      vertex 91.0276 42.4825 15.31
      vertex 91.3894 33.2674 15.31
    endloop
  endfacet
  facet normal 0 0 1
    outer loop
      vertex 91.0276 33.1175 15.31
      vertex 91.3894 33.2674 15.31
      vertex 91.0276 42.4825 15.31
    endloop
  endfacet
  facet normal 0 0 1
    outer loop
      vertex 91.3894 33.2674 15.31
      vertex 91.0276 33.1175 15.31
      vertex 91.2134 33.1806 15.31
    endloop
  endfacet
  facet normal 0 0 1
    outer loop
      vertex 90.1451 42.7189 15.31
      vertex 91.0276 42.4825 15.31
      vertex 90.5941 42.6296 15.31
    endloop
  endfacet
  facet normal 0 0 1
    outer loop
      vertex 91.0276 42.4825 15.31
      vertex 90.1451 42.7189 15.31
      vertex 91.0276 33.1175 15.31
    endloop
  endfacet
  facet normal 0 0 1
    outer loop
      vertex 90.1451 32.8811 15.31
      vertex 91.0276 33.1175 15.31
      vertex 90.1451 42.7189 15.31
    endloop
  endfacet
  facet normal 0 0 1
    outer loop
      vertex 91.0276 33.1175 15.31
      vertex 90.1451 32.8811 15.31
      vertex 90.5941 32.9704 15.31
    endloop
  endfacet
  facet normal 0 0 1
    outer loop
      vertex 89.7568 42.7701 15.31
      vertex 90.1451 42.7189 15.31
      vertex 89.9526 42.7572 15.31
    endloop
  endfacet
  facet normal 0 0 1
    outer loop
      vertex 90.1451 42.7189 15.31
      vertex 89.7568 42.7701 15.31
      vertex 90.1451 32.8811 15.31
    endloop
  endfacet
  facet normal 0 0 1
    outer loop
      vertex 89.7568 32.8299 15.31
      vertex 90.1451 32.8811 15.31
      vertex 89.7568 42.7701 15.31
    endloop
  endfacet
  facet normal 0 0 1
    outer loop
      vertex 90.1451 32.8811 15.31
      vertex 89.7568 32.8299 15.31
      vertex 89.9526 32.8428 15.31
    endloop
  endfacet
  facet normal 0 0 1
    outer loop
      vertex 88.8432 42.7701 15.31
      vertex 89.7568 42.7701 15.31
      vertex 89.3 42.8 15.31
    endloop
  endfacet
  facet normal 0 0 1
    outer loop
      vertex 89.7568 42.7701 15.31
      vertex 88.8432 42.7701 15.31
      vertex 89.7568 32.8299 15.31
    endloop
  endfacet
  facet normal 0 0 1
    outer loop
      vertex 88.8432 32.8299 15.31
      vertex 89.7568 32.8299 15.31
      vertex 88.8432 42.7701 15.31
    endloop
  endfacet
  facet normal 0 0 1
    outer loop
      vertex 89.7568 32.8299 15.31
      vertex 88.8432 32.8299 15.31
      vertex 89.3 32.8 15.31
    endloop
  endfacet
  facet normal 0 0 1
    outer loop
      vertex 88.1983 42.6679 15.31
      vertex 88.8432 42.7701 15.31
      vertex 88.6474 42.7572 15.31
    endloop
  endfacet
  facet normal 0 0 1
    outer loop
      vertex 88.8432 42.7701 15.31
      vertex 88.1983 42.6679 15.31
      vertex 88.8432 32.8299 15.31
    endloop
  endfacet
  facet normal -0 0 1
    outer loop
      vertex 88.1983 32.9321 15.31
      vertex 88.8432 32.8299 15.31
      vertex 88.1983 42.6679 15.31
    endloop
  endfacet
  facet normal 0 0 1
    outer loop
      vertex 88.8432 32.8299 15.31
      vertex 88.1983 32.9321 15.31
      vertex 88.6474 32.8428 15.31
    endloop
  endfacet
  facet normal 0 0 1
    outer loop
      vertex 87.8201 42.5666 15.31
      vertex 88.1983 42.6679 15.31
      vertex 88.0059 42.6296 15.31
    endloop
  endfacet
  facet normal 0 0 1
    outer loop
      vertex 88.1983 42.6679 15.31
      vertex 87.8201 42.5666 15.31
      vertex 88.1983 32.9321 15.31
    endloop
  endfacet
  facet normal -0 0 1
    outer loop
      vertex 87.8201 33.0334 15.31
      vertex 88.1983 32.9321 15.31
      vertex 87.8201 42.5666 15.31
    endloop
  endfacet
  facet normal 0 0 1
    outer loop
      vertex 88.1983 32.9321 15.31
      vertex 87.8201 33.0334 15.31
      vertex 88.0059 32.9704 15.31
    endloop
  endfacet
  facet normal 0 0 1
    outer loop
      vertex 87.2106 42.3326 15.31
      vertex 87.8201 42.5666 15.31
      vertex 87.3866 42.4194 15.31
    endloop
  endfacet
  facet normal 0 0 1
    outer loop
      vertex 87.8201 42.5666 15.31
      vertex 87.2106 42.3326 15.31
      vertex 87.8201 33.0334 15.31
    endloop
  endfacet
  facet normal -0 0 1
    outer loop
      vertex 87.2106 33.2674 15.31
      vertex 87.8201 33.0334 15.31
      vertex 87.2106 42.3326 15.31
    endloop
  endfacet
  facet normal 0 0 1
    outer loop
      vertex 87.8201 33.0334 15.31
      vertex 87.2106 33.2674 15.31
      vertex 87.3866 33.1806 15.31
    endloop
  endfacet
  facet normal 0 0 1
    outer loop
      vertex 86.4193 41.8758 15.31
      vertex 87.2106 42.3326 15.31
      vertex 86.8 42.1301 15.31
    endloop
  endfacet
  facet normal 0 0 1
    outer loop
      vertex 87.2106 42.3326 15.31
      vertex 86.4193 41.8758 15.31
      vertex 87.2106 33.2674 15.31
    endloop
  endfacet
  facet normal -0 0 1
    outer loop
      vertex 86.4193 33.7242 15.31
      vertex 87.2106 33.2674 15.31
      vertex 86.4193 41.8758 15.31
    endloop
  endfacet
  facet normal 0 0 1
    outer loop
      vertex 87.2106 33.2674 15.31
      vertex 86.4193 33.7242 15.31
      vertex 86.8 33.4699 15.31
    endloop
  endfacet
  facet normal 0 0 1
    outer loop
      vertex 86.1087 41.6374 15.31
      vertex 86.4193 41.8758 15.31
      vertex 86.2562 41.7668 15.31
    endloop
  endfacet
  facet normal 0 0 1
    outer loop
      vertex 86.4193 41.8758 15.31
      vertex 86.1087 41.6374 15.31
      vertex 86.4193 33.7242 15.31
    endloop
  endfacet
  facet normal -0 0 1
    outer loop
      vertex 86.1087 33.9626 15.31
      vertex 86.4193 33.7242 15.31
      vertex 86.1087 41.6374 15.31
    endloop
  endfacet
  facet normal 0 0 1
    outer loop
      vertex 86.4193 33.7242 15.31
      vertex 86.1087 33.9626 15.31
      vertex 86.2562 33.8332 15.31
    endloop
  endfacet
  facet normal 0 0 1
    outer loop
      vertex 85.6351 41.188 15.31
      vertex 86.1087 41.6374 15.31
      vertex 85.7645 41.3355 15.31
    endloop
  endfacet
  facet normal 0 0 1
    outer loop
      vertex 86.1087 41.6374 15.31
      vertex 85.6351 41.188 15.31
      vertex 86.1087 33.9626 15.31
    endloop
  endfacet
  facet normal -0 0 1
    outer loop
      vertex 85.4626 34.6087 15.31
      vertex 86.1087 33.9626 15.31
      vertex 85.6351 41.188 15.31
    endloop
  endfacet
  facet normal 0 0 1
    outer loop
      vertex 86.1087 33.9626 15.31
      vertex 85.4626 34.6087 15.31
      vertex 85.7645 34.2645 15.31
    endloop
  endfacet
  facet normal 0 0 1
    outer loop
      vertex 85.2242 40.6807 15.31
      vertex 85.6351 41.188 15.31
      vertex 85.3332 40.8438 15.31
    endloop
  endfacet
  facet normal 0 0 1
    outer loop
      vertex 85.6351 41.188 15.31
      vertex 85.2242 40.6807 15.31
      vertex 85.4626 34.6087 15.31
    endloop
  endfacet
  facet normal -0 0 1
    outer loop
      vertex 85.2242 34.9193 15.31
      vertex 85.4626 34.6087 15.31
      vertex 85.2242 40.6807 15.31
    endloop
  endfacet
  facet normal 0 0 1
    outer loop
      vertex 85.4626 34.6087 15.31
      vertex 85.2242 34.9193 15.31
      vertex 85.3332 34.7562 15.31
    endloop
  endfacet
  facet normal 0 0 1
    outer loop
      vertex 84.8 39.9555 15.31
      vertex 85.2242 40.6807 15.31
      vertex 84.9699 40.3 15.31
    endloop
  endfacet
  facet normal 0 0 1
    outer loop
      vertex 85.2242 40.6807 15.31
      vertex 84.8 39.9555 15.31
      vertex 85.2242 34.9193 15.31
    endloop
  endfacet
  facet normal -0 0 1
    outer loop
      vertex 84.8 35.6445 15.31
      vertex 85.2242 34.9193 15.31
      vertex 84.8 39.9555 15.31
    endloop
  endfacet
  facet normal 0 0 1
    outer loop
      vertex 85.2242 34.9193 15.31
      vertex 84.8 35.6445 15.31
      vertex 84.9699 35.3 15.31
    endloop
  endfacet
  facet normal 0 0 1
    outer loop
      vertex 84.3758 40.6807 15.31
      vertex 84.8 39.9555 15.31
      vertex 84.6301 40.3 15.31
    endloop
  endfacet
  facet normal 0 0 1
    outer loop
      vertex 84.8 39.9555 15.31
      vertex 84.3758 40.6807 15.31
      vertex 84.8 35.6445 15.31
    endloop
  endfacet
  facet normal 0 0 1
    outer loop
      vertex 84.3758 34.9193 15.31
      vertex 84.8 35.6445 15.31
      vertex 84.3758 40.6807 15.31
    endloop
  endfacet
  facet normal 0 0 1
    outer loop
      vertex 84.8 35.6445 15.31
      vertex 84.3758 34.9193 15.31
      vertex 84.6301 35.3 15.31
    endloop
  endfacet
  facet normal 0 0 1
    outer loop
      vertex 83.9649 41.188 15.31
      vertex 84.3758 40.6807 15.31
      vertex 84.2668 40.8438 15.31
    endloop
  endfacet
  facet normal 0 0 1
    outer loop
      vertex 84.3758 40.6807 15.31
      vertex 83.9649 41.188 15.31
      vertex 84.3758 34.9193 15.31
    endloop
  endfacet
  facet normal 0 0 1
    outer loop
      vertex 84.3758 34.9193 15.31
      vertex 84.1374 34.6087 15.31
      vertex 84.2668 34.7562 15.31
    endloop
  endfacet
  facet normal 0 0 1
    outer loop
      vertex 84.3758 34.9193 15.31
      vertex 83.9649 41.188 15.31
      vertex 84.1374 34.6087 15.31
    endloop
  endfacet
  facet normal 0 0 1
    outer loop
      vertex 83.688 41.4649 15.31
      vertex 83.9649 41.188 15.31
      vertex 83.8355 41.3355 15.31
    endloop
  endfacet
  facet normal 0 0 1
    outer loop
      vertex 83.9649 41.188 15.31
      vertex 83.688 41.4649 15.31
      vertex 84.1374 34.6087 15.31
    endloop
  endfacet
  facet normal 0 0 1
    outer loop
      vertex 83.688 34.1351 15.31
      vertex 84.1374 34.6087 15.31
      vertex 83.688 41.4649 15.31
    endloop
  endfacet
  facet normal 0 0 1
    outer loop
      vertex 84.1374 34.6087 15.31
      vertex 83.688 34.1351 15.31
      vertex 83.8355 34.2645 15.31
    endloop
  endfacet
  facet normal 0 0 1
    outer loop
      vertex 83.1807 41.8758 15.31
      vertex 83.688 41.4649 15.31
      vertex 83.3438 41.7668 15.31
    endloop
  endfacet
  facet normal 0 0 1
    outer loop
      vertex 83.688 41.4649 15.31
      vertex 83.1807 41.8758 15.31
      vertex 83.688 34.1351 15.31
    endloop
  endfacet
  facet normal 0 0 1
    outer loop
      vertex 83.1807 33.7242 15.31
      vertex 83.688 34.1351 15.31
      vertex 83.1807 41.8758 15.31
    endloop
  endfacet
  facet normal 0 0 1
    outer loop
      vertex 83.688 34.1351 15.31
      vertex 83.1807 33.7242 15.31
      vertex 83.3438 33.8332 15.31
    endloop
  endfacet
  facet normal 0 0 1
    outer loop
      vertex 82.3894 42.3326 15.31
      vertex 83.1807 41.8758 15.31
      vertex 82.8 42.1301 15.31
    endloop
  endfacet
  facet normal 0 0 1
    outer loop
      vertex 83.1807 41.8758 15.31
      vertex 82.3894 42.3326 15.31
      vertex 83.1807 33.7242 15.31
    endloop
  endfacet
  facet normal 0 0 1
    outer loop
      vertex 82.3894 33.2674 15.31
      vertex 83.1807 33.7242 15.31
      vertex 82.3894 42.3326 15.31
    endloop
  endfacet
  facet normal 0 0 1
    outer loop
      vertex 83.1807 33.7242 15.31
      vertex 82.3894 33.2674 15.31
      vertex 82.8 33.4699 15.31
    endloop
  endfacet
  facet normal 0 0 1
    outer loop
      vertex 82.0276 42.4825 15.31
      vertex 82.3894 42.3326 15.31
      vertex 82.2134 42.4194 15.31
    endloop
  endfacet
  facet normal 0 0 1
    outer loop
      vertex 82.3894 42.3326 15.31
      vertex 82.0276 42.4825 15.31
      vertex 82.3894 33.2674 15.31
    endloop
  endfacet
  facet normal 0 0 1
    outer loop
      vertex 82.0276 33.1175 15.31
      vertex 82.3894 33.2674 15.31
      vertex 82.0276 42.4825 15.31
    endloop
  endfacet
  facet normal 0 0 1
    outer loop
      vertex 82.3894 33.2674 15.31
      vertex 82.0276 33.1175 15.31
      vertex 82.2134 33.1806 15.31
    endloop
  endfacet
  facet normal 0 0 1
    outer loop
      vertex 81.1451 42.7189 15.31
      vertex 82.0276 42.4825 15.31
      vertex 81.5941 42.6296 15.31
    endloop
  endfacet
  facet normal 0 0 1
    outer loop
      vertex 82.0276 42.4825 15.31
      vertex 81.1451 42.7189 15.31
      vertex 82.0276 33.1175 15.31
    endloop
  endfacet
  facet normal 0 0 1
    outer loop
      vertex 81.1451 32.8811 15.31
      vertex 82.0276 33.1175 15.31
      vertex 81.1451 42.7189 15.31
    endloop
  endfacet
  facet normal 0 0 1
    outer loop
      vertex 82.0276 33.1175 15.31
      vertex 81.1451 32.8811 15.31
      vertex 81.5941 32.9704 15.31
    endloop
  endfacet
  facet normal 0 0 1
    outer loop
      vertex 80.7568 42.7701 15.31
      vertex 81.1451 42.7189 15.31
      vertex 80.9526 42.7572 15.31
    endloop
  endfacet
  facet normal 0 0 1
    outer loop
      vertex 81.1451 42.7189 15.31
      vertex 80.7568 42.7701 15.31
      vertex 81.1451 32.8811 15.31
    endloop
  endfacet
  facet normal 0 0 1
    outer loop
      vertex 80.7568 32.8299 15.31
      vertex 81.1451 32.8811 15.31
      vertex 80.7568 42.7701 15.31
    endloop
  endfacet
  facet normal 0 0 1
    outer loop
      vertex 81.1451 32.8811 15.31
      vertex 80.7568 32.8299 15.31
      vertex 80.9526 32.8428 15.31
    endloop
  endfacet
  facet normal 0 0 1
    outer loop
      vertex 79.8432 42.7701 15.31
      vertex 80.7568 42.7701 15.31
      vertex 80.3 42.8 15.31
    endloop
  endfacet
  facet normal 0 0 1
    outer loop
      vertex 80.7568 42.7701 15.31
      vertex 79.8432 42.7701 15.31
      vertex 80.7568 32.8299 15.31
    endloop
  endfacet
  facet normal 0 0 1
    outer loop
      vertex 79.8432 32.8299 15.31
      vertex 80.7568 32.8299 15.31
      vertex 79.8432 42.7701 15.31
    endloop
  endfacet
  facet normal 0 0 1
    outer loop
      vertex 80.7568 32.8299 15.31
      vertex 79.8432 32.8299 15.31
      vertex 80.3 32.8 15.31
    endloop
  endfacet
  facet normal 0 0 1
    outer loop
      vertex 79.1983 42.6679 15.31
      vertex 79.8432 42.7701 15.31
      vertex 79.6474 42.7572 15.31
    endloop
  endfacet
  facet normal 0 0 1
    outer loop
      vertex 79.8432 42.7701 15.31
      vertex 79.1983 42.6679 15.31
      vertex 79.8432 32.8299 15.31
    endloop
  endfacet
  facet normal -0 0 1
    outer loop
      vertex 79.1983 32.9321 15.31
      vertex 79.8432 32.8299 15.31
      vertex 79.1983 42.6679 15.31
    endloop
  endfacet
  facet normal 0 0 1
    outer loop
      vertex 79.8432 32.8299 15.31
      vertex 79.1983 32.9321 15.31
      vertex 79.6474 32.8428 15.31
    endloop
  endfacet
  facet normal 0 0 1
    outer loop
      vertex 78.8201 42.5666 15.31
      vertex 79.1983 42.6679 15.31
      vertex 79.0059 42.6296 15.31
    endloop
  endfacet
  facet normal 0 0 1
    outer loop
      vertex 79.1983 42.6679 15.31
      vertex 78.8201 42.5666 15.31
      vertex 79.1983 32.9321 15.31
    endloop
  endfacet
  facet normal -0 0 1
    outer loop
      vertex 78.8201 33.0334 15.31
      vertex 79.1983 32.9321 15.31
      vertex 78.8201 42.5666 15.31
    endloop
  endfacet
  facet normal 0 0 1
    outer loop
      vertex 79.1983 32.9321 15.31
      vertex 78.8201 33.0334 15.31
      vertex 79.0059 32.9704 15.31
    endloop
  endfacet
  facet normal 0 0 1
    outer loop
      vertex 78.2106 42.3326 15.31
      vertex 78.8201 42.5666 15.31
      vertex 78.3866 42.4194 15.31
    endloop
  endfacet
  facet normal 0 0 1
    outer loop
      vertex 78.8201 42.5666 15.31
      vertex 78.2106 42.3326 15.31
      vertex 78.8201 33.0334 15.31
    endloop
  endfacet
  facet normal -0 0 1
    outer loop
      vertex 78.2106 33.2674 15.31
      vertex 78.8201 33.0334 15.31
      vertex 78.2106 42.3326 15.31
    endloop
  endfacet
  facet normal 0 0 1
    outer loop
      vertex 78.8201 33.0334 15.31
      vertex 78.2106 33.2674 15.31
      vertex 78.3866 33.1806 15.31
    endloop
  endfacet
  facet normal 0 0 1
    outer loop
      vertex 77.4193 41.8758 15.31
      vertex 78.2106 42.3326 15.31
      vertex 77.8 42.1301 15.31
    endloop
  endfacet
  facet normal 0 0 1
    outer loop
      vertex 78.2106 42.3326 15.31
      vertex 77.4193 41.8758 15.31
      vertex 78.2106 33.2674 15.31
    endloop
  endfacet
  facet normal -0 0 1
    outer loop
      vertex 77.4193 33.7242 15.31
      vertex 78.2106 33.2674 15.31
      vertex 77.4193 41.8758 15.31
    endloop
  endfacet
  facet normal 0 0 1
    outer loop
      vertex 78.2106 33.2674 15.31
      vertex 77.4193 33.7242 15.31
      vertex 77.8 33.4699 15.31
    endloop
  endfacet
  facet normal 0 0 1
    outer loop
      vertex 77.1087 41.6374 15.31
      vertex 77.4193 41.8758 15.31
      vertex 77.2562 41.7668 15.31
    endloop
  endfacet
  facet normal 0 0 1
    outer loop
      vertex 77.4193 41.8758 15.31
      vertex 77.1087 41.6374 15.31
      vertex 77.4193 33.7242 15.31
    endloop
  endfacet
  facet normal -0 0 1
    outer loop
      vertex 77.1087 33.9626 15.31
      vertex 77.4193 33.7242 15.31
      vertex 77.1087 41.6374 15.31
    endloop
  endfacet
  facet normal 0 0 1
    outer loop
      vertex 77.4193 33.7242 15.31
      vertex 77.1087 33.9626 15.31
      vertex 77.2562 33.8332 15.31
    endloop
  endfacet
  facet normal 0 0 1
    outer loop
      vertex 76.6351 41.188 15.31
      vertex 77.1087 41.6374 15.31
      vertex 76.7645 41.3355 15.31
    endloop
  endfacet
  facet normal 0 0 1
    outer loop
      vertex 77.1087 41.6374 15.31
      vertex 76.6351 41.188 15.31
      vertex 77.1087 33.9626 15.31
    endloop
  endfacet
  facet normal -0 0 1
    outer loop
      vertex 76.4626 34.6087 15.31
      vertex 77.1087 33.9626 15.31
      vertex 76.6351 41.188 15.31
    endloop
  endfacet
  facet normal 0 0 1
    outer loop
      vertex 77.1087 33.9626 15.31
      vertex 76.4626 34.6087 15.31
      vertex 76.7645 34.2645 15.31
    endloop
  endfacet
  facet normal 0 0 1
    outer loop
      vertex 76.2242 40.6807 15.31
      vertex 76.6351 41.188 15.31
      vertex 76.3332 40.8438 15.31
    endloop
  endfacet
  facet normal 0 0 1
    outer loop
      vertex 76.6351 41.188 15.31
      vertex 76.2242 40.6807 15.31
      vertex 76.4626 34.6087 15.31
    endloop
  endfacet
  facet normal -0 0 1
    outer loop
      vertex 76.2242 34.9193 15.31
      vertex 76.4626 34.6087 15.31
      vertex 76.2242 40.6807 15.31
    endloop
  endfacet
  facet normal 0 0 1
    outer loop
      vertex 76.4626 34.6087 15.31
      vertex 76.2242 34.9193 15.31
      vertex 76.3332 34.7562 15.31
    endloop
  endfacet
  facet normal 0 0 1
    outer loop
      vertex 75.7674 39.8894 15.31
      vertex 76.2242 40.6807 15.31
      vertex 75.9699 40.3 15.31
    endloop
  endfacet
  facet normal 0 0 1
    outer loop
      vertex 76.2242 40.6807 15.31
      vertex 75.7674 39.8894 15.31
      vertex 76.2242 34.9193 15.31
    endloop
  endfacet
  facet normal -0 0 1
    outer loop
      vertex 75.7674 35.7106 15.31
      vertex 76.2242 34.9193 15.31
      vertex 75.7674 39.8894 15.31
    endloop
  endfacet
  facet normal 0 0 1
    outer loop
      vertex 76.2242 34.9193 15.31
      vertex 75.7674 35.7106 15.31
      vertex 75.9699 35.3 15.31
    endloop
  endfacet
  facet normal 0 0 1
    outer loop
      vertex 75.6175 39.5276 15.31
      vertex 75.7674 39.8894 15.31
      vertex 75.6806 39.7134 15.31
    endloop
  endfacet
  facet normal 0 0 1
    outer loop
      vertex 75.7674 39.8894 15.31
      vertex 75.6175 39.5276 15.31
      vertex 75.7674 35.7106 15.31
    endloop
  endfacet
  facet normal -0 0 1
    outer loop
      vertex 75.5334 36.3201 15.31
      vertex 75.7674 35.7106 15.31
      vertex 75.6175 39.5276 15.31
    endloop
  endfacet
  facet normal 0 0 1
    outer loop
      vertex 75.7674 35.7106 15.31
      vertex 75.5334 36.3201 15.31
      vertex 75.6806 35.8866 15.31
    endloop
  endfacet
  facet normal 0 0 1
    outer loop
      vertex 75.3811 38.6451 15.31
      vertex 75.6175 39.5276 15.31
      vertex 75.4704 39.0941 15.31
    endloop
  endfacet
  facet normal 0 0 1
    outer loop
      vertex 75.6175 39.5276 15.31
      vertex 75.3811 38.6451 15.31
      vertex 75.5334 36.3201 15.31
    endloop
  endfacet
  facet normal 0 0 1
    outer loop
      vertex 75.5334 36.3201 15.31
      vertex 75.4321 36.6983 15.31
      vertex 75.4704 36.5059 15.31
    endloop
  endfacet
  facet normal 0 0 1
    outer loop
      vertex 75.5334 36.3201 15.31
      vertex 75.3811 38.6451 15.31
      vertex 75.4321 36.6983 15.31
    endloop
  endfacet
  facet normal 0 0 1
    outer loop
      vertex 75.3299 38.2568 15.31
      vertex 75.3811 38.6451 15.31
      vertex 75.3428 38.4526 15.31
    endloop
  endfacet
  facet normal 0 0 1
    outer loop
      vertex 75.3811 38.6451 15.31
      vertex 75.3299 38.2568 15.31
      vertex 75.4321 36.6983 15.31
    endloop
  endfacet
  facet normal -0 0 1
    outer loop
      vertex 75.3299 37.3432 15.31
      vertex 75.4321 36.6983 15.31
      vertex 75.3299 38.2568 15.31
    endloop
  endfacet
  facet normal 0 0 1
    outer loop
      vertex 75.4321 36.6983 15.31
      vertex 75.3299 37.3432 15.31
      vertex 75.3428 37.1474 15.31
    endloop
  endfacet
  facet normal 0 -0 1
    outer loop
      vertex 75.3299 37.3432 15.31
      vertex 75.3299 38.2568 15.31
      vertex 75.3 37.8 15.31
    endloop
  endfacet
  facet normal 0.442314 -0.89686 0
    outer loop
      vertex 82.3894 33.2674 4.3
      vertex 82.8 33.4699 15.31
      vertex 82.3894 33.2674 15.31
    endloop
  endfacet
  facet normal 0.442314 -0.89686 0
    outer loop
      vertex 82.8 33.4699 15.31
      vertex 82.3894 33.2674 4.3
      vertex 82.8 33.4699 4.3
    endloop
  endfacet
  facet normal -0.321531 0.946899 0
    outer loop
      vertex 78.8201 42.5666 4.3
      vertex 78.3866 42.4194 15.31
      vertex 78.8201 42.5666 15.31
    endloop
  endfacet
  facet normal -0.321531 0.946899 0
    outer loop
      vertex 78.3866 42.4194 15.31
      vertex 78.8201 42.5666 4.3
      vertex 78.3866 42.4194 4.3
    endloop
  endfacet
  facet normal -0.98079 0.195066 0
    outer loop
      vertex 75.3811 38.6451 4.3
      vertex 75.4704 39.0941 15.31
      vertex 75.4704 39.0941 4.3
    endloop
  endfacet
  facet normal -0.98079 0.195066 0
    outer loop
      vertex 75.4704 39.0941 15.31
      vertex 75.3811 38.6451 4.3
      vertex 75.3811 38.6451 15.31
    endloop
  endfacet
  facet normal -0.442314 0.89686 0
    outer loop
      vertex 78.2106 42.3326 4.3
      vertex 77.8 42.1301 15.31
      vertex 78.2106 42.3326 15.31
    endloop
  endfacet
  facet normal -0.442314 0.89686 0
    outer loop
      vertex 77.8 42.1301 15.31
      vertex 78.2106 42.3326 4.3
      vertex 77.8 42.1301 4.3
    endloop
  endfacet
  facet normal -0.831422 -0.555641 0
    outer loop
      vertex 76.3332 34.7562 4.3
      vertex 76.2242 34.9193 15.31
      vertex 76.2242 34.9193 4.3
    endloop
  endfacet
  facet normal -0.831422 -0.555641 0
    outer loop
      vertex 76.2242 34.9193 15.31
      vertex 76.3332 34.7562 4.3
      vertex 76.3332 34.7562 15.31
    endloop
  endfacet
  facet normal 0.065741 0.997837 -0
    outer loop
      vertex 80.9526 42.7572 4.3
      vertex 80.7568 42.7701 15.31
      vertex 80.9526 42.7572 15.31
    endloop
  endfacet
  facet normal 0.065741 0.997837 0
    outer loop
      vertex 80.7568 42.7701 15.31
      vertex 80.9526 42.7572 4.3
      vertex 80.7568 42.7701 4.3
    endloop
  endfacet
  facet normal 0.751724 -0.659478 0
    outer loop
      vertex 84.1374 34.6087 15.31
      vertex 84.2668 34.7562 4.3
      vertex 84.2668 34.7562 15.31
    endloop
  endfacet
  facet normal 0.751724 -0.659478 0
    outer loop
      vertex 84.2668 34.7562 4.3
      vertex 84.1374 34.6087 15.31
      vertex 84.1374 34.6087 4.3
    endloop
  endfacet
  facet normal -0.195024 -0.980798 0
    outer loop
      vertex 79.1983 32.9321 4.3
      vertex 79.6474 32.8428 15.31
      vertex 79.1983 32.9321 15.31
    endloop
  endfacet
  facet normal -0.195024 -0.980798 -0
    outer loop
      vertex 79.6474 32.8428 15.31
      vertex 79.1983 32.9321 4.3
      vertex 79.6474 32.8428 4.3
    endloop
  endfacet
  facet normal 0.659401 0.751791 -0
    outer loop
      vertex 83.688 41.4649 4.3
      vertex 83.3438 41.7668 15.31
      vertex 83.688 41.4649 15.31
    endloop
  endfacet
  facet normal 0.659401 0.751791 0
    outer loop
      vertex 83.3438 41.7668 15.31
      vertex 83.688 41.4649 4.3
      vertex 83.3438 41.7668 4.3
    endloop
  endfacet
  facet normal -0.751724 -0.659478 0
    outer loop
      vertex 76.4626 34.6087 4.3
      vertex 76.3332 34.7562 15.31
      vertex 76.3332 34.7562 4.3
    endloop
  endfacet
  facet normal -0.751724 -0.659478 0
    outer loop
      vertex 76.3332 34.7562 15.31
      vertex 76.4626 34.6087 4.3
      vertex 76.4626 34.6087 15.31
    endloop
  endfacet
  facet normal -0.946966 0.321335 0
    outer loop
      vertex 75.4704 39.0941 4.3
      vertex 75.6175 39.5276 15.31
      vertex 75.6175 39.5276 4.3
    endloop
  endfacet
  facet normal -0.946966 0.321335 0
    outer loop
      vertex 75.6175 39.5276 15.31
      vertex 75.4704 39.0941 4.3
      vertex 75.4704 39.0941 15.31
    endloop
  endfacet
  facet normal 0.0653156 0.997865 -0
    outer loop
      vertex 80.7568 42.7701 4.3
      vertex 80.3 42.8 15.31
      vertex 80.7568 42.7701 15.31
    endloop
  endfacet
  facet normal 0.0653156 0.997865 0
    outer loop
      vertex 80.3 42.8 15.31
      vertex 80.7568 42.7701 4.3
      vertex 80.3 42.8 4.3
    endloop
  endfacet
  facet normal -0.997865 -0.0653156 0
    outer loop
      vertex 75.3299 37.3432 4.3
      vertex 75.3 37.8 15.31
      vertex 75.3 37.8 4.3
    endloop
  endfacet
  facet normal -0.997865 -0.0653156 0
    outer loop
      vertex 75.3 37.8 15.31
      vertex 75.3299 37.3432 4.3
      vertex 75.3299 37.3432 15.31
    endloop
  endfacet
  facet normal 0.195136 0.980776 -0
    outer loop
      vertex 81.1451 42.7189 4.3
      vertex 80.9526 42.7572 15.31
      vertex 81.1451 42.7189 15.31
    endloop
  endfacet
  facet normal 0.195136 0.980776 0
    outer loop
      vertex 80.9526 42.7572 15.31
      vertex 81.1451 42.7189 4.3
      vertex 80.9526 42.7572 4.3
    endloop
  endfacet
  facet normal -0.555456 0.831546 0
    outer loop
      vertex 77.8 42.1301 4.3
      vertex 77.4193 41.8758 15.31
      vertex 77.8 42.1301 15.31
    endloop
  endfacet
  facet normal -0.555456 0.831546 0
    outer loop
      vertex 77.4193 41.8758 15.31
      vertex 77.8 42.1301 4.3
      vertex 77.4193 41.8758 4.3
    endloop
  endfacet
  facet normal 0.751791 -0.659401 0
    outer loop
      vertex 83.8355 34.2645 15.31
      vertex 84.1374 34.6087 4.3
      vertex 84.1374 34.6087 15.31
    endloop
  endfacet
  facet normal 0.751791 -0.659401 0
    outer loop
      vertex 84.1374 34.6087 4.3
      vertex 83.8355 34.2645 15.31
      vertex 83.8355 34.2645 4.3
    endloop
  endfacet
  facet normal -0.89686 -0.442314 0
    outer loop
      vertex 75.9699 35.3 4.3
      vertex 75.7674 35.7106 15.31
      vertex 75.7674 35.7106 4.3
    endloop
  endfacet
  facet normal -0.89686 -0.442314 0
    outer loop
      vertex 75.7674 35.7106 15.31
      vertex 75.9699 35.3 4.3
      vertex 75.9699 35.3 15.31
    endloop
  endfacet
  facet normal 0.442315 -0.89686 0
    outer loop
      vertex 82.2134 33.1806 4.3
      vertex 82.3894 33.2674 15.31
      vertex 82.2134 33.1806 15.31
    endloop
  endfacet
  facet normal 0.442315 -0.89686 0
    outer loop
      vertex 82.3894 33.2674 15.31
      vertex 82.2134 33.1806 4.3
      vertex 82.3894 33.2674 4.3
    endloop
  endfacet
  facet normal 0.659401 -0.751791 0
    outer loop
      vertex 83.3438 33.8332 4.3
      vertex 83.688 34.1351 15.31
      vertex 83.3438 33.8332 15.31
    endloop
  endfacet
  facet normal 0.659401 -0.751791 0
    outer loop
      vertex 83.688 34.1351 15.31
      vertex 83.3438 33.8332 4.3
      vertex 83.688 34.1351 4.3
    endloop
  endfacet
  facet normal -0.195024 0.980798 0
    outer loop
      vertex 79.6474 42.7572 4.3
      vertex 79.1983 42.6679 15.31
      vertex 79.6474 42.7572 15.31
    endloop
  endfacet
  facet normal -0.195024 0.980798 0
    outer loop
      vertex 79.1983 42.6679 15.31
      vertex 79.6474 42.7572 4.3
      vertex 79.1983 42.6679 4.3
    endloop
  endfacet
  facet normal -0.659478 -0.751724 0
    outer loop
      vertex 77.1087 33.9626 4.3
      vertex 77.2562 33.8332 15.31
      vertex 77.1087 33.9626 15.31
    endloop
  endfacet
  facet normal -0.659478 -0.751724 -0
    outer loop
      vertex 77.2562 33.8332 15.31
      vertex 77.1087 33.9626 4.3
      vertex 77.2562 33.8332 4.3
    endloop
  endfacet
  facet normal 0.321574 -0.946885 0
    outer loop
      vertex 82.0276 33.1175 4.3
      vertex 82.2134 33.1806 15.31
      vertex 82.0276 33.1175 15.31
    endloop
  endfacet
  facet normal 0.321574 -0.946885 0
    outer loop
      vertex 82.2134 33.1806 15.31
      vertex 82.0276 33.1175 4.3
      vertex 82.2134 33.1806 4.3
    endloop
  endfacet
  facet normal -0.980757 -0.195234 0
    outer loop
      vertex 75.4704 36.5059 4.3
      vertex 75.4321 36.6983 15.31
      vertex 75.4321 36.6983 4.3
    endloop
  endfacet
  facet normal -0.980757 -0.195234 0
    outer loop
      vertex 75.4321 36.6983 15.31
      vertex 75.4704 36.5059 4.3
      vertex 75.4704 36.5059 15.31
    endloop
  endfacet
  facet normal 0.442315 0.89686 -0
    outer loop
      vertex 82.3894 42.3326 4.3
      vertex 82.2134 42.4194 15.31
      vertex 82.3894 42.3326 15.31
    endloop
  endfacet
  facet normal 0.442315 0.89686 0
    outer loop
      vertex 82.2134 42.4194 15.31
      vertex 82.3894 42.3326 4.3
      vertex 82.2134 42.4194 4.3
    endloop
  endfacet
  facet normal -0.555641 -0.831422 0
    outer loop
      vertex 77.2562 33.8332 4.3
      vertex 77.4193 33.7242 15.31
      vertex 77.2562 33.8332 15.31
    endloop
  endfacet
  facet normal -0.555641 -0.831422 -0
    outer loop
      vertex 77.4193 33.7242 15.31
      vertex 77.2562 33.8332 4.3
      vertex 77.4193 33.7242 4.3
    endloop
  endfacet
  facet normal -0.555641 0.831422 0
    outer loop
      vertex 77.4193 41.8758 4.3
      vertex 77.2562 41.7668 15.31
      vertex 77.4193 41.8758 15.31
    endloop
  endfacet
  facet normal -0.555641 0.831422 0
    outer loop
      vertex 77.2562 41.7668 15.31
      vertex 77.4193 41.8758 4.3
      vertex 77.2562 41.7668 4.3
    endloop
  endfacet
  facet normal 0.896861 -0.442313 0
    outer loop
      vertex 84.6301 35.3 15.31
      vertex 84.8 35.6445 4.3
      vertex 84.8 35.6445 15.31
    endloop
  endfacet
  facet normal 0.896861 -0.442313 0
    outer loop
      vertex 84.8 35.6445 4.3
      vertex 84.6301 35.3 15.31
      vertex 84.6301 35.3 4.3
    endloop
  endfacet
  facet normal -0.946899 -0.321531 0
    outer loop
      vertex 75.6806 35.8866 4.3
      vertex 75.5334 36.3201 15.31
      vertex 75.5334 36.3201 4.3
    endloop
  endfacet
  facet normal -0.946899 -0.321531 0
    outer loop
      vertex 75.5334 36.3201 15.31
      vertex 75.6806 35.8866 4.3
      vertex 75.6806 35.8866 15.31
    endloop
  endfacet
  facet normal -0.997837 -0.065741 0
    outer loop
      vertex 75.3428 37.1474 4.3
      vertex 75.3299 37.3432 15.31
      vertex 75.3299 37.3432 4.3
    endloop
  endfacet
  facet normal -0.997837 -0.065741 0
    outer loop
      vertex 75.3299 37.3432 15.31
      vertex 75.3428 37.1474 4.3
      vertex 75.3428 37.1474 15.31
    endloop
  endfacet
  facet normal -0.831422 0.555641 0
    outer loop
      vertex 76.2242 40.6807 4.3
      vertex 76.3332 40.8438 15.31
      vertex 76.3332 40.8438 4.3
    endloop
  endfacet
  facet normal -0.831422 0.555641 0
    outer loop
      vertex 76.3332 40.8438 15.31
      vertex 76.2242 40.6807 4.3
      vertex 76.2242 40.6807 15.31
    endloop
  endfacet
  facet normal -0.195234 0.980757 0
    outer loop
      vertex 79.1983 42.6679 4.3
      vertex 79.0059 42.6296 15.31
      vertex 79.1983 42.6679 15.31
    endloop
  endfacet
  facet normal -0.195234 0.980757 0
    outer loop
      vertex 79.0059 42.6296 15.31
      vertex 79.1983 42.6679 4.3
      vertex 79.0059 42.6296 4.3
    endloop
  endfacet
  facet normal -0.89686 0.442315 0
    outer loop
      vertex 75.6806 39.7134 4.3
      vertex 75.7674 39.8894 15.31
      vertex 75.7674 39.8894 4.3
    endloop
  endfacet
  facet normal -0.89686 0.442315 0
    outer loop
      vertex 75.7674 39.8894 15.31
      vertex 75.6806 39.7134 4.3
      vertex 75.6806 39.7134 15.31
    endloop
  endfacet
  facet normal -0.94704 -0.321117 0
    outer loop
      vertex 75.5334 36.3201 4.3
      vertex 75.4704 36.5059 15.31
      vertex 75.4704 36.5059 4.3
    endloop
  endfacet
  facet normal -0.94704 -0.321117 0
    outer loop
      vertex 75.4704 36.5059 15.31
      vertex 75.5334 36.3201 4.3
      vertex 75.5334 36.3201 15.31
    endloop
  endfacet
  facet normal -0.946885 0.321574 0
    outer loop
      vertex 75.6175 39.5276 4.3
      vertex 75.6806 39.7134 15.31
      vertex 75.6806 39.7134 4.3
    endloop
  endfacet
  facet normal -0.946885 0.321574 0
    outer loop
      vertex 75.6806 39.7134 15.31
      vertex 75.6175 39.5276 4.3
      vertex 75.6175 39.5276 15.31
    endloop
  endfacet
  facet normal -0.751791 -0.659401 0
    outer loop
      vertex 76.7645 34.2645 4.3
      vertex 76.4626 34.6087 15.31
      vertex 76.4626 34.6087 4.3
    endloop
  endfacet
  facet normal -0.751791 -0.659401 0
    outer loop
      vertex 76.4626 34.6087 15.31
      vertex 76.7645 34.2645 4.3
      vertex 76.7645 34.2645 15.31
    endloop
  endfacet
  facet normal 0.659478 0.751724 -0
    outer loop
      vertex 83.8355 41.3355 4.3
      vertex 83.688 41.4649 15.31
      vertex 83.8355 41.3355 15.31
    endloop
  endfacet
  facet normal 0.659478 0.751724 0
    outer loop
      vertex 83.688 41.4649 15.31
      vertex 83.8355 41.3355 4.3
      vertex 83.688 41.4649 4.3
    endloop
  endfacet
  facet normal 0.751791 0.659401 0
    outer loop
      vertex 84.2668 40.8438 15.31
      vertex 83.9649 41.188 4.3
      vertex 83.9649 41.188 15.31
    endloop
  endfacet
  facet normal 0.751791 0.659401 0
    outer loop
      vertex 83.9649 41.188 4.3
      vertex 84.2668 40.8438 15.31
      vertex 84.2668 40.8438 4.3
    endloop
  endfacet
  facet normal -0.659401 0.751791 0
    outer loop
      vertex 77.1087 41.6374 4.3
      vertex 76.7645 41.3355 15.31
      vertex 77.1087 41.6374 15.31
    endloop
  endfacet
  facet normal -0.659401 0.751791 0
    outer loop
      vertex 76.7645 41.3355 15.31
      vertex 77.1087 41.6374 4.3
      vertex 76.7645 41.3355 4.3
    endloop
  endfacet
  facet normal 0.831546 -0.555456 0
    outer loop
      vertex 84.3758 34.9193 15.31
      vertex 84.6301 35.3 4.3
      vertex 84.6301 35.3 15.31
    endloop
  endfacet
  facet normal 0.831546 -0.555456 0
    outer loop
      vertex 84.6301 35.3 4.3
      vertex 84.3758 34.9193 15.31
      vertex 84.3758 34.9193 4.3
    endloop
  endfacet
  facet normal -0.980798 -0.195024 0
    outer loop
      vertex 75.4321 36.6983 4.3
      vertex 75.3428 37.1474 15.31
      vertex 75.3428 37.1474 4.3
    endloop
  endfacet
  facet normal -0.980798 -0.195024 0
    outer loop
      vertex 75.3428 37.1474 15.31
      vertex 75.4321 36.6983 4.3
      vertex 75.4321 36.6983 15.31
    endloop
  endfacet
  facet normal 0.831422 -0.555641 0
    outer loop
      vertex 84.2668 34.7562 15.31
      vertex 84.3758 34.9193 4.3
      vertex 84.3758 34.9193 15.31
    endloop
  endfacet
  facet normal 0.831422 -0.555641 0
    outer loop
      vertex 84.3758 34.9193 4.3
      vertex 84.2668 34.7562 15.31
      vertex 84.2668 34.7562 4.3
    endloop
  endfacet
  facet normal -0.89686 -0.442315 0
    outer loop
      vertex 75.7674 35.7106 4.3
      vertex 75.6806 35.8866 15.31
      vertex 75.6806 35.8866 4.3
    endloop
  endfacet
  facet normal -0.89686 -0.442315 0
    outer loop
      vertex 75.6806 35.8866 15.31
      vertex 75.7674 35.7106 4.3
      vertex 75.7674 35.7106 15.31
    endloop
  endfacet
  facet normal -0.997837 0.065741 0
    outer loop
      vertex 75.3299 38.2568 4.3
      vertex 75.3428 38.4526 15.31
      vertex 75.3428 38.4526 4.3
    endloop
  endfacet
  facet normal -0.997837 0.065741 0
    outer loop
      vertex 75.3428 38.4526 15.31
      vertex 75.3299 38.2568 4.3
      vertex 75.3299 38.2568 15.31
    endloop
  endfacet
  facet normal -0.659478 0.751724 0
    outer loop
      vertex 77.2562 41.7668 4.3
      vertex 77.1087 41.6374 15.31
      vertex 77.2562 41.7668 15.31
    endloop
  endfacet
  facet normal -0.659478 0.751724 0
    outer loop
      vertex 77.1087 41.6374 15.31
      vertex 77.2562 41.7668 4.3
      vertex 77.1087 41.6374 4.3
    endloop
  endfacet
  facet normal 0.831546 0.555456 0
    outer loop
      vertex 84.6301 40.3 15.31
      vertex 84.3758 40.6807 4.3
      vertex 84.3758 40.6807 15.31
    endloop
  endfacet
  facet normal 0.831546 0.555456 0
    outer loop
      vertex 84.3758 40.6807 4.3
      vertex 84.6301 40.3 15.31
      vertex 84.6301 40.3 4.3
    endloop
  endfacet
  facet normal 0.195066 0.98079 -0
    outer loop
      vertex 81.5941 42.6296 4.3
      vertex 81.1451 42.7189 15.31
      vertex 81.5941 42.6296 15.31
    endloop
  endfacet
  facet normal 0.195066 0.98079 0
    outer loop
      vertex 81.1451 42.7189 15.31
      vertex 81.5941 42.6296 4.3
      vertex 81.1451 42.7189 4.3
    endloop
  endfacet
  facet normal 0.321574 0.946885 -0
    outer loop
      vertex 82.2134 42.4194 4.3
      vertex 82.0276 42.4825 15.31
      vertex 82.2134 42.4194 15.31
    endloop
  endfacet
  facet normal 0.321574 0.946885 0
    outer loop
      vertex 82.0276 42.4825 15.31
      vertex 82.2134 42.4194 4.3
      vertex 82.0276 42.4825 4.3
    endloop
  endfacet
  facet normal -0.89686 0.442314 0
    outer loop
      vertex 75.7674 39.8894 4.3
      vertex 75.9699 40.3 15.31
      vertex 75.9699 40.3 4.3
    endloop
  endfacet
  facet normal -0.89686 0.442314 0
    outer loop
      vertex 75.9699 40.3 15.31
      vertex 75.7674 39.8894 4.3
      vertex 75.7674 39.8894 15.31
    endloop
  endfacet
  facet normal 0.442314 0.89686 -0
    outer loop
      vertex 82.8 42.1301 4.3
      vertex 82.3894 42.3326 15.31
      vertex 82.8 42.1301 15.31
    endloop
  endfacet
  facet normal 0.442314 0.89686 0
    outer loop
      vertex 82.3894 42.3326 15.31
      vertex 82.8 42.1301 4.3
      vertex 82.3894 42.3326 4.3
    endloop
  endfacet
  facet normal -0.751724 0.659478 0
    outer loop
      vertex 76.6351 41.188 4.3
      vertex 76.7645 41.3355 15.31
      vertex 76.7645 41.3355 4.3
    endloop
  endfacet
  facet normal -0.751724 0.659478 0
    outer loop
      vertex 76.7645 41.3355 15.31
      vertex 76.6351 41.188 4.3
      vertex 76.6351 41.188 15.31
    endloop
  endfacet
  facet normal 0.555456 0.831546 -0
    outer loop
      vertex 83.1807 41.8758 4.3
      vertex 82.8 42.1301 15.31
      vertex 83.1807 41.8758 15.31
    endloop
  endfacet
  facet normal 0.555456 0.831546 0
    outer loop
      vertex 82.8 42.1301 15.31
      vertex 83.1807 41.8758 4.3
      vertex 82.8 42.1301 4.3
    endloop
  endfacet
  facet normal -0.442315 0.89686 0
    outer loop
      vertex 78.3866 42.4194 4.3
      vertex 78.2106 42.3326 15.31
      vertex 78.3866 42.4194 15.31
    endloop
  endfacet
  facet normal -0.442315 0.89686 0
    outer loop
      vertex 78.2106 42.3326 15.31
      vertex 78.3866 42.4194 4.3
      vertex 78.2106 42.3326 4.3
    endloop
  endfacet
  facet normal -0.751791 0.659401 0
    outer loop
      vertex 76.3332 40.8438 4.3
      vertex 76.6351 41.188 15.31
      vertex 76.6351 41.188 4.3
    endloop
  endfacet
  facet normal -0.751791 0.659401 0
    outer loop
      vertex 76.6351 41.188 15.31
      vertex 76.3332 40.8438 4.3
      vertex 76.3332 40.8438 15.31
    endloop
  endfacet
  facet normal -0.0653156 0.997865 0
    outer loop
      vertex 80.3 42.8 4.3
      vertex 79.8432 42.7701 15.31
      vertex 80.3 42.8 15.31
    endloop
  endfacet
  facet normal -0.0653156 0.997865 0
    outer loop
      vertex 79.8432 42.7701 15.31
      vertex 80.3 42.8 4.3
      vertex 79.8432 42.7701 4.3
    endloop
  endfacet
  facet normal -0.065741 0.997837 0
    outer loop
      vertex 79.8432 42.7701 4.3
      vertex 79.6474 42.7572 15.31
      vertex 79.8432 42.7701 15.31
    endloop
  endfacet
  facet normal -0.065741 0.997837 0
    outer loop
      vertex 79.6474 42.7572 15.31
      vertex 79.8432 42.7701 4.3
      vertex 79.6474 42.7572 4.3
    endloop
  endfacet
  facet normal 0 0 -1
    outer loop
      vertex 94.2701 37.3432 4.3
      vertex 94.2701 38.2568 4.3
      vertex 94.3 37.8 4.3
    endloop
  endfacet
  facet normal 0 0 -1
    outer loop
      vertex 94.1679 36.6983 4.3
      vertex 94.2701 37.3432 4.3
      vertex 94.2572 37.1474 4.3
    endloop
  endfacet
  facet normal -0 0 -1
    outer loop
      vertex 94.2701 37.3432 4.3
      vertex 94.1679 36.6983 4.3
      vertex 94.2701 38.2568 4.3
    endloop
  endfacet
  facet normal 0 0 -1
    outer loop
      vertex 94.2701 38.2568 4.3
      vertex 94.2189 38.6451 4.3
      vertex 94.2572 38.4526 4.3
    endloop
  endfacet
  facet normal -0 0 -1
    outer loop
      vertex 94.2701 38.2568 4.3
      vertex 94.1679 36.6983 4.3
      vertex 94.2189 38.6451 4.3
    endloop
  endfacet
  facet normal 0 0 -1
    outer loop
      vertex 94.0666 36.3201 4.3
      vertex 94.1679 36.6983 4.3
      vertex 94.1296 36.5059 4.3
    endloop
  endfacet
  facet normal -0 0 -1
    outer loop
      vertex 94.1679 36.6983 4.3
      vertex 94.0666 36.3201 4.3
      vertex 94.2189 38.6451 4.3
    endloop
  endfacet
  facet normal 0 0 -1
    outer loop
      vertex 93.9825 39.5276 4.3
      vertex 94.2189 38.6451 4.3
      vertex 94.0666 36.3201 4.3
    endloop
  endfacet
  facet normal 0 0 -1
    outer loop
      vertex 94.2189 38.6451 4.3
      vertex 93.9825 39.5276 4.3
      vertex 94.1296 39.0941 4.3
    endloop
  endfacet
  facet normal 0 0 -1
    outer loop
      vertex 93.8326 35.7106 4.3
      vertex 94.0666 36.3201 4.3
      vertex 93.9194 35.8866 4.3
    endloop
  endfacet
  facet normal -0 0 -1
    outer loop
      vertex 94.0666 36.3201 4.3
      vertex 93.8326 35.7106 4.3
      vertex 93.9825 39.5276 4.3
    endloop
  endfacet
  facet normal 0 0 -1
    outer loop
      vertex 93.8326 39.8894 4.3
      vertex 93.9825 39.5276 4.3
      vertex 93.8326 35.7106 4.3
    endloop
  endfacet
  facet normal 0 0 -1
    outer loop
      vertex 93.9825 39.5276 4.3
      vertex 93.8326 39.8894 4.3
      vertex 93.9194 39.7134 4.3
    endloop
  endfacet
  facet normal 0 0 -1
    outer loop
      vertex 93.3758 34.9193 4.3
      vertex 93.8326 35.7106 4.3
      vertex 93.6301 35.3 4.3
    endloop
  endfacet
  facet normal -0 0 -1
    outer loop
      vertex 93.8326 35.7106 4.3
      vertex 93.3758 34.9193 4.3
      vertex 93.8326 39.8894 4.3
    endloop
  endfacet
  facet normal 0 0 -1
    outer loop
      vertex 93.3758 40.6807 4.3
      vertex 93.8326 39.8894 4.3
      vertex 93.3758 34.9193 4.3
    endloop
  endfacet
  facet normal 0 0 -1
    outer loop
      vertex 93.8326 39.8894 4.3
      vertex 93.3758 40.6807 4.3
      vertex 93.6301 40.3 4.3
    endloop
  endfacet
  facet normal 0 0 -1
    outer loop
      vertex 93.1374 34.6087 4.3
      vertex 93.3758 34.9193 4.3
      vertex 93.2668 34.7562 4.3
    endloop
  endfacet
  facet normal -0 0 -1
    outer loop
      vertex 93.3758 34.9193 4.3
      vertex 93.1374 34.6087 4.3
      vertex 93.3758 40.6807 4.3
    endloop
  endfacet
  facet normal 0 0 -1
    outer loop
      vertex 92.9649 41.188 4.3
      vertex 93.3758 40.6807 4.3
      vertex 93.1374 34.6087 4.3
    endloop
  endfacet
  facet normal 0 0 -1
    outer loop
      vertex 93.3758 40.6807 4.3
      vertex 92.9649 41.188 4.3
      vertex 93.2668 40.8438 4.3
    endloop
  endfacet
  facet normal 0 0 -1
    outer loop
      vertex 92.688 34.1351 4.3
      vertex 93.1374 34.6087 4.3
      vertex 92.8355 34.2645 4.3
    endloop
  endfacet
  facet normal -0 0 -1
    outer loop
      vertex 93.1374 34.6087 4.3
      vertex 92.688 34.1351 4.3
      vertex 92.9649 41.188 4.3
    endloop
  endfacet
  facet normal 0 0 -1
    outer loop
      vertex 92.688 41.4649 4.3
      vertex 92.9649 41.188 4.3
      vertex 92.688 34.1351 4.3
    endloop
  endfacet
  facet normal 0 0 -1
    outer loop
      vertex 92.9649 41.188 4.3
      vertex 92.688 41.4649 4.3
      vertex 92.8355 41.3355 4.3
    endloop
  endfacet
  facet normal 0 0 -1
    outer loop
      vertex 92.1807 33.7242 4.3
      vertex 92.688 34.1351 4.3
      vertex 92.3438 33.8332 4.3
    endloop
  endfacet
  facet normal -0 0 -1
    outer loop
      vertex 92.688 34.1351 4.3
      vertex 92.1807 33.7242 4.3
      vertex 92.688 41.4649 4.3
    endloop
  endfacet
  facet normal 0 0 -1
    outer loop
      vertex 92.1807 41.8758 4.3
      vertex 92.688 41.4649 4.3
      vertex 92.1807 33.7242 4.3
    endloop
  endfacet
  facet normal 0 0 -1
    outer loop
      vertex 92.688 41.4649 4.3
      vertex 92.1807 41.8758 4.3
      vertex 92.3438 41.7668 4.3
    endloop
  endfacet
  facet normal 0 0 -1
    outer loop
      vertex 91.3894 33.2674 4.3
      vertex 92.1807 33.7242 4.3
      vertex 91.8 33.4699 4.3
    endloop
  endfacet
  facet normal -0 0 -1
    outer loop
      vertex 92.1807 33.7242 4.3
      vertex 91.3894 33.2674 4.3
      vertex 92.1807 41.8758 4.3
    endloop
  endfacet
  facet normal 0 0 -1
    outer loop
      vertex 91.3894 42.3326 4.3
      vertex 92.1807 41.8758 4.3
      vertex 91.3894 33.2674 4.3
    endloop
  endfacet
  facet normal 0 0 -1
    outer loop
      vertex 92.1807 41.8758 4.3
      vertex 91.3894 42.3326 4.3
      vertex 91.8 42.1301 4.3
    endloop
  endfacet
  facet normal 0 0 -1
    outer loop
      vertex 91.0276 33.1175 4.3
      vertex 91.3894 33.2674 4.3
      vertex 91.2134 33.1806 4.3
    endloop
  endfacet
  facet normal -0 0 -1
    outer loop
      vertex 91.3894 33.2674 4.3
      vertex 91.0276 33.1175 4.3
      vertex 91.3894 42.3326 4.3
    endloop
  endfacet
  facet normal 0 0 -1
    outer loop
      vertex 91.0276 42.4825 4.3
      vertex 91.3894 42.3326 4.3
      vertex 91.0276 33.1175 4.3
    endloop
  endfacet
  facet normal 0 0 -1
    outer loop
      vertex 91.3894 42.3326 4.3
      vertex 91.0276 42.4825 4.3
      vertex 91.2134 42.4194 4.3
    endloop
  endfacet
  facet normal 0 0 -1
    outer loop
      vertex 90.1451 32.8811 4.3
      vertex 91.0276 33.1175 4.3
      vertex 90.5941 32.9704 4.3
    endloop
  endfacet
  facet normal -0 0 -1
    outer loop
      vertex 91.0276 33.1175 4.3
      vertex 90.1451 32.8811 4.3
      vertex 91.0276 42.4825 4.3
    endloop
  endfacet
  facet normal 0 0 -1
    outer loop
      vertex 90.1451 42.7189 4.3
      vertex 91.0276 42.4825 4.3
      vertex 90.1451 32.8811 4.3
    endloop
  endfacet
  facet normal 0 0 -1
    outer loop
      vertex 91.0276 42.4825 4.3
      vertex 90.1451 42.7189 4.3
      vertex 90.5941 42.6296 4.3
    endloop
  endfacet
  facet normal 0 0 -1
    outer loop
      vertex 89.7568 32.8299 4.3
      vertex 90.1451 32.8811 4.3
      vertex 89.9526 32.8428 4.3
    endloop
  endfacet
  facet normal -0 0 -1
    outer loop
      vertex 90.1451 32.8811 4.3
      vertex 89.7568 32.8299 4.3
      vertex 90.1451 42.7189 4.3
    endloop
  endfacet
  facet normal 0 0 -1
    outer loop
      vertex 89.7568 42.7701 4.3
      vertex 90.1451 42.7189 4.3
      vertex 89.7568 32.8299 4.3
    endloop
  endfacet
  facet normal 0 0 -1
    outer loop
      vertex 90.1451 42.7189 4.3
      vertex 89.7568 42.7701 4.3
      vertex 89.9526 42.7572 4.3
    endloop
  endfacet
  facet normal 0 0 -1
    outer loop
      vertex 88.8432 32.8299 4.3
      vertex 89.7568 32.8299 4.3
      vertex 89.3 32.8 4.3
    endloop
  endfacet
  facet normal 0 0 -1
    outer loop
      vertex 89.7568 32.8299 4.3
      vertex 88.8432 32.8299 4.3
      vertex 89.7568 42.7701 4.3
    endloop
  endfacet
  facet normal 0 0 -1
    outer loop
      vertex 88.8432 42.7701 4.3
      vertex 89.7568 42.7701 4.3
      vertex 88.8432 32.8299 4.3
    endloop
  endfacet
  facet normal 0 0 -1
    outer loop
      vertex 89.7568 42.7701 4.3
      vertex 88.8432 42.7701 4.3
      vertex 89.3 42.8 4.3
    endloop
  endfacet
  facet normal 0 0 -1
    outer loop
      vertex 88.1983 32.9321 4.3
      vertex 88.8432 32.8299 4.3
      vertex 88.6474 32.8428 4.3
    endloop
  endfacet
  facet normal 0 0 -1
    outer loop
      vertex 88.8432 32.8299 4.3
      vertex 88.1983 32.9321 4.3
      vertex 88.8432 42.7701 4.3
    endloop
  endfacet
  facet normal 0 0 -1
    outer loop
      vertex 88.1983 42.6679 4.3
      vertex 88.8432 42.7701 4.3
      vertex 88.1983 32.9321 4.3
    endloop
  endfacet
  facet normal 0 0 -1
    outer loop
      vertex 88.8432 42.7701 4.3
      vertex 88.1983 42.6679 4.3
      vertex 88.6474 42.7572 4.3
    endloop
  endfacet
  facet normal 0 0 -1
    outer loop
      vertex 87.8201 33.0334 4.3
      vertex 88.1983 32.9321 4.3
      vertex 88.0059 32.9704 4.3
    endloop
  endfacet
  facet normal 0 0 -1
    outer loop
      vertex 88.1983 32.9321 4.3
      vertex 87.8201 33.0334 4.3
      vertex 88.1983 42.6679 4.3
    endloop
  endfacet
  facet normal 0 0 -1
    outer loop
      vertex 87.8201 42.5666 4.3
      vertex 88.1983 42.6679 4.3
      vertex 87.8201 33.0334 4.3
    endloop
  endfacet
  facet normal 0 0 -1
    outer loop
      vertex 88.1983 42.6679 4.3
      vertex 87.8201 42.5666 4.3
      vertex 88.0059 42.6296 4.3
    endloop
  endfacet
  facet normal 0 0 -1
    outer loop
      vertex 87.2106 33.2674 4.3
      vertex 87.8201 33.0334 4.3
      vertex 87.3866 33.1806 4.3
    endloop
  endfacet
  facet normal 0 0 -1
    outer loop
      vertex 87.8201 33.0334 4.3
      vertex 87.2106 33.2674 4.3
      vertex 87.8201 42.5666 4.3
    endloop
  endfacet
  facet normal 0 0 -1
    outer loop
      vertex 87.2106 42.3326 4.3
      vertex 87.8201 42.5666 4.3
      vertex 87.2106 33.2674 4.3
    endloop
  endfacet
  facet normal 0 0 -1
    outer loop
      vertex 87.8201 42.5666 4.3
      vertex 87.2106 42.3326 4.3
      vertex 87.3866 42.4194 4.3
    endloop
  endfacet
  facet normal 0 0 -1
    outer loop
      vertex 86.4193 33.7242 4.3
      vertex 87.2106 33.2674 4.3
      vertex 86.8 33.4699 4.3
    endloop
  endfacet
  facet normal 0 0 -1
    outer loop
      vertex 87.2106 33.2674 4.3
      vertex 86.4193 33.7242 4.3
      vertex 87.2106 42.3326 4.3
    endloop
  endfacet
  facet normal 0 0 -1
    outer loop
      vertex 86.4193 41.8758 4.3
      vertex 87.2106 42.3326 4.3
      vertex 86.4193 33.7242 4.3
    endloop
  endfacet
  facet normal 0 0 -1
    outer loop
      vertex 87.2106 42.3326 4.3
      vertex 86.4193 41.8758 4.3
      vertex 86.8 42.1301 4.3
    endloop
  endfacet
  facet normal 0 0 -1
    outer loop
      vertex 86.1087 33.9626 4.3
      vertex 86.4193 33.7242 4.3
      vertex 86.2562 33.8332 4.3
    endloop
  endfacet
  facet normal 0 0 -1
    outer loop
      vertex 86.4193 33.7242 4.3
      vertex 86.1087 33.9626 4.3
      vertex 86.4193 41.8758 4.3
    endloop
  endfacet
  facet normal 0 0 -1
    outer loop
      vertex 86.1087 41.6374 4.3
      vertex 86.4193 41.8758 4.3
      vertex 86.1087 33.9626 4.3
    endloop
  endfacet
  facet normal 0 0 -1
    outer loop
      vertex 86.4193 41.8758 4.3
      vertex 86.1087 41.6374 4.3
      vertex 86.2562 41.7668 4.3
    endloop
  endfacet
  facet normal 0 0 -1
    outer loop
      vertex 85.4626 34.6087 4.3
      vertex 86.1087 33.9626 4.3
      vertex 85.7645 34.2645 4.3
    endloop
  endfacet
  facet normal 0 0 -1
    outer loop
      vertex 86.1087 33.9626 4.3
      vertex 85.4626 34.6087 4.3
      vertex 86.1087 41.6374 4.3
    endloop
  endfacet
  facet normal 0 0 -1
    outer loop
      vertex 86.1087 41.6374 4.3
      vertex 85.6351 41.188 4.3
      vertex 85.7645 41.3355 4.3
    endloop
  endfacet
  facet normal 0 0 -1
    outer loop
      vertex 86.1087 41.6374 4.3
      vertex 85.4626 34.6087 4.3
      vertex 85.6351 41.188 4.3
    endloop
  endfacet
  facet normal 0 0 -1
    outer loop
      vertex 85.2242 34.9193 4.3
      vertex 85.4626 34.6087 4.3
      vertex 85.3332 34.7562 4.3
    endloop
  endfacet
  facet normal 0 0 -1
    outer loop
      vertex 85.4626 34.6087 4.3
      vertex 85.2242 34.9193 4.3
      vertex 85.6351 41.188 4.3
    endloop
  endfacet
  facet normal 0 0 -1
    outer loop
      vertex 85.2242 40.6807 4.3
      vertex 85.6351 41.188 4.3
      vertex 85.2242 34.9193 4.3
    endloop
  endfacet
  facet normal 0 0 -1
    outer loop
      vertex 85.6351 41.188 4.3
      vertex 85.2242 40.6807 4.3
      vertex 85.3332 40.8438 4.3
    endloop
  endfacet
  facet normal 0 0 -1
    outer loop
      vertex 84.8 35.6445 4.3
      vertex 85.2242 34.9193 4.3
      vertex 84.9699 35.3 4.3
    endloop
  endfacet
  facet normal 0 0 -1
    outer loop
      vertex 85.2242 34.9193 4.3
      vertex 84.8 35.6445 4.3
      vertex 85.2242 40.6807 4.3
    endloop
  endfacet
  facet normal 0 0 -1
    outer loop
      vertex 84.8 39.9555 4.3
      vertex 85.2242 40.6807 4.3
      vertex 84.8 35.6445 4.3
    endloop
  endfacet
  facet normal 0 0 -1
    outer loop
      vertex 85.2242 40.6807 4.3
      vertex 84.8 39.9555 4.3
      vertex 84.9699 40.3 4.3
    endloop
  endfacet
  facet normal 0 0 -1
    outer loop
      vertex 84.3758 34.9193 4.3
      vertex 84.8 35.6445 4.3
      vertex 84.6301 35.3 4.3
    endloop
  endfacet
  facet normal -0 0 -1
    outer loop
      vertex 84.8 35.6445 4.3
      vertex 84.3758 34.9193 4.3
      vertex 84.8 39.9555 4.3
    endloop
  endfacet
  facet normal 0 0 -1
    outer loop
      vertex 84.3758 40.6807 4.3
      vertex 84.8 39.9555 4.3
      vertex 84.3758 34.9193 4.3
    endloop
  endfacet
  facet normal 0 0 -1
    outer loop
      vertex 84.8 39.9555 4.3
      vertex 84.3758 40.6807 4.3
      vertex 84.6301 40.3 4.3
    endloop
  endfacet
  facet normal 0 0 -1
    outer loop
      vertex 84.1374 34.6087 4.3
      vertex 84.3758 34.9193 4.3
      vertex 84.2668 34.7562 4.3
    endloop
  endfacet
  facet normal -0 0 -1
    outer loop
      vertex 84.3758 34.9193 4.3
      vertex 84.1374 34.6087 4.3
      vertex 84.3758 40.6807 4.3
    endloop
  endfacet
  facet normal 0 0 -1
    outer loop
      vertex 83.9649 41.188 4.3
      vertex 84.3758 40.6807 4.3
      vertex 84.1374 34.6087 4.3
    endloop
  endfacet
  facet normal 0 0 -1
    outer loop
      vertex 84.3758 40.6807 4.3
      vertex 83.9649 41.188 4.3
      vertex 84.2668 40.8438 4.3
    endloop
  endfacet
  facet normal 0 0 -1
    outer loop
      vertex 83.688 34.1351 4.3
      vertex 84.1374 34.6087 4.3
      vertex 83.8355 34.2645 4.3
    endloop
  endfacet
  facet normal -0 0 -1
    outer loop
      vertex 84.1374 34.6087 4.3
      vertex 83.688 34.1351 4.3
      vertex 83.9649 41.188 4.3
    endloop
  endfacet
  facet normal 0 0 -1
    outer loop
      vertex 83.688 41.4649 4.3
      vertex 83.9649 41.188 4.3
      vertex 83.688 34.1351 4.3
    endloop
  endfacet
  facet normal 0 0 -1
    outer loop
      vertex 83.9649 41.188 4.3
      vertex 83.688 41.4649 4.3
      vertex 83.8355 41.3355 4.3
    endloop
  endfacet
  facet normal 0 0 -1
    outer loop
      vertex 83.1807 33.7242 4.3
      vertex 83.688 34.1351 4.3
      vertex 83.3438 33.8332 4.3
    endloop
  endfacet
  facet normal -0 0 -1
    outer loop
      vertex 83.688 34.1351 4.3
      vertex 83.1807 33.7242 4.3
      vertex 83.688 41.4649 4.3
    endloop
  endfacet
  facet normal 0 0 -1
    outer loop
      vertex 83.1807 41.8758 4.3
      vertex 83.688 41.4649 4.3
      vertex 83.1807 33.7242 4.3
    endloop
  endfacet
  facet normal 0 0 -1
    outer loop
      vertex 83.688 41.4649 4.3
      vertex 83.1807 41.8758 4.3
      vertex 83.3438 41.7668 4.3
    endloop
  endfacet
  facet normal 0 0 -1
    outer loop
      vertex 82.3894 33.2674 4.3
      vertex 83.1807 33.7242 4.3
      vertex 82.8 33.4699 4.3
    endloop
  endfacet
  facet normal -0 0 -1
    outer loop
      vertex 83.1807 33.7242 4.3
      vertex 82.3894 33.2674 4.3
      vertex 83.1807 41.8758 4.3
    endloop
  endfacet
  facet normal 0 0 -1
    outer loop
      vertex 82.3894 42.3326 4.3
      vertex 83.1807 41.8758 4.3
      vertex 82.3894 33.2674 4.3
    endloop
  endfacet
  facet normal 0 0 -1
    outer loop
      vertex 83.1807 41.8758 4.3
      vertex 82.3894 42.3326 4.3
      vertex 82.8 42.1301 4.3
    endloop
  endfacet
  facet normal 0 0 -1
    outer loop
      vertex 82.0276 33.1175 4.3
      vertex 82.3894 33.2674 4.3
      vertex 82.2134 33.1806 4.3
    endloop
  endfacet
  facet normal -0 0 -1
    outer loop
      vertex 82.3894 33.2674 4.3
      vertex 82.0276 33.1175 4.3
      vertex 82.3894 42.3326 4.3
    endloop
  endfacet
  facet normal 0 0 -1
    outer loop
      vertex 82.0276 42.4825 4.3
      vertex 82.3894 42.3326 4.3
      vertex 82.0276 33.1175 4.3
    endloop
  endfacet
  facet normal 0 0 -1
    outer loop
      vertex 82.3894 42.3326 4.3
      vertex 82.0276 42.4825 4.3
      vertex 82.2134 42.4194 4.3
    endloop
  endfacet
  facet normal 0 0 -1
    outer loop
      vertex 81.1451 32.8811 4.3
      vertex 82.0276 33.1175 4.3
      vertex 81.5941 32.9704 4.3
    endloop
  endfacet
  facet normal -0 0 -1
    outer loop
      vertex 82.0276 33.1175 4.3
      vertex 81.1451 32.8811 4.3
      vertex 82.0276 42.4825 4.3
    endloop
  endfacet
  facet normal 0 0 -1
    outer loop
      vertex 81.1451 42.7189 4.3
      vertex 82.0276 42.4825 4.3
      vertex 81.1451 32.8811 4.3
    endloop
  endfacet
  facet normal 0 0 -1
    outer loop
      vertex 82.0276 42.4825 4.3
      vertex 81.1451 42.7189 4.3
      vertex 81.5941 42.6296 4.3
    endloop
  endfacet
  facet normal 0 0 -1
    outer loop
      vertex 80.7568 32.8299 4.3
      vertex 81.1451 32.8811 4.3
      vertex 80.9526 32.8428 4.3
    endloop
  endfacet
  facet normal -0 0 -1
    outer loop
      vertex 81.1451 32.8811 4.3
      vertex 80.7568 32.8299 4.3
      vertex 81.1451 42.7189 4.3
    endloop
  endfacet
  facet normal 0 0 -1
    outer loop
      vertex 80.7568 42.7701 4.3
      vertex 81.1451 42.7189 4.3
      vertex 80.7568 32.8299 4.3
    endloop
  endfacet
  facet normal 0 0 -1
    outer loop
      vertex 81.1451 42.7189 4.3
      vertex 80.7568 42.7701 4.3
      vertex 80.9526 42.7572 4.3
    endloop
  endfacet
  facet normal 0 0 -1
    outer loop
      vertex 79.8432 32.8299 4.3
      vertex 80.7568 32.8299 4.3
      vertex 80.3 32.8 4.3
    endloop
  endfacet
  facet normal 0 0 -1
    outer loop
      vertex 80.7568 32.8299 4.3
      vertex 79.8432 32.8299 4.3
      vertex 80.7568 42.7701 4.3
    endloop
  endfacet
  facet normal 0 0 -1
    outer loop
      vertex 79.8432 42.7701 4.3
      vertex 80.7568 42.7701 4.3
      vertex 79.8432 32.8299 4.3
    endloop
  endfacet
  facet normal 0 0 -1
    outer loop
      vertex 80.7568 42.7701 4.3
      vertex 79.8432 42.7701 4.3
      vertex 80.3 42.8 4.3
    endloop
  endfacet
  facet normal 0 0 -1
    outer loop
      vertex 79.1983 32.9321 4.3
      vertex 79.8432 32.8299 4.3
      vertex 79.6474 32.8428 4.3
    endloop
  endfacet
  facet normal 0 0 -1
    outer loop
      vertex 79.8432 32.8299 4.3
      vertex 79.1983 32.9321 4.3
      vertex 79.8432 42.7701 4.3
    endloop
  endfacet
  facet normal 0 0 -1
    outer loop
      vertex 79.1983 42.6679 4.3
      vertex 79.8432 42.7701 4.3
      vertex 79.1983 32.9321 4.3
    endloop
  endfacet
  facet normal 0 0 -1
    outer loop
      vertex 79.8432 42.7701 4.3
      vertex 79.1983 42.6679 4.3
      vertex 79.6474 42.7572 4.3
    endloop
  endfacet
  facet normal 0 0 -1
    outer loop
      vertex 78.8201 33.0334 4.3
      vertex 79.1983 32.9321 4.3
      vertex 79.0059 32.9704 4.3
    endloop
  endfacet
  facet normal 0 0 -1
    outer loop
      vertex 79.1983 32.9321 4.3
      vertex 78.8201 33.0334 4.3
      vertex 79.1983 42.6679 4.3
    endloop
  endfacet
  facet normal 0 0 -1
    outer loop
      vertex 78.8201 42.5666 4.3
      vertex 79.1983 42.6679 4.3
      vertex 78.8201 33.0334 4.3
    endloop
  endfacet
  facet normal 0 0 -1
    outer loop
      vertex 79.1983 42.6679 4.3
      vertex 78.8201 42.5666 4.3
      vertex 79.0059 42.6296 4.3
    endloop
  endfacet
  facet normal 0 0 -1
    outer loop
      vertex 78.2106 33.2674 4.3
      vertex 78.8201 33.0334 4.3
      vertex 78.3866 33.1806 4.3
    endloop
  endfacet
  facet normal 0 0 -1
    outer loop
      vertex 78.8201 33.0334 4.3
      vertex 78.2106 33.2674 4.3
      vertex 78.8201 42.5666 4.3
    endloop
  endfacet
  facet normal 0 0 -1
    outer loop
      vertex 78.2106 42.3326 4.3
      vertex 78.8201 42.5666 4.3
      vertex 78.2106 33.2674 4.3
    endloop
  endfacet
  facet normal 0 0 -1
    outer loop
      vertex 78.8201 42.5666 4.3
      vertex 78.2106 42.3326 4.3
      vertex 78.3866 42.4194 4.3
    endloop
  endfacet
  facet normal 0 0 -1
    outer loop
      vertex 77.4193 33.7242 4.3
      vertex 78.2106 33.2674 4.3
      vertex 77.8 33.4699 4.3
    endloop
  endfacet
  facet normal 0 0 -1
    outer loop
      vertex 78.2106 33.2674 4.3
      vertex 77.4193 33.7242 4.3
      vertex 78.2106 42.3326 4.3
    endloop
  endfacet
  facet normal 0 0 -1
    outer loop
      vertex 77.4193 41.8758 4.3
      vertex 78.2106 42.3326 4.3
      vertex 77.4193 33.7242 4.3
    endloop
  endfacet
  facet normal 0 0 -1
    outer loop
      vertex 78.2106 42.3326 4.3
      vertex 77.4193 41.8758 4.3
      vertex 77.8 42.1301 4.3
    endloop
  endfacet
  facet normal 0 0 -1
    outer loop
      vertex 77.1087 33.9626 4.3
      vertex 77.4193 33.7242 4.3
      vertex 77.2562 33.8332 4.3
    endloop
  endfacet
  facet normal 0 0 -1
    outer loop
      vertex 77.4193 33.7242 4.3
      vertex 77.1087 33.9626 4.3
      vertex 77.4193 41.8758 4.3
    endloop
  endfacet
  facet normal 0 0 -1
    outer loop
      vertex 77.1087 41.6374 4.3
      vertex 77.4193 41.8758 4.3
      vertex 77.1087 33.9626 4.3
    endloop
  endfacet
  facet normal 0 0 -1
    outer loop
      vertex 77.4193 41.8758 4.3
      vertex 77.1087 41.6374 4.3
      vertex 77.2562 41.7668 4.3
    endloop
  endfacet
  facet normal 0 0 -1
    outer loop
      vertex 76.4626 34.6087 4.3
      vertex 77.1087 33.9626 4.3
      vertex 76.7645 34.2645 4.3
    endloop
  endfacet
  facet normal 0 0 -1
    outer loop
      vertex 77.1087 33.9626 4.3
      vertex 76.4626 34.6087 4.3
      vertex 77.1087 41.6374 4.3
    endloop
  endfacet
  facet normal 0 0 -1
    outer loop
      vertex 77.1087 41.6374 4.3
      vertex 76.6351 41.188 4.3
      vertex 76.7645 41.3355 4.3
    endloop
  endfacet
  facet normal 0 0 -1
    outer loop
      vertex 77.1087 41.6374 4.3
      vertex 76.4626 34.6087 4.3
      vertex 76.6351 41.188 4.3
    endloop
  endfacet
  facet normal 0 0 -1
    outer loop
      vertex 76.2242 34.9193 4.3
      vertex 76.4626 34.6087 4.3
      vertex 76.3332 34.7562 4.3
    endloop
  endfacet
  facet normal 0 0 -1
    outer loop
      vertex 76.4626 34.6087 4.3
      vertex 76.2242 34.9193 4.3
      vertex 76.6351 41.188 4.3
    endloop
  endfacet
  facet normal 0 0 -1
    outer loop
      vertex 76.2242 40.6807 4.3
      vertex 76.6351 41.188 4.3
      vertex 76.2242 34.9193 4.3
    endloop
  endfacet
  facet normal 0 0 -1
    outer loop
      vertex 76.6351 41.188 4.3
      vertex 76.2242 40.6807 4.3
      vertex 76.3332 40.8438 4.3
    endloop
  endfacet
  facet normal 0 0 -1
    outer loop
      vertex 75.7674 35.7106 4.3
      vertex 76.2242 34.9193 4.3
      vertex 75.9699 35.3 4.3
    endloop
  endfacet
  facet normal 0 0 -1
    outer loop
      vertex 76.2242 34.9193 4.3
      vertex 75.7674 35.7106 4.3
      vertex 76.2242 40.6807 4.3
    endloop
  endfacet
  facet normal 0 0 -1
    outer loop
      vertex 75.7674 39.8894 4.3
      vertex 76.2242 40.6807 4.3
      vertex 75.7674 35.7106 4.3
    endloop
  endfacet
  facet normal 0 0 -1
    outer loop
      vertex 76.2242 40.6807 4.3
      vertex 75.7674 39.8894 4.3
      vertex 75.9699 40.3 4.3
    endloop
  endfacet
  facet normal 0 0 -1
    outer loop
      vertex 75.5334 36.3201 4.3
      vertex 75.7674 35.7106 4.3
      vertex 75.6806 35.8866 4.3
    endloop
  endfacet
  facet normal 0 0 -1
    outer loop
      vertex 75.7674 35.7106 4.3
      vertex 75.5334 36.3201 4.3
      vertex 75.7674 39.8894 4.3
    endloop
  endfacet
  facet normal 0 0 -1
    outer loop
      vertex 75.7674 39.8894 4.3
      vertex 75.6175 39.5276 4.3
      vertex 75.6806 39.7134 4.3
    endloop
  endfacet
  facet normal 0 0 -1
    outer loop
      vertex 75.7674 39.8894 4.3
      vertex 75.5334 36.3201 4.3
      vertex 75.6175 39.5276 4.3
    endloop
  endfacet
  facet normal 0 0 -1
    outer loop
      vertex 75.4321 36.6983 4.3
      vertex 75.5334 36.3201 4.3
      vertex 75.4704 36.5059 4.3
    endloop
  endfacet
  facet normal 0 0 -1
    outer loop
      vertex 75.5334 36.3201 4.3
      vertex 75.4321 36.6983 4.3
      vertex 75.6175 39.5276 4.3
    endloop
  endfacet
  facet normal 0 0 -1
    outer loop
      vertex 75.3811 38.6451 4.3
      vertex 75.6175 39.5276 4.3
      vertex 75.4321 36.6983 4.3
    endloop
  endfacet
  facet normal 0 0 -1
    outer loop
      vertex 75.6175 39.5276 4.3
      vertex 75.3811 38.6451 4.3
      vertex 75.4704 39.0941 4.3
    endloop
  endfacet
  facet normal 0 0 -1
    outer loop
      vertex 75.3299 37.3432 4.3
      vertex 75.4321 36.6983 4.3
      vertex 75.3428 37.1474 4.3
    endloop
  endfacet
  facet normal 0 0 -1
    outer loop
      vertex 75.4321 36.6983 4.3
      vertex 75.3299 37.3432 4.3
      vertex 75.3811 38.6451 4.3
    endloop
  endfacet
  facet normal 0 0 -1
    outer loop
      vertex 75.3299 38.2568 4.3
      vertex 75.3811 38.6451 4.3
      vertex 75.3299 37.3432 4.3
    endloop
  endfacet
  facet normal 0 0 -1
    outer loop
      vertex 75.3811 38.6451 4.3
      vertex 75.3299 38.2568 4.3
      vertex 75.3428 38.4526 4.3
    endloop
  endfacet
  facet normal 0 -0 -1
    outer loop
      vertex 75.3299 38.2568 4.3
      vertex 75.3299 37.3432 4.3
      vertex 75.3 37.8 4.3
    endloop
  endfacet
  facet normal 0.896861 0.442313 0
    outer loop
      vertex 84.8 39.9555 15.31
      vertex 84.6301 40.3 4.3
      vertex 84.6301 40.3 15.31
    endloop
  endfacet
  facet normal 0.896861 0.442313 0
    outer loop
      vertex 84.6301 40.3 4.3
      vertex 84.8 39.9555 15.31
      vertex 84.8 39.9555 4.3
    endloop
  endfacet
  facet normal 0.751791 -0.659401 0
    outer loop
      vertex 92.8355 34.2645 15.31
      vertex 93.1374 34.6087 4.3
      vertex 93.1374 34.6087 15.31
    endloop
  endfacet
  facet normal 0.751791 -0.659401 0
    outer loop
      vertex 93.1374 34.6087 4.3
      vertex 92.8355 34.2645 15.31
      vertex 92.8355 34.2645 4.3
    endloop
  endfacet
  facet normal -0.555456 -0.831546 0
    outer loop
      vertex 86.4193 33.7242 4.3
      vertex 86.8 33.4699 15.31
      vertex 86.4193 33.7242 15.31
    endloop
  endfacet
  facet normal -0.555456 -0.831546 -0
    outer loop
      vertex 86.8 33.4699 15.31
      vertex 86.4193 33.7242 4.3
      vertex 86.8 33.4699 4.3
    endloop
  endfacet
  facet normal 0.831546 -0.555456 0
    outer loop
      vertex 93.3758 34.9193 15.31
      vertex 93.6301 35.3 4.3
      vertex 93.6301 35.3 15.31
    endloop
  endfacet
  facet normal 0.831546 -0.555456 0
    outer loop
      vertex 93.6301 35.3 4.3
      vertex 93.3758 34.9193 15.31
      vertex 93.3758 34.9193 4.3
    endloop
  endfacet
  facet normal -0.195234 0.980757 0
    outer loop
      vertex 88.1983 42.6679 4.3
      vertex 88.0059 42.6296 15.31
      vertex 88.1983 42.6679 15.31
    endloop
  endfacet
  facet normal -0.195234 0.980757 0
    outer loop
      vertex 88.0059 42.6296 15.31
      vertex 88.1983 42.6679 4.3
      vertex 88.0059 42.6296 4.3
    endloop
  endfacet
  facet normal -0.195024 -0.980798 0
    outer loop
      vertex 88.1983 32.9321 4.3
      vertex 88.6474 32.8428 15.31
      vertex 88.1983 32.9321 15.31
    endloop
  endfacet
  facet normal -0.195024 -0.980798 -0
    outer loop
      vertex 88.6474 32.8428 15.31
      vertex 88.1983 32.9321 4.3
      vertex 88.6474 32.8428 4.3
    endloop
  endfacet
  facet normal -0.195234 -0.980757 0
    outer loop
      vertex 88.0059 32.9704 4.3
      vertex 88.1983 32.9321 15.31
      vertex 88.0059 32.9704 15.31
    endloop
  endfacet
  facet normal -0.195234 -0.980757 -0
    outer loop
      vertex 88.1983 32.9321 15.31
      vertex 88.0059 32.9704 4.3
      vertex 88.1983 32.9321 4.3
    endloop
  endfacet
  facet normal -0.831422 0.555641 0
    outer loop
      vertex 85.2242 40.6807 4.3
      vertex 85.3332 40.8438 15.31
      vertex 85.3332 40.8438 4.3
    endloop
  endfacet
  facet normal -0.831422 0.555641 0
    outer loop
      vertex 85.3332 40.8438 15.31
      vertex 85.2242 40.6807 4.3
      vertex 85.2242 40.6807 15.31
    endloop
  endfacet
  facet normal 0.442314 -0.89686 0
    outer loop
      vertex 91.3894 33.2674 4.3
      vertex 91.8 33.4699 15.31
      vertex 91.3894 33.2674 15.31
    endloop
  endfacet
  facet normal 0.442314 -0.89686 0
    outer loop
      vertex 91.8 33.4699 15.31
      vertex 91.3894 33.2674 4.3
      vertex 91.8 33.4699 4.3
    endloop
  endfacet
  facet normal 0.831546 0.555456 0
    outer loop
      vertex 93.6301 40.3 15.31
      vertex 93.3758 40.6807 4.3
      vertex 93.3758 40.6807 15.31
    endloop
  endfacet
  facet normal 0.831546 0.555456 0
    outer loop
      vertex 93.3758 40.6807 4.3
      vertex 93.6301 40.3 15.31
      vertex 93.6301 40.3 4.3
    endloop
  endfacet
  facet normal 0.0653156 0.997865 -0
    outer loop
      vertex 89.7568 42.7701 4.3
      vertex 89.3 42.8 15.31
      vertex 89.7568 42.7701 15.31
    endloop
  endfacet
  facet normal 0.0653156 0.997865 0
    outer loop
      vertex 89.3 42.8 15.31
      vertex 89.7568 42.7701 4.3
      vertex 89.3 42.8 4.3
    endloop
  endfacet
  facet normal 0.751724 0.659478 0
    outer loop
      vertex 92.9649 41.188 15.31
      vertex 92.8355 41.3355 4.3
      vertex 92.8355 41.3355 15.31
    endloop
  endfacet
  facet normal 0.751724 0.659478 0
    outer loop
      vertex 92.8355 41.3355 4.3
      vertex 92.9649 41.188 15.31
      vertex 92.9649 41.188 4.3
    endloop
  endfacet
  facet normal 0.555641 0.831422 -0
    outer loop
      vertex 92.3438 41.7668 4.3
      vertex 92.1807 41.8758 15.31
      vertex 92.3438 41.7668 15.31
    endloop
  endfacet
  facet normal 0.555641 0.831422 0
    outer loop
      vertex 92.1807 41.8758 15.31
      vertex 92.3438 41.7668 4.3
      vertex 92.1807 41.8758 4.3
    endloop
  endfacet
  facet normal 0.442315 0.89686 -0
    outer loop
      vertex 91.3894 42.3326 4.3
      vertex 91.2134 42.4194 15.31
      vertex 91.3894 42.3326 15.31
    endloop
  endfacet
  facet normal 0.442315 0.89686 0
    outer loop
      vertex 91.2134 42.4194 15.31
      vertex 91.3894 42.3326 4.3
      vertex 91.2134 42.4194 4.3
    endloop
  endfacet
  facet normal 0.831422 0.555641 0
    outer loop
      vertex 93.3758 40.6807 15.31
      vertex 93.2668 40.8438 4.3
      vertex 93.2668 40.8438 15.31
    endloop
  endfacet
  facet normal 0.831422 0.555641 0
    outer loop
      vertex 93.2668 40.8438 4.3
      vertex 93.3758 40.6807 15.31
      vertex 93.3758 40.6807 4.3
    endloop
  endfacet
  facet normal -0.065741 -0.997837 0
    outer loop
      vertex 88.6474 32.8428 4.3
      vertex 88.8432 32.8299 15.31
      vertex 88.6474 32.8428 15.31
    endloop
  endfacet
  facet normal -0.065741 -0.997837 -0
    outer loop
      vertex 88.8432 32.8299 15.31
      vertex 88.6474 32.8428 4.3
      vertex 88.8432 32.8299 4.3
    endloop
  endfacet
  facet normal 0.659478 0.751724 -0
    outer loop
      vertex 92.8355 41.3355 4.3
      vertex 92.688 41.4649 15.31
      vertex 92.8355 41.3355 15.31
    endloop
  endfacet
  facet normal 0.659478 0.751724 0
    outer loop
      vertex 92.688 41.4649 15.31
      vertex 92.8355 41.3355 4.3
      vertex 92.688 41.4649 4.3
    endloop
  endfacet
  facet normal 0.195136 -0.980776 0
    outer loop
      vertex 89.9526 32.8428 4.3
      vertex 90.1451 32.8811 15.31
      vertex 89.9526 32.8428 15.31
    endloop
  endfacet
  facet normal 0.195136 -0.980776 0
    outer loop
      vertex 90.1451 32.8811 15.31
      vertex 89.9526 32.8428 4.3
      vertex 90.1451 32.8811 4.3
    endloop
  endfacet
  facet normal 0.321335 -0.946966 0
    outer loop
      vertex 90.5941 32.9704 4.3
      vertex 91.0276 33.1175 15.31
      vertex 90.5941 32.9704 15.31
    endloop
  endfacet
  facet normal 0.321335 -0.946966 0
    outer loop
      vertex 91.0276 33.1175 15.31
      vertex 90.5941 32.9704 4.3
      vertex 91.0276 33.1175 4.3
    endloop
  endfacet
  facet normal 0.89686 0.442315 0
    outer loop
      vertex 93.9194 39.7134 15.31
      vertex 93.8326 39.8894 4.3
      vertex 93.8326 39.8894 15.31
    endloop
  endfacet
  facet normal 0.89686 0.442315 0
    outer loop
      vertex 93.8326 39.8894 4.3
      vertex 93.9194 39.7134 15.31
      vertex 93.9194 39.7134 4.3
    endloop
  endfacet
  facet normal -0.555456 0.831546 0
    outer loop
      vertex 86.8 42.1301 4.3
      vertex 86.4193 41.8758 15.31
      vertex 86.8 42.1301 15.31
    endloop
  endfacet
  facet normal -0.555456 0.831546 0
    outer loop
      vertex 86.4193 41.8758 15.31
      vertex 86.8 42.1301 4.3
      vertex 86.4193 41.8758 4.3
    endloop
  endfacet
  facet normal -0.0653156 -0.997865 0
    outer loop
      vertex 88.8432 32.8299 4.3
      vertex 89.3 32.8 15.31
      vertex 88.8432 32.8299 15.31
    endloop
  endfacet
  facet normal -0.0653156 -0.997865 -0
    outer loop
      vertex 89.3 32.8 15.31
      vertex 88.8432 32.8299 4.3
      vertex 89.3 32.8 4.3
    endloop
  endfacet
  facet normal 0.195136 0.980776 -0
    outer loop
      vertex 90.1451 42.7189 4.3
      vertex 89.9526 42.7572 15.31
      vertex 90.1451 42.7189 15.31
    endloop
  endfacet
  facet normal 0.195136 0.980776 0
    outer loop
      vertex 89.9526 42.7572 15.31
      vertex 90.1451 42.7189 4.3
      vertex 89.9526 42.7572 4.3
    endloop
  endfacet
  facet normal -0.896861 0.442313 0
    outer loop
      vertex 84.8 39.9555 4.3
      vertex 84.9699 40.3 15.31
      vertex 84.9699 40.3 4.3
    endloop
  endfacet
  facet normal -0.896861 0.442313 0
    outer loop
      vertex 84.9699 40.3 15.31
      vertex 84.8 39.9555 4.3
      vertex 84.8 39.9555 15.31
    endloop
  endfacet
  facet normal -0.896861 -0.442313 0
    outer loop
      vertex 84.9699 35.3 4.3
      vertex 84.8 35.6445 15.31
      vertex 84.8 35.6445 4.3
    endloop
  endfacet
  facet normal -0.896861 -0.442313 0
    outer loop
      vertex 84.8 35.6445 15.31
      vertex 84.9699 35.3 4.3
      vertex 84.9699 35.3 15.31
    endloop
  endfacet
  facet normal 0.751724 -0.659478 0
    outer loop
      vertex 93.1374 34.6087 15.31
      vertex 93.2668 34.7562 4.3
      vertex 93.2668 34.7562 15.31
    endloop
  endfacet
  facet normal 0.751724 -0.659478 0
    outer loop
      vertex 93.2668 34.7562 4.3
      vertex 93.1374 34.6087 15.31
      vertex 93.1374 34.6087 4.3
    endloop
  endfacet
  facet normal 0.321574 -0.946885 0
    outer loop
      vertex 91.0276 33.1175 4.3
      vertex 91.2134 33.1806 15.31
      vertex 91.0276 33.1175 15.31
    endloop
  endfacet
  facet normal 0.321574 -0.946885 0
    outer loop
      vertex 91.2134 33.1806 15.31
      vertex 91.0276 33.1175 4.3
      vertex 91.2134 33.1806 4.3
    endloop
  endfacet
  facet normal 0.751791 0.659401 0
    outer loop
      vertex 93.2668 40.8438 15.31
      vertex 92.9649 41.188 4.3
      vertex 92.9649 41.188 15.31
    endloop
  endfacet
  facet normal 0.751791 0.659401 0
    outer loop
      vertex 92.9649 41.188 4.3
      vertex 93.2668 40.8438 15.31
      vertex 93.2668 40.8438 4.3
    endloop
  endfacet
  facet normal 0.997837 0.065741 0
    outer loop
      vertex 94.2701 38.2568 15.31
      vertex 94.2572 38.4526 4.3
      vertex 94.2572 38.4526 15.31
    endloop
  endfacet
  facet normal 0.997837 0.065741 0
    outer loop
      vertex 94.2572 38.4526 4.3
      vertex 94.2701 38.2568 15.31
      vertex 94.2701 38.2568 4.3
    endloop
  endfacet
  facet normal 0.555456 0.831546 -0
    outer loop
      vertex 92.1807 41.8758 4.3
      vertex 91.8 42.1301 15.31
      vertex 92.1807 41.8758 15.31
    endloop
  endfacet
  facet normal 0.555456 0.831546 0
    outer loop
      vertex 91.8 42.1301 15.31
      vertex 92.1807 41.8758 4.3
      vertex 91.8 42.1301 4.3
    endloop
  endfacet
  facet normal 0.89686 -0.442314 0
    outer loop
      vertex 93.6301 35.3 15.31
      vertex 93.8326 35.7106 4.3
      vertex 93.8326 35.7106 15.31
    endloop
  endfacet
  facet normal 0.89686 -0.442314 0
    outer loop
      vertex 93.8326 35.7106 4.3
      vertex 93.6301 35.3 15.31
      vertex 93.6301 35.3 4.3
    endloop
  endfacet
  facet normal 0.89686 -0.442315 0
    outer loop
      vertex 93.8326 35.7106 15.31
      vertex 93.9194 35.8866 4.3
      vertex 93.9194 35.8866 15.31
    endloop
  endfacet
  facet normal 0.89686 -0.442315 0
    outer loop
      vertex 93.9194 35.8866 4.3
      vertex 93.8326 35.7106 15.31
      vertex 93.8326 35.7106 4.3
    endloop
  endfacet
  facet normal 0.89686 0.442314 0
    outer loop
      vertex 93.8326 39.8894 15.31
      vertex 93.6301 40.3 4.3
      vertex 93.6301 40.3 15.31
    endloop
  endfacet
  facet normal 0.89686 0.442314 0
    outer loop
      vertex 93.6301 40.3 4.3
      vertex 93.8326 39.8894 15.31
      vertex 93.8326 39.8894 4.3
    endloop
  endfacet
  facet normal -0.065741 0.997837 0
    outer loop
      vertex 88.8432 42.7701 4.3
      vertex 88.6474 42.7572 15.31
      vertex 88.8432 42.7701 15.31
    endloop
  endfacet
  facet normal -0.065741 0.997837 0
    outer loop
      vertex 88.6474 42.7572 15.31
      vertex 88.8432 42.7701 4.3
      vertex 88.6474 42.7572 4.3
    endloop
  endfacet
  facet normal -0.442314 0.89686 0
    outer loop
      vertex 87.2106 42.3326 4.3
      vertex 86.8 42.1301 15.31
      vertex 87.2106 42.3326 15.31
    endloop
  endfacet
  facet normal -0.442314 0.89686 0
    outer loop
      vertex 86.8 42.1301 15.31
      vertex 87.2106 42.3326 4.3
      vertex 86.8 42.1301 4.3
    endloop
  endfacet
  facet normal 0.997865 -0.0653156 0
    outer loop
      vertex 94.2701 37.3432 15.31
      vertex 94.3 37.8 4.3
      vertex 94.3 37.8 15.31
    endloop
  endfacet
  facet normal 0.997865 -0.0653156 0
    outer loop
      vertex 94.3 37.8 4.3
      vertex 94.2701 37.3432 15.31
      vertex 94.2701 37.3432 4.3
    endloop
  endfacet
  facet normal -0.659478 -0.751724 0
    outer loop
      vertex 86.1087 33.9626 4.3
      vertex 86.2562 33.8332 15.31
      vertex 86.1087 33.9626 15.31
    endloop
  endfacet
  facet normal -0.659478 -0.751724 -0
    outer loop
      vertex 86.2562 33.8332 15.31
      vertex 86.1087 33.9626 4.3
      vertex 86.2562 33.8332 4.3
    endloop
  endfacet
  facet normal 0.195066 0.98079 -0
    outer loop
      vertex 90.5941 42.6296 4.3
      vertex 90.1451 42.7189 15.31
      vertex 90.5941 42.6296 15.31
    endloop
  endfacet
  facet normal 0.195066 0.98079 0
    outer loop
      vertex 90.1451 42.7189 15.31
      vertex 90.5941 42.6296 4.3
      vertex 90.1451 42.7189 4.3
    endloop
  endfacet
  facet normal -0.442315 -0.89686 0
    outer loop
      vertex 87.2106 33.2674 4.3
      vertex 87.3866 33.1806 15.31
      vertex 87.2106 33.2674 15.31
    endloop
  endfacet
  facet normal -0.442315 -0.89686 -0
    outer loop
      vertex 87.3866 33.1806 15.31
      vertex 87.2106 33.2674 4.3
      vertex 87.3866 33.1806 4.3
    endloop
  endfacet
  facet normal 0.442314 0.89686 -0
    outer loop
      vertex 91.8 42.1301 4.3
      vertex 91.3894 42.3326 15.31
      vertex 91.8 42.1301 15.31
    endloop
  endfacet
  facet normal 0.442314 0.89686 0
    outer loop
      vertex 91.3894 42.3326 15.31
      vertex 91.8 42.1301 4.3
      vertex 91.3894 42.3326 4.3
    endloop
  endfacet
  facet normal -0.751724 -0.659478 0
    outer loop
      vertex 85.4626 34.6087 4.3
      vertex 85.3332 34.7562 15.31
      vertex 85.3332 34.7562 4.3
    endloop
  endfacet
  facet normal -0.751724 -0.659478 0
    outer loop
      vertex 85.3332 34.7562 15.31
      vertex 85.4626 34.6087 4.3
      vertex 85.4626 34.6087 15.31
    endloop
  endfacet
  facet normal -0.751791 -0.659401 0
    outer loop
      vertex 85.7645 34.2645 4.3
      vertex 85.4626 34.6087 15.31
      vertex 85.4626 34.6087 4.3
    endloop
  endfacet
  facet normal -0.751791 -0.659401 0
    outer loop
      vertex 85.4626 34.6087 15.31
      vertex 85.7645 34.2645 4.3
      vertex 85.7645 34.2645 15.31
    endloop
  endfacet
  facet normal 0.997865 0.0653156 0
    outer loop
      vertex 94.3 37.8 15.31
      vertex 94.2701 38.2568 4.3
      vertex 94.2701 38.2568 15.31
    endloop
  endfacet
  facet normal 0.997865 0.0653156 0
    outer loop
      vertex 94.2701 38.2568 4.3
      vertex 94.3 37.8 15.31
      vertex 94.3 37.8 4.3
    endloop
  endfacet
  facet normal 0.065741 0.997837 -0
    outer loop
      vertex 89.9526 42.7572 4.3
      vertex 89.7568 42.7701 15.31
      vertex 89.9526 42.7572 15.31
    endloop
  endfacet
  facet normal 0.065741 0.997837 0
    outer loop
      vertex 89.7568 42.7701 15.31
      vertex 89.9526 42.7572 4.3
      vertex 89.7568 42.7701 4.3
    endloop
  endfacet
  facet normal 0.980776 0.195136 0
    outer loop
      vertex 94.2572 38.4526 15.31
      vertex 94.2189 38.6451 4.3
      vertex 94.2189 38.6451 15.31
    endloop
  endfacet
  facet normal 0.980776 0.195136 0
    outer loop
      vertex 94.2189 38.6451 4.3
      vertex 94.2572 38.4526 15.31
      vertex 94.2572 38.4526 4.3
    endloop
  endfacet
  facet normal 0.321335 0.946966 -0
    outer loop
      vertex 91.0276 42.4825 4.3
      vertex 90.5941 42.6296 15.31
      vertex 91.0276 42.4825 15.31
    endloop
  endfacet
  facet normal 0.321335 0.946966 0
    outer loop
      vertex 90.5941 42.6296 15.31
      vertex 91.0276 42.4825 4.3
      vertex 90.5941 42.6296 4.3
    endloop
  endfacet
  facet normal 0.980757 -0.195234 0
    outer loop
      vertex 94.1296 36.5059 15.31
      vertex 94.1679 36.6983 4.3
      vertex 94.1679 36.6983 15.31
    endloop
  endfacet
  facet normal 0.980757 -0.195234 0
    outer loop
      vertex 94.1679 36.6983 4.3
      vertex 94.1296 36.5059 15.31
      vertex 94.1296 36.5059 4.3
    endloop
  endfacet
  facet normal 0.980798 -0.195024 0
    outer loop
      vertex 94.1679 36.6983 15.31
      vertex 94.2572 37.1474 4.3
      vertex 94.2572 37.1474 15.31
    endloop
  endfacet
  facet normal 0.980798 -0.195024 0
    outer loop
      vertex 94.2572 37.1474 4.3
      vertex 94.1679 36.6983 15.31
      vertex 94.1679 36.6983 4.3
    endloop
  endfacet
  facet normal 0.659401 0.751791 -0
    outer loop
      vertex 92.688 41.4649 4.3
      vertex 92.3438 41.7668 15.31
      vertex 92.688 41.4649 15.31
    endloop
  endfacet
  facet normal 0.659401 0.751791 0
    outer loop
      vertex 92.3438 41.7668 15.31
      vertex 92.688 41.4649 4.3
      vertex 92.3438 41.7668 4.3
    endloop
  endfacet
  facet normal -0.659478 0.751724 0
    outer loop
      vertex 86.2562 41.7668 4.3
      vertex 86.1087 41.6374 15.31
      vertex 86.2562 41.7668 15.31
    endloop
  endfacet
  facet normal -0.659478 0.751724 0
    outer loop
      vertex 86.1087 41.6374 15.31
      vertex 86.2562 41.7668 4.3
      vertex 86.1087 41.6374 4.3
    endloop
  endfacet
  facet normal -0.659401 0.751791 0
    outer loop
      vertex 86.1087 41.6374 4.3
      vertex 85.7645 41.3355 15.31
      vertex 86.1087 41.6374 15.31
    endloop
  endfacet
  facet normal -0.659401 0.751791 0
    outer loop
      vertex 85.7645 41.3355 15.31
      vertex 86.1087 41.6374 4.3
      vertex 85.7645 41.3355 4.3
    endloop
  endfacet
  facet normal 0.94704 -0.321117 0
    outer loop
      vertex 94.0666 36.3201 15.31
      vertex 94.1296 36.5059 4.3
      vertex 94.1296 36.5059 15.31
    endloop
  endfacet
  facet normal 0.94704 -0.321117 0
    outer loop
      vertex 94.1296 36.5059 4.3
      vertex 94.0666 36.3201 15.31
      vertex 94.0666 36.3201 4.3
    endloop
  endfacet
  facet normal 0.946899 -0.321531 0
    outer loop
      vertex 93.9194 35.8866 15.31
      vertex 94.0666 36.3201 4.3
      vertex 94.0666 36.3201 15.31
    endloop
  endfacet
  facet normal 0.946899 -0.321531 0
    outer loop
      vertex 94.0666 36.3201 4.3
      vertex 93.9194 35.8866 15.31
      vertex 93.9194 35.8866 4.3
    endloop
  endfacet
  facet normal -0.321117 -0.94704 0
    outer loop
      vertex 87.8201 33.0334 4.3
      vertex 88.0059 32.9704 15.31
      vertex 87.8201 33.0334 15.31
    endloop
  endfacet
  facet normal -0.321117 -0.94704 -0
    outer loop
      vertex 88.0059 32.9704 15.31
      vertex 87.8201 33.0334 4.3
      vertex 88.0059 32.9704 4.3
    endloop
  endfacet
  facet normal -0.831546 0.555456 0
    outer loop
      vertex 84.9699 40.3 4.3
      vertex 85.2242 40.6807 15.31
      vertex 85.2242 40.6807 4.3
    endloop
  endfacet
  facet normal -0.831546 0.555456 0
    outer loop
      vertex 85.2242 40.6807 15.31
      vertex 84.9699 40.3 4.3
      vertex 84.9699 40.3 15.31
    endloop
  endfacet
  facet normal -0.195024 0.980798 0
    outer loop
      vertex 88.6474 42.7572 4.3
      vertex 88.1983 42.6679 15.31
      vertex 88.6474 42.7572 15.31
    endloop
  endfacet
  facet normal -0.195024 0.980798 0
    outer loop
      vertex 88.1983 42.6679 15.31
      vertex 88.6474 42.7572 4.3
      vertex 88.1983 42.6679 4.3
    endloop
  endfacet
  facet normal -0.321531 -0.946899 0
    outer loop
      vertex 87.3866 33.1806 4.3
      vertex 87.8201 33.0334 15.31
      vertex 87.3866 33.1806 15.31
    endloop
  endfacet
  facet normal -0.321531 -0.946899 -0
    outer loop
      vertex 87.8201 33.0334 15.31
      vertex 87.3866 33.1806 4.3
      vertex 87.8201 33.0334 4.3
    endloop
  endfacet
  facet normal 0.659478 -0.751724 0
    outer loop
      vertex 92.688 34.1351 4.3
      vertex 92.8355 34.2645 15.31
      vertex 92.688 34.1351 15.31
    endloop
  endfacet
  facet normal 0.659478 -0.751724 0
    outer loop
      vertex 92.8355 34.2645 15.31
      vertex 92.688 34.1351 4.3
      vertex 92.8355 34.2645 4.3
    endloop
  endfacet
  facet normal 0.659401 -0.751791 0
    outer loop
      vertex 92.3438 33.8332 4.3
      vertex 92.688 34.1351 15.31
      vertex 92.3438 33.8332 15.31
    endloop
  endfacet
  facet normal 0.659401 -0.751791 0
    outer loop
      vertex 92.688 34.1351 15.31
      vertex 92.3438 33.8332 4.3
      vertex 92.688 34.1351 4.3
    endloop
  endfacet
  facet normal -0.555641 0.831422 0
    outer loop
      vertex 86.4193 41.8758 4.3
      vertex 86.2562 41.7668 15.31
      vertex 86.4193 41.8758 15.31
    endloop
  endfacet
  facet normal -0.555641 0.831422 0
    outer loop
      vertex 86.2562 41.7668 15.31
      vertex 86.4193 41.8758 4.3
      vertex 86.2562 41.7668 4.3
    endloop
  endfacet
  facet normal 0.98079 0.195066 0
    outer loop
      vertex 94.2189 38.6451 15.31
      vertex 94.1296 39.0941 4.3
      vertex 94.1296 39.0941 15.31
    endloop
  endfacet
  facet normal 0.98079 0.195066 0
    outer loop
      vertex 94.1296 39.0941 4.3
      vertex 94.2189 38.6451 15.31
      vertex 94.2189 38.6451 4.3
    endloop
  endfacet
  facet normal -0.0653156 0.997865 0
    outer loop
      vertex 89.3 42.8 4.3
      vertex 88.8432 42.7701 15.31
      vertex 89.3 42.8 15.31
    endloop
  endfacet
  facet normal -0.0653156 0.997865 0
    outer loop
      vertex 88.8432 42.7701 15.31
      vertex 89.3 42.8 4.3
      vertex 88.8432 42.7701 4.3
    endloop
  endfacet
  facet normal -0.831546 -0.555456 0
    outer loop
      vertex 85.2242 34.9193 4.3
      vertex 84.9699 35.3 15.31
      vertex 84.9699 35.3 4.3
    endloop
  endfacet
  facet normal -0.831546 -0.555456 0
    outer loop
      vertex 84.9699 35.3 15.31
      vertex 85.2242 34.9193 4.3
      vertex 85.2242 34.9193 15.31
    endloop
  endfacet
  facet normal -0.659401 -0.751791 0
    outer loop
      vertex 85.7645 34.2645 4.3
      vertex 86.1087 33.9626 15.31
      vertex 85.7645 34.2645 15.31
    endloop
  endfacet
  facet normal -0.659401 -0.751791 -0
    outer loop
      vertex 86.1087 33.9626 15.31
      vertex 85.7645 34.2645 4.3
      vertex 86.1087 33.9626 4.3
    endloop
  endfacet
  facet normal 0.321574 0.946885 -0
    outer loop
      vertex 91.2134 42.4194 4.3
      vertex 91.0276 42.4825 15.31
      vertex 91.2134 42.4194 15.31
    endloop
  endfacet
  facet normal 0.321574 0.946885 0
    outer loop
      vertex 91.0276 42.4825 15.31
      vertex 91.2134 42.4194 4.3
      vertex 91.0276 42.4825 4.3
    endloop
  endfacet
  facet normal 0.195066 -0.98079 0
    outer loop
      vertex 90.1451 32.8811 4.3
      vertex 90.5941 32.9704 15.31
      vertex 90.1451 32.8811 15.31
    endloop
  endfacet
  facet normal 0.195066 -0.98079 0
    outer loop
      vertex 90.5941 32.9704 15.31
      vertex 90.1451 32.8811 4.3
      vertex 90.5941 32.9704 4.3
    endloop
  endfacet
  facet normal 0.442315 -0.89686 0
    outer loop
      vertex 91.2134 33.1806 4.3
      vertex 91.3894 33.2674 15.31
      vertex 91.2134 33.1806 15.31
    endloop
  endfacet
  facet normal 0.442315 -0.89686 0
    outer loop
      vertex 91.3894 33.2674 15.31
      vertex 91.2134 33.1806 4.3
      vertex 91.3894 33.2674 4.3
    endloop
  endfacet
  facet normal 0.555456 -0.831546 0
    outer loop
      vertex 91.8 33.4699 4.3
      vertex 92.1807 33.7242 15.31
      vertex 91.8 33.4699 15.31
    endloop
  endfacet
  facet normal 0.555456 -0.831546 0
    outer loop
      vertex 92.1807 33.7242 15.31
      vertex 91.8 33.4699 4.3
      vertex 92.1807 33.7242 4.3
    endloop
  endfacet
  facet normal 0.946966 0.321335 0
    outer loop
      vertex 94.1296 39.0941 15.31
      vertex 93.9825 39.5276 4.3
      vertex 93.9825 39.5276 15.31
    endloop
  endfacet
  facet normal 0.946966 0.321335 0
    outer loop
      vertex 93.9825 39.5276 4.3
      vertex 94.1296 39.0941 15.31
      vertex 94.1296 39.0941 4.3
    endloop
  endfacet
  facet normal 0.555641 -0.831422 0
    outer loop
      vertex 92.1807 33.7242 4.3
      vertex 92.3438 33.8332 15.31
      vertex 92.1807 33.7242 15.31
    endloop
  endfacet
  facet normal 0.555641 -0.831422 0
    outer loop
      vertex 92.3438 33.8332 15.31
      vertex 92.1807 33.7242 4.3
      vertex 92.3438 33.8332 4.3
    endloop
  endfacet
  facet normal -0.751724 0.659478 0
    outer loop
      vertex 85.6351 41.188 4.3
      vertex 85.7645 41.3355 15.31
      vertex 85.7645 41.3355 4.3
    endloop
  endfacet
  facet normal -0.751724 0.659478 0
    outer loop
      vertex 85.7645 41.3355 15.31
      vertex 85.6351 41.188 4.3
      vertex 85.6351 41.188 15.31
    endloop
  endfacet
  facet normal -0.442314 -0.89686 0
    outer loop
      vertex 86.8 33.4699 4.3
      vertex 87.2106 33.2674 15.31
      vertex 86.8 33.4699 15.31
    endloop
  endfacet
  facet normal -0.442314 -0.89686 -0
    outer loop
      vertex 87.2106 33.2674 15.31
      vertex 86.8 33.4699 4.3
      vertex 87.2106 33.2674 4.3
    endloop
  endfacet
  facet normal -0.831422 -0.555641 0
    outer loop
      vertex 85.3332 34.7562 4.3
      vertex 85.2242 34.9193 15.31
      vertex 85.2242 34.9193 4.3
    endloop
  endfacet
  facet normal -0.831422 -0.555641 0
    outer loop
      vertex 85.2242 34.9193 15.31
      vertex 85.3332 34.7562 4.3
      vertex 85.3332 34.7562 15.31
    endloop
  endfacet
  facet normal 0.065741 -0.997837 0
    outer loop
      vertex 89.7568 32.8299 4.3
      vertex 89.9526 32.8428 15.31
      vertex 89.7568 32.8299 15.31
    endloop
  endfacet
  facet normal 0.065741 -0.997837 0
    outer loop
      vertex 89.9526 32.8428 15.31
      vertex 89.7568 32.8299 4.3
      vertex 89.9526 32.8428 4.3
    endloop
  endfacet
  facet normal -0.321531 0.946899 0
    outer loop
      vertex 87.8201 42.5666 4.3
      vertex 87.3866 42.4194 15.31
      vertex 87.8201 42.5666 15.31
    endloop
  endfacet
  facet normal -0.321531 0.946899 0
    outer loop
      vertex 87.3866 42.4194 15.31
      vertex 87.8201 42.5666 4.3
      vertex 87.3866 42.4194 4.3
    endloop
  endfacet
  facet normal 0.946885 0.321574 0
    outer loop
      vertex 93.9825 39.5276 15.31
      vertex 93.9194 39.7134 4.3
      vertex 93.9194 39.7134 15.31
    endloop
  endfacet
  facet normal 0.946885 0.321574 0
    outer loop
      vertex 93.9194 39.7134 4.3
      vertex 93.9825 39.5276 15.31
      vertex 93.9825 39.5276 4.3
    endloop
  endfacet
  facet normal -0.555641 -0.831422 0
    outer loop
      vertex 86.2562 33.8332 4.3
      vertex 86.4193 33.7242 15.31
      vertex 86.2562 33.8332 15.31
    endloop
  endfacet
  facet normal -0.555641 -0.831422 -0
    outer loop
      vertex 86.4193 33.7242 15.31
      vertex 86.2562 33.8332 4.3
      vertex 86.4193 33.7242 4.3
    endloop
  endfacet
  facet normal -0.442315 0.89686 0
    outer loop
      vertex 87.3866 42.4194 4.3
      vertex 87.2106 42.3326 15.31
      vertex 87.3866 42.4194 15.31
    endloop
  endfacet
  facet normal -0.442315 0.89686 0
    outer loop
      vertex 87.2106 42.3326 15.31
      vertex 87.3866 42.4194 4.3
      vertex 87.2106 42.3326 4.3
    endloop
  endfacet
  facet normal 0.0653156 -0.997865 0
    outer loop
      vertex 89.3 32.8 4.3
      vertex 89.7568 32.8299 15.31
      vertex 89.3 32.8 15.31
    endloop
  endfacet
  facet normal 0.0653156 -0.997865 0
    outer loop
      vertex 89.7568 32.8299 15.31
      vertex 89.3 32.8 4.3
      vertex 89.7568 32.8299 4.3
    endloop
  endfacet
  facet normal -0.751791 0.659401 0
    outer loop
      vertex 85.3332 40.8438 4.3
      vertex 85.6351 41.188 15.31
      vertex 85.6351 41.188 4.3
    endloop
  endfacet
  facet normal -0.751791 0.659401 0
    outer loop
      vertex 85.6351 41.188 15.31
      vertex 85.3332 40.8438 4.3
      vertex 85.3332 40.8438 15.31
    endloop
  endfacet
  facet normal 0.831422 -0.555641 0
    outer loop
      vertex 93.2668 34.7562 15.31
      vertex 93.3758 34.9193 4.3
      vertex 93.3758 34.9193 15.31
    endloop
  endfacet
  facet normal 0.831422 -0.555641 0
    outer loop
      vertex 93.3758 34.9193 4.3
      vertex 93.2668 34.7562 15.31
      vertex 93.2668 34.7562 4.3
    endloop
  endfacet
  facet normal 0.997837 -0.065741 0
    outer loop
      vertex 94.2572 37.1474 15.31
      vertex 94.2701 37.3432 4.3
      vertex 94.2701 37.3432 15.31
    endloop
  endfacet
  facet normal 0.997837 -0.065741 0
    outer loop
      vertex 94.2701 37.3432 4.3
      vertex 94.2572 37.1474 15.31
      vertex 94.2572 37.1474 4.3
    endloop
  endfacet
  facet normal -0.321117 0.94704 0
    outer loop
      vertex 88.0059 42.6296 4.3
      vertex 87.8201 42.5666 15.31
      vertex 88.0059 42.6296 15.31
    endloop
  endfacet
  facet normal -0.321117 0.94704 0
    outer loop
      vertex 87.8201 42.5666 15.31
      vertex 88.0059 42.6296 4.3
      vertex 87.8201 42.5666 4.3
    endloop
  endfacet
  facet normal 0 0 -1
    outer loop
      vertex 164.75 6.35 -3
      vertex 168.35 6.25001 -3
      vertex 168.331 5.95843 -3
    endloop
  endfacet
  facet normal 0 0 -1
    outer loop
      vertex 168.35 6.25001 -3
      vertex 164.75 6.35 -3
      vertex 168.35 69.35 -3
    endloop
  endfacet
  facet normal 0 0 -1
    outer loop
      vertex 164.737 6.15421 -3
      vertex 168.331 5.95843 -3
      vertex 168.32 5.79316 -3
    endloop
  endfacet
  facet normal 0 0 -1
    outer loop
      vertex 164.75 69.25 -3
      vertex 168.35 69.35 -3
      vertex 164.75 6.35 -3
    endloop
  endfacet
  facet normal 0 0 -1
    outer loop
      vertex 168.269 5.40493 -3
      vertex 168.32 5.79316 -3
      vertex 168.307 5.59737 -3
    endloop
  endfacet
  facet normal -0 0 -1
    outer loop
      vertex 168.35 69.35 -3
      vertex 164.75 69.25 -3
      vertex 168.331 69.6416 -3
    endloop
  endfacet
  facet normal -0 0 -1
    outer loop
      vertex 168.32 5.79316 -3
      vertex 168.269 5.40493 -3
      vertex 164.737 6.15421 -3
    endloop
  endfacet
  facet normal 0 0 -1
    outer loop
      vertex 164.737 69.4458 -3
      vertex 168.331 69.6416 -3
      vertex 164.75 69.25 -3
    endloop
  endfacet
  facet normal 0 0 -1
    outer loop
      vertex 164.699 5.96177 -3
      vertex 168.269 5.40493 -3
      vertex 168.225 5.18532 -3
    endloop
  endfacet
  facet normal -0 0 -1
    outer loop
      vertex 168.331 69.6416 -3
      vertex 164.737 69.4458 -3
      vertex 168.32 69.8068 -3
    endloop
  endfacet
  facet normal 0 0 -1
    outer loop
      vertex 168.131 4.81372 -3
      vertex 168.225 5.18532 -3
      vertex 168.18 4.95591 -3
    endloop
  endfacet
  facet normal 0 -0 -1
    outer loop
      vertex 168.269 70.1951 -3
      vertex 168.32 69.8068 -3
      vertex 164.737 69.4458 -3
    endloop
  endfacet
  facet normal -0 0 -1
    outer loop
      vertex 168.225 5.18532 -3
      vertex 168.131 4.81372 -3
      vertex 164.699 5.96177 -3
    endloop
  endfacet
  facet normal 0 0 -1
    outer loop
      vertex 168.32 69.8068 -3
      vertex 168.269 70.1951 -3
      vertex 168.307 70.0026 -3
    endloop
  endfacet
  facet normal 0 0 -1
    outer loop
      vertex 164.636 5.77597 -3
      vertex 168.131 4.81372 -3
      vertex 168.032 4.5224 -3
    endloop
  endfacet
  facet normal 0 0 -1
    outer loop
      vertex 164.699 69.6382 -3
      vertex 168.269 70.1951 -3
      vertex 164.737 69.4458 -3
    endloop
  endfacet
  facet normal 0 0 -1
    outer loop
      vertex 167.883 4.16063 -3
      vertex 168.032 4.5224 -3
      vertex 167.969 4.3366 -3
    endloop
  endfacet
  facet normal -0 0 -1
    outer loop
      vertex 168.269 70.1951 -3
      vertex 164.699 69.6382 -3
      vertex 168.225 70.4147 -3
    endloop
  endfacet
  facet normal -0 0 -1
    outer loop
      vertex 168.032 4.5224 -3
      vertex 167.883 4.16063 -3
      vertex 164.636 5.77597 -3
    endloop
  endfacet
  facet normal 0 -0 -1
    outer loop
      vertex 168.131 70.7863 -3
      vertex 168.225 70.4147 -3
      vertex 164.699 69.6382 -3
    endloop
  endfacet
  facet normal 0 0 -1
    outer loop
      vertex 164.636 5.77597 -3
      vertex 167.883 4.16063 -3
      vertex 167.853 4.1 -3
    endloop
  endfacet
  facet normal 0 0 -1
    outer loop
      vertex 168.225 70.4147 -3
      vertex 168.131 70.7863 -3
      vertex 168.18 70.6441 -3
    endloop
  endfacet
  facet normal 0 0 -1
    outer loop
      vertex 164.549 5.6 -3
      vertex 167.853 4.1 -3
      vertex 167.698 3.78688 -3
    endloop
  endfacet
  facet normal 0 0 -1
    outer loop
      vertex 164.636 69.824 -3
      vertex 168.131 70.7863 -3
      vertex 164.699 69.6382 -3
    endloop
  endfacet
  facet normal 0 0 -1
    outer loop
      vertex 167.499 3.47868 -3
      vertex 167.698 3.78688 -3
      vertex 167.68 3.75001 -3
    endloop
  endfacet
  facet normal -0 0 -1
    outer loop
      vertex 168.131 70.7863 -3
      vertex 164.636 69.824 -3
      vertex 168.032 71.0776 -3
    endloop
  endfacet
  facet normal -0 0 -1
    outer loop
      vertex 167.698 3.78688 -3
      vertex 167.499 3.47868 -3
      vertex 164.549 5.6 -3
    endloop
  endfacet
  facet normal 0 -0 -1
    outer loop
      vertex 167.883 71.4394 -3
      vertex 168.032 71.0776 -3
      vertex 164.636 69.824 -3
    endloop
  endfacet
  facet normal 0 0 -1
    outer loop
      vertex 164.44 5.43686 -3
      vertex 167.499 3.47868 -3
      vertex 167.426 3.36935 -3
    endloop
  endfacet
  facet normal 0 0 -1
    outer loop
      vertex 168.032 71.0776 -3
      vertex 167.883 71.4394 -3
      vertex 167.969 71.2634 -3
    endloop
  endfacet
  facet normal 0 0 -1
    outer loop
      vertex 167.187 3.05869 -3
      vertex 167.426 3.36935 -3
      vertex 167.317 3.20621 -3
    endloop
  endfacet
  facet normal -0 0 -1
    outer loop
      vertex 167.883 71.4394 -3
      vertex 164.636 69.824 -3
      vertex 167.853 71.5 -3
    endloop
  endfacet
  facet normal -0 0 -1
    outer loop
      vertex 167.426 3.36935 -3
      vertex 167.187 3.05869 -3
      vertex 164.44 5.43686 -3
    endloop
  endfacet
  facet normal 0 0 -1
    outer loop
      vertex 164.549 70 -3
      vertex 167.853 71.5 -3
      vertex 164.636 69.824 -3
    endloop
  endfacet
  facet normal 0 0 -1
    outer loop
      vertex 164.44 5.43686 -3
      vertex 167.187 3.05869 -3
      vertex 167.056 2.90928 -3
    endloop
  endfacet
  facet normal -0 0 -1
    outer loop
      vertex 167.853 71.5 -3
      vertex 164.549 70 -3
      vertex 167.698 71.8131 -3
    endloop
  endfacet
  facet normal 0 0 -1
    outer loop
      vertex 166.859 2.69126 -3
      vertex 167.056 2.90928 -3
      vertex 166.886 2.71448 -3
    endloop
  endfacet
  facet normal 0 -0 -1
    outer loop
      vertex 167.499 72.1213 -3
      vertex 167.698 71.8131 -3
      vertex 164.549 70 -3
    endloop
  endfacet
  facet normal -0 0 -1
    outer loop
      vertex 167.056 2.90928 -3
      vertex 166.859 2.69126 -3
      vertex 164.311 5.28934 -3
    endloop
  endfacet
  facet normal 0 0 -1
    outer loop
      vertex 167.698 71.8131 -3
      vertex 167.499 72.1213 -3
      vertex 167.68 71.85 -3
    endloop
  endfacet
  facet normal 0 0 -1
    outer loop
      vertex 164.311 5.28934 -3
      vertex 166.859 2.69126 -3
      vertex 166.661 2.51771 -3
    endloop
  endfacet
  facet normal 0 0 -1
    outer loop
      vertex 164.44 70.1631 -3
      vertex 167.499 72.1213 -3
      vertex 164.549 70 -3
    endloop
  endfacet
  facet normal 0 0 -1
    outer loop
      vertex 164.163 5.15997 -3
      vertex 166.661 2.51771 -3
      vertex 166.541 2.41262 -3
    endloop
  endfacet
  facet normal -0 0 -1
    outer loop
      vertex 167.499 72.1213 -3
      vertex 164.44 70.1631 -3
      vertex 167.426 72.2307 -3
    endloop
  endfacet
  facet normal 0 0 -1
    outer loop
      vertex 166.231 2.17424 -3
      vertex 166.541 2.41262 -3
      vertex 166.394 2.28325 -3
    endloop
  endfacet
  facet normal 0 -0 -1
    outer loop
      vertex 167.187 72.5413 -3
      vertex 167.426 72.2307 -3
      vertex 164.44 70.1631 -3
    endloop
  endfacet
  facet normal -0 0 -1
    outer loop
      vertex 166.541 2.41262 -3
      vertex 166.231 2.17424 -3
      vertex 164.163 5.15997 -3
    endloop
  endfacet
  facet normal 0 0 -1
    outer loop
      vertex 167.426 72.2307 -3
      vertex 167.187 72.5413 -3
      vertex 167.317 72.3938 -3
    endloop
  endfacet
  facet normal 0 0 -1
    outer loop
      vertex 164.163 5.15997 -3
      vertex 166.231 2.17424 -3
      vertex 166.199 2.15318 -3
    endloop
  endfacet
  facet normal -0 0 -1
    outer loop
      vertex 167.187 72.5413 -3
      vertex 164.44 70.1631 -3
      vertex 167.056 72.6907 -3
    endloop
  endfacet
  facet normal 0 0 -1
    outer loop
      vertex 164.163 5.15997 -3
      vertex 166.199 2.15318 -3
      vertex 166.095 2.08384 -3
    endloop
  endfacet
  facet normal 0 0 -1
    outer loop
      vertex 164.311 70.3107 -3
      vertex 167.056 72.6907 -3
      vertex 164.44 70.1631 -3
    endloop
  endfacet
  facet normal 0 0 -1
    outer loop
      vertex 164 5.05096 -3
      vertex 166.095 2.08384 -3
      vertex 166.046 2.05096 -3
    endloop
  endfacet
  facet normal 0 -0 -1
    outer loop
      vertex 166.859 72.9087 -3
      vertex 167.056 72.6907 -3
      vertex 164.311 70.3107 -3
    endloop
  endfacet
  facet normal 0 0 -1
    outer loop
      vertex 164 5.05096 -3
      vertex 166.046 2.05096 -3
      vertex 165.85 1.91989 -3
    endloop
  endfacet
  facet normal 0 0 -1
    outer loop
      vertex 167.056 72.6907 -3
      vertex 166.859 72.9087 -3
      vertex 166.886 72.8855 -3
    endloop
  endfacet
  facet normal 0 0 -1
    outer loop
      vertex 164 5.05096 -3
      vertex 165.85 1.91989 -3
      vertex 165.439 1.71739 -3
    endloop
  endfacet
  facet normal -0 0 -1
    outer loop
      vertex 166.859 72.9087 -3
      vertex 164.311 70.3107 -3
      vertex 166.661 73.0823 -3
    endloop
  endfacet
  facet normal 0 0 -1
    outer loop
      vertex 165.078 1.56754 -3
      vertex 165.439 1.71739 -3
      vertex 165.263 1.63061 -3
    endloop
  endfacet
  facet normal 0 0 -1
    outer loop
      vertex 164.163 70.44 -3
      vertex 166.661 73.0823 -3
      vertex 164.311 70.3107 -3
    endloop
  endfacet
  facet normal -0 0 -1
    outer loop
      vertex 165.439 1.71739 -3
      vertex 165.078 1.56754 -3
      vertex 163.824 4.96418 -3
    endloop
  endfacet
  facet normal -0 0 -1
    outer loop
      vertex 166.661 73.0823 -3
      vertex 164.163 70.44 -3
      vertex 166.541 73.1874 -3
    endloop
  endfacet
  facet normal 0 -0 -1
    outer loop
      vertex 166.231 73.4258 -3
      vertex 166.541 73.1874 -3
      vertex 164.163 70.44 -3
    endloop
  endfacet
  facet normal 0 0 -1
    outer loop
      vertex 168.331 5.95843 -3
      vertex 164.737 6.15421 -3
      vertex 164.75 6.35 -3
    endloop
  endfacet
  facet normal 0 0 -1
    outer loop
      vertex 168.269 5.40493 -3
      vertex 164.699 5.96177 -3
      vertex 164.737 6.15421 -3
    endloop
  endfacet
  facet normal 0 0 -1
    outer loop
      vertex 163.638 4.90111 -3
      vertex 165.078 1.56754 -3
      vertex 164.644 1.42039 -3
    endloop
  endfacet
  facet normal 0 0 -1
    outer loop
      vertex 168.131 4.81372 -3
      vertex 164.636 5.77597 -3
      vertex 164.699 5.96177 -3
    endloop
  endfacet
  facet normal 0 0 -1
    outer loop
      vertex 167.853 4.1 -3
      vertex 164.549 5.6 -3
      vertex 164.636 5.77597 -3
    endloop
  endfacet
  facet normal 0 0 -1
    outer loop
      vertex 167.499 3.47868 -3
      vertex 164.44 5.43686 -3
      vertex 164.549 5.6 -3
    endloop
  endfacet
  facet normal 0 0 -1
    outer loop
      vertex 167.056 2.90928 -3
      vertex 164.311 5.28934 -3
      vertex 164.44 5.43686 -3
    endloop
  endfacet
  facet normal 0 0 -1
    outer loop
      vertex 163.638 4.90111 -3
      vertex 164.644 1.42039 -3
      vertex 164.195 1.33106 -3
    endloop
  endfacet
  facet normal 0 0 -1
    outer loop
      vertex 166.661 2.51771 -3
      vertex 164.163 5.15997 -3
      vertex 164.311 5.28934 -3
    endloop
  endfacet
  facet normal 0 0 -1
    outer loop
      vertex 163.807 1.27995 -3
      vertex 164.195 1.33106 -3
      vertex 164.003 1.29278 -3
    endloop
  endfacet
  facet normal 0 0 -1
    outer loop
      vertex 166.095 2.08384 -3
      vertex 164 5.05096 -3
      vertex 164.163 5.15997 -3
    endloop
  endfacet
  facet normal 0 0 -1
    outer loop
      vertex 165.439 1.71739 -3
      vertex 163.824 4.96418 -3
      vertex 164 5.05096 -3
    endloop
  endfacet
  facet normal -0 0 -1
    outer loop
      vertex 164.195 1.33106 -3
      vertex 163.807 1.27995 -3
      vertex 163.446 4.86283 -3
    endloop
  endfacet
  facet normal 0 0 -1
    outer loop
      vertex 165.078 1.56754 -3
      vertex 163.638 4.90111 -3
      vertex 163.824 4.96418 -3
    endloop
  endfacet
  facet normal 0 0 -1
    outer loop
      vertex 164.195 1.33106 -3
      vertex 163.446 4.86283 -3
      vertex 163.638 4.90111 -3
    endloop
  endfacet
  facet normal 0 0 -1
    outer loop
      vertex 163.35 1.25001 -3
      vertex 163.446 4.86283 -3
      vertex 163.807 1.27995 -3
    endloop
  endfacet
  facet normal 0 0 -1
    outer loop
      vertex 163.35 1.25001 -3
      vertex 163.25 4.85 -3
      vertex 163.446 4.86283 -3
    endloop
  endfacet
  facet normal 0 0 -1
    outer loop
      vertex 163.35 1.25001 -3
      vertex 6.35 4.85 -3
      vertex 163.25 4.85 -3
    endloop
  endfacet
  facet normal 0 0 -1
    outer loop
      vertex 6.25001 1.25001 -3
      vertex 6.35 4.85 -3
      vertex 163.35 1.25001 -3
    endloop
  endfacet
  facet normal 0 0 -1
    outer loop
      vertex 6.25001 1.25001 -3
      vertex 6.15421 4.86283 -3
      vertex 6.35 4.85 -3
    endloop
  endfacet
  facet normal 0 0 -1
    outer loop
      vertex 5.79316 1.27995 -3
      vertex 6.15421 4.86283 -3
      vertex 6.25001 1.25001 -3
    endloop
  endfacet
  facet normal 0 0 -1
    outer loop
      vertex 5.40493 1.33106 -3
      vertex 6.15421 4.86283 -3
      vertex 5.79316 1.27995 -3
    endloop
  endfacet
  facet normal -0 0 -1
    outer loop
      vertex 6.15421 4.86283 -3
      vertex 5.40493 1.33106 -3
      vertex 5.96177 4.90111 -3
    endloop
  endfacet
  facet normal 0 0 -1
    outer loop
      vertex 4.95591 1.42039 -3
      vertex 5.96177 4.90111 -3
      vertex 5.40493 1.33106 -3
    endloop
  endfacet
  facet normal 0 0 -1
    outer loop
      vertex 5.40493 1.33106 -3
      vertex 5.79316 1.27995 -3
      vertex 5.59737 1.29278 -3
    endloop
  endfacet
  facet normal 0 0 -1
    outer loop
      vertex 4.5224 1.56754 -3
      vertex 5.96177 4.90111 -3
      vertex 4.95591 1.42039 -3
    endloop
  endfacet
  facet normal -0 0 -1
    outer loop
      vertex 5.96177 4.90111 -3
      vertex 4.5224 1.56754 -3
      vertex 5.77597 4.96418 -3
    endloop
  endfacet
  facet normal 0 0 -1
    outer loop
      vertex 4.16063 1.71739 -3
      vertex 5.77597 4.96418 -3
      vertex 4.5224 1.56754 -3
    endloop
  endfacet
  facet normal -0 0 -1
    outer loop
      vertex 5.77597 4.96418 -3
      vertex 4.16063 1.71739 -3
      vertex 5.6 5.05096 -3
    endloop
  endfacet
  facet normal 0 0 -1
    outer loop
      vertex 3.75001 1.91989 -3
      vertex 5.6 5.05096 -3
      vertex 4.16063 1.71739 -3
    endloop
  endfacet
  facet normal 0 0 -1
    outer loop
      vertex 3.55385 2.05096 -3
      vertex 5.6 5.05096 -3
      vertex 3.75001 1.91989 -3
    endloop
  endfacet
  facet normal 0 0 -1
    outer loop
      vertex 3.50464 2.08384 -3
      vertex 5.6 5.05096 -3
      vertex 3.55385 2.05096 -3
    endloop
  endfacet
  facet normal -0 0 -1
    outer loop
      vertex 5.6 5.05096 -3
      vertex 3.50464 2.08384 -3
      vertex 5.43686 5.15997 -3
    endloop
  endfacet
  facet normal 0 0 -1
    outer loop
      vertex 3.40086 2.15318 -3
      vertex 5.43686 5.15997 -3
      vertex 3.50464 2.08384 -3
    endloop
  endfacet
  facet normal 0 0 -1
    outer loop
      vertex 3.36935 2.17424 -3
      vertex 5.43686 5.15997 -3
      vertex 3.40086 2.15318 -3
    endloop
  endfacet
  facet normal 0 0 -1
    outer loop
      vertex 2.93886 2.51771 -3
      vertex 5.43686 5.15997 -3
      vertex 3.05869 2.41262 -3
    endloop
  endfacet
  facet normal 0 0 -1
    outer loop
      vertex 3.05869 2.41262 -3
      vertex 5.43686 5.15997 -3
      vertex 3.36935 2.17424 -3
    endloop
  endfacet
  facet normal 0 0 -1
    outer loop
      vertex 166.541 73.1874 -3
      vertex 166.231 73.4258 -3
      vertex 166.394 73.3167 -3
    endloop
  endfacet
  facet normal -0 0 -1
    outer loop
      vertex 166.231 73.4258 -3
      vertex 164.163 70.44 -3
      vertex 166.199 73.4468 -3
    endloop
  endfacet
  facet normal -0 0 -1
    outer loop
      vertex 166.199 73.4468 -3
      vertex 164.163 70.44 -3
      vertex 166.095 73.5162 -3
    endloop
  endfacet
  facet normal 0 0 -1
    outer loop
      vertex 164 70.549 -3
      vertex 166.095 73.5162 -3
      vertex 164.163 70.44 -3
    endloop
  endfacet
  facet normal -0 0 -1
    outer loop
      vertex 166.095 73.5162 -3
      vertex 164 70.549 -3
      vertex 166.046 73.549 -3
    endloop
  endfacet
  facet normal -0 0 -1
    outer loop
      vertex 166.046 73.549 -3
      vertex 164 70.549 -3
      vertex 165.85 73.6801 -3
    endloop
  endfacet
  facet normal -0 0 -1
    outer loop
      vertex 165.85 73.6801 -3
      vertex 164 70.549 -3
      vertex 165.439 73.8826 -3
    endloop
  endfacet
  facet normal 0 0 -1
    outer loop
      vertex 163.824 70.6358 -3
      vertex 165.439 73.8826 -3
      vertex 164 70.549 -3
    endloop
  endfacet
  facet normal 0 -0 -1
    outer loop
      vertex 165.078 74.0325 -3
      vertex 165.439 73.8826 -3
      vertex 163.824 70.6358 -3
    endloop
  endfacet
  facet normal 0 0 -1
    outer loop
      vertex 165.439 73.8826 -3
      vertex 165.078 74.0325 -3
      vertex 165.263 73.9694 -3
    endloop
  endfacet
  facet normal 0 0 -1
    outer loop
      vertex 163.638 70.6989 -3
      vertex 165.078 74.0325 -3
      vertex 163.824 70.6358 -3
    endloop
  endfacet
  facet normal -0 0 -1
    outer loop
      vertex 165.078 74.0325 -3
      vertex 163.638 70.6989 -3
      vertex 164.644 74.1796 -3
    endloop
  endfacet
  facet normal -0 0 -1
    outer loop
      vertex 164.644 74.1796 -3
      vertex 163.638 70.6989 -3
      vertex 164.195 74.2689 -3
    endloop
  endfacet
  facet normal 0 0 -1
    outer loop
      vertex 163.446 70.7372 -3
      vertex 164.195 74.2689 -3
      vertex 163.638 70.6989 -3
    endloop
  endfacet
  facet normal 0 -0 -1
    outer loop
      vertex 163.807 74.3201 -3
      vertex 164.195 74.2689 -3
      vertex 163.446 70.7372 -3
    endloop
  endfacet
  facet normal 0 0 -1
    outer loop
      vertex 164.195 74.2689 -3
      vertex 163.807 74.3201 -3
      vertex 164.003 74.3072 -3
    endloop
  endfacet
  facet normal 0 0 -1
    outer loop
      vertex 163.446 70.7372 -3
      vertex 163.35 74.35 -3
      vertex 163.807 74.3201 -3
    endloop
  endfacet
  facet normal 0 0 -1
    outer loop
      vertex 163.25 70.75 -3
      vertex 163.35 74.35 -3
      vertex 163.446 70.7372 -3
    endloop
  endfacet
  facet normal 0 0 -1
    outer loop
      vertex 6.35 70.75 -3
      vertex 163.35 74.35 -3
      vertex 163.25 70.75 -3
    endloop
  endfacet
  facet normal 0 0 -1
    outer loop
      vertex 6.35 70.75 -3
      vertex 6.25001 74.35 -3
      vertex 163.35 74.35 -3
    endloop
  endfacet
  facet normal 0 0 -1
    outer loop
      vertex 6.15421 70.7372 -3
      vertex 6.25001 74.35 -3
      vertex 6.35 70.75 -3
    endloop
  endfacet
  facet normal 0 0 -1
    outer loop
      vertex 5.40493 74.2689 -3
      vertex 6.15421 70.7372 -3
      vertex 5.96177 70.6989 -3
    endloop
  endfacet
  facet normal 0 0 -1
    outer loop
      vertex 6.15421 70.7372 -3
      vertex 5.79316 74.3201 -3
      vertex 6.25001 74.35 -3
    endloop
  endfacet
  facet normal 0 0 -1
    outer loop
      vertex 4.5224 74.0325 -3
      vertex 5.96177 70.6989 -3
      vertex 5.77597 70.6358 -3
    endloop
  endfacet
  facet normal 0 0 -1
    outer loop
      vertex 4.16063 73.8826 -3
      vertex 5.77597 70.6358 -3
      vertex 5.6 70.549 -3
    endloop
  endfacet
  facet normal 0 0 -1
    outer loop
      vertex 6.15421 70.7372 -3
      vertex 5.40493 74.2689 -3
      vertex 5.79316 74.3201 -3
    endloop
  endfacet
  facet normal 0 0 -1
    outer loop
      vertex 3.50464 73.5162 -3
      vertex 5.6 70.549 -3
      vertex 5.43686 70.44 -3
    endloop
  endfacet
  facet normal 0 0 -1
    outer loop
      vertex 5.79316 74.3201 -3
      vertex 5.40493 74.2689 -3
      vertex 5.59737 74.3072 -3
    endloop
  endfacet
  facet normal 0 0 -1
    outer loop
      vertex 2.93886 73.0823 -3
      vertex 5.43686 70.44 -3
      vertex 5.28934 70.3107 -3
    endloop
  endfacet
  facet normal 0 0 -1
    outer loop
      vertex 2.54365 72.6907 -3
      vertex 5.28934 70.3107 -3
      vertex 5.15997 70.1631 -3
    endloop
  endfacet
  facet normal 0 0 -1
    outer loop
      vertex 2.10119 72.1213 -3
      vertex 5.15997 70.1631 -3
      vertex 5.05096 70 -3
    endloop
  endfacet
  facet normal 0 0 -1
    outer loop
      vertex 1.74729 71.5 -3
      vertex 5.05096 70 -3
      vertex 4.96418 69.824 -3
    endloop
  endfacet
  facet normal 0 0 -1
    outer loop
      vertex 5.96177 70.6989 -3
      vertex 4.95591 74.1796 -3
      vertex 5.40493 74.2689 -3
    endloop
  endfacet
  facet normal 0 0 -1
    outer loop
      vertex 1.46865 70.7863 -3
      vertex 4.96418 69.824 -3
      vertex 4.90111 69.6382 -3
    endloop
  endfacet
  facet normal 0 0 -1
    outer loop
      vertex 1.33106 70.1951 -3
      vertex 4.90111 69.6382 -3
      vertex 4.86283 69.4458 -3
    endloop
  endfacet
  facet normal 0 0 -1
    outer loop
      vertex 1.26912 69.6416 -3
      vertex 4.86283 69.4458 -3
      vertex 4.85 69.25 -3
    endloop
  endfacet
  facet normal 0 0 -1
    outer loop
      vertex 5.96177 70.6989 -3
      vertex 4.5224 74.0325 -3
      vertex 4.95591 74.1796 -3
    endloop
  endfacet
  facet normal -0 0 -1
    outer loop
      vertex 4.85 6.35 -3
      vertex 1.25001 6.25001 -3
      vertex 4.85 69.25 -3
    endloop
  endfacet
  facet normal 0 0 -1
    outer loop
      vertex 4.16063 1.71739 -3
      vertex 4.5224 1.56754 -3
      vertex 4.3366 1.63061 -3
    endloop
  endfacet
  facet normal 0 0 -1
    outer loop
      vertex 1.25001 69.35 -3
      vertex 4.85 69.25 -3
      vertex 1.25001 6.25001 -3
    endloop
  endfacet
  facet normal -0 0 -1
    outer loop
      vertex 5.43686 5.15997 -3
      vertex 2.93886 2.51771 -3
      vertex 5.28934 5.28934 -3
    endloop
  endfacet
  facet normal 0 -0 -1
    outer loop
      vertex 1.26912 69.6416 -3
      vertex 4.85 69.25 -3
      vertex 1.25001 69.35 -3
    endloop
  endfacet
  facet normal 0 0 -1
    outer loop
      vertex 2.74096 2.69126 -3
      vertex 5.28934 5.28934 -3
      vertex 2.93886 2.51771 -3
    endloop
  endfacet
  facet normal 0 0 -1
    outer loop
      vertex 4.86283 69.4458 -3
      vertex 1.26912 69.6416 -3
      vertex 1.27995 69.8068 -3
    endloop
  endfacet
  facet normal 0 0 -1
    outer loop
      vertex 2.54365 2.90928 -3
      vertex 5.28934 5.28934 -3
      vertex 2.74096 2.69126 -3
    endloop
  endfacet
  facet normal 0 0 -1
    outer loop
      vertex 4.5224 74.0325 -3
      vertex 4.16063 73.8826 -3
      vertex 4.3366 73.9694 -3
    endloop
  endfacet
  facet normal -0 0 -1
    outer loop
      vertex 5.28934 5.28934 -3
      vertex 2.54365 2.90928 -3
      vertex 5.15997 5.43686 -3
    endloop
  endfacet
  facet normal 0 0 -1
    outer loop
      vertex 5.77597 70.6358 -3
      vertex 4.16063 73.8826 -3
      vertex 4.5224 74.0325 -3
    endloop
  endfacet
  facet normal 0 0 -1
    outer loop
      vertex 2.41262 3.05869 -3
      vertex 5.15997 5.43686 -3
      vertex 2.54365 2.90928 -3
    endloop
  endfacet
  facet normal 0 0 -1
    outer loop
      vertex 5.6 70.549 -3
      vertex 3.75001 73.6801 -3
      vertex 4.16063 73.8826 -3
    endloop
  endfacet
  facet normal 0 0 -1
    outer loop
      vertex 2.17424 3.36935 -3
      vertex 5.15997 5.43686 -3
      vertex 2.41262 3.05869 -3
    endloop
  endfacet
  facet normal 0 0 -1
    outer loop
      vertex 5.6 70.549 -3
      vertex 3.50464 73.5162 -3
      vertex 3.55385 73.549 -3
    endloop
  endfacet
  facet normal 0 0 -1
    outer loop
      vertex 3.05869 2.41262 -3
      vertex 3.36935 2.17424 -3
      vertex 3.20621 2.28325 -3
    endloop
  endfacet
  facet normal 0 0 -1
    outer loop
      vertex 5.6 70.549 -3
      vertex 3.55385 73.549 -3
      vertex 3.75001 73.6801 -3
    endloop
  endfacet
  facet normal 0 0 -1
    outer loop
      vertex 2.10119 3.47868 -3
      vertex 5.15997 5.43686 -3
      vertex 2.17424 3.36935 -3
    endloop
  endfacet
  facet normal 0 0 -1
    outer loop
      vertex 5.43686 70.44 -3
      vertex 3.40086 73.4468 -3
      vertex 3.50464 73.5162 -3
    endloop
  endfacet
  facet normal -0 0 -1
    outer loop
      vertex 5.15997 5.43686 -3
      vertex 2.10119 3.47868 -3
      vertex 5.05096 5.6 -3
    endloop
  endfacet
  facet normal 0 0 -1
    outer loop
      vertex 5.43686 70.44 -3
      vertex 2.93886 73.0823 -3
      vertex 3.05869 73.1874 -3
    endloop
  endfacet
  facet normal 0 0 -1
    outer loop
      vertex 1.9082 3.77372 -3
      vertex 5.05096 5.6 -3
      vertex 2.10119 3.47868 -3
    endloop
  endfacet
  facet normal 0 0 -1
    outer loop
      vertex 3.36935 73.4258 -3
      vertex 3.05869 73.1874 -3
      vertex 3.20621 73.3167 -3
    endloop
  endfacet
  facet normal 0 0 -1
    outer loop
      vertex 2.54365 2.90928 -3
      vertex 2.74096 2.69126 -3
      vertex 2.71448 2.71448 -3
    endloop
  endfacet
  facet normal 0 0 -1
    outer loop
      vertex 5.43686 70.44 -3
      vertex 3.05869 73.1874 -3
      vertex 3.36935 73.4258 -3
    endloop
  endfacet
  facet normal 0 0 -1
    outer loop
      vertex 1.74729 4.1 -3
      vertex 5.05096 5.6 -3
      vertex 1.9082 3.77372 -3
    endloop
  endfacet
  facet normal 0 0 -1
    outer loop
      vertex 5.43686 70.44 -3
      vertex 3.36935 73.4258 -3
      vertex 3.40086 73.4468 -3
    endloop
  endfacet
  facet normal -0 0 -1
    outer loop
      vertex 5.05096 5.6 -3
      vertex 1.74729 4.1 -3
      vertex 4.96418 5.77597 -3
    endloop
  endfacet
  facet normal 0 0 -1
    outer loop
      vertex 5.28934 70.3107 -3
      vertex 2.74096 72.9087 -3
      vertex 2.93886 73.0823 -3
    endloop
  endfacet
  facet normal 0 0 -1
    outer loop
      vertex 2.17424 3.36935 -3
      vertex 2.41262 3.05869 -3
      vertex 2.28325 3.20621 -3
    endloop
  endfacet
  facet normal 0 0 -1
    outer loop
      vertex 2.74096 72.9087 -3
      vertex 2.54365 72.6907 -3
      vertex 2.71448 72.8855 -3
    endloop
  endfacet
  facet normal 0 0 -1
    outer loop
      vertex 1.71739 4.16063 -3
      vertex 4.96418 5.77597 -3
      vertex 1.74729 4.1 -3
    endloop
  endfacet
  facet normal 0 0 -1
    outer loop
      vertex 5.28934 70.3107 -3
      vertex 2.54365 72.6907 -3
      vertex 2.74096 72.9087 -3
    endloop
  endfacet
  facet normal 0 0 -1
    outer loop
      vertex 1.56754 4.5224 -3
      vertex 4.96418 5.77597 -3
      vertex 1.71739 4.16063 -3
    endloop
  endfacet
  facet normal 0 0 -1
    outer loop
      vertex 5.15997 70.1631 -3
      vertex 2.41262 72.5413 -3
      vertex 2.54365 72.6907 -3
    endloop
  endfacet
  facet normal 0 0 -1
    outer loop
      vertex 1.9082 3.77372 -3
      vertex 2.10119 3.47868 -3
      vertex 1.91989 3.75001 -3
    endloop
  endfacet
  facet normal 0 0 -1
    outer loop
      vertex 2.41262 72.5413 -3
      vertex 2.17424 72.2307 -3
      vertex 2.28325 72.3938 -3
    endloop
  endfacet
  facet normal 0 0 -1
    outer loop
      vertex 1.46865 4.81372 -3
      vertex 4.96418 5.77597 -3
      vertex 1.56754 4.5224 -3
    endloop
  endfacet
  facet normal 0 0 -1
    outer loop
      vertex 5.15997 70.1631 -3
      vertex 2.10119 72.1213 -3
      vertex 2.17424 72.2307 -3
    endloop
  endfacet
  facet normal -0 0 -1
    outer loop
      vertex 4.96418 5.77597 -3
      vertex 1.46865 4.81372 -3
      vertex 4.90111 5.96177 -3
    endloop
  endfacet
  facet normal 0 0 -1
    outer loop
      vertex 5.15997 70.1631 -3
      vertex 2.17424 72.2307 -3
      vertex 2.41262 72.5413 -3
    endloop
  endfacet
  facet normal 0 0 -1
    outer loop
      vertex 1.37475 5.18532 -3
      vertex 4.90111 5.96177 -3
      vertex 1.46865 4.81372 -3
    endloop
  endfacet
  facet normal 0 0 -1
    outer loop
      vertex 2.10119 72.1213 -3
      vertex 1.9082 71.8263 -3
      vertex 1.91989 71.85 -3
    endloop
  endfacet
  facet normal 0 0 -1
    outer loop
      vertex 1.56754 4.5224 -3
      vertex 1.71739 4.16063 -3
      vertex 1.63061 4.3366 -3
    endloop
  endfacet
  facet normal 0 0 -1
    outer loop
      vertex 5.05096 70 -3
      vertex 1.74729 71.5 -3
      vertex 1.9082 71.8263 -3
    endloop
  endfacet
  facet normal 0 0 -1
    outer loop
      vertex 1.33106 5.40493 -3
      vertex 4.90111 5.96177 -3
      vertex 1.37475 5.18532 -3
    endloop
  endfacet
  facet normal 0 0 -1
    outer loop
      vertex 5.05096 70 -3
      vertex 1.9082 71.8263 -3
      vertex 2.10119 72.1213 -3
    endloop
  endfacet
  facet normal -0 0 -1
    outer loop
      vertex 4.90111 5.96177 -3
      vertex 1.33106 5.40493 -3
      vertex 4.86283 6.15421 -3
    endloop
  endfacet
  facet normal 0 0 -1
    outer loop
      vertex 4.96418 69.824 -3
      vertex 1.56754 71.0776 -3
      vertex 1.71739 71.4394 -3
    endloop
  endfacet
  facet normal 0 0 -1
    outer loop
      vertex 1.37475 5.18532 -3
      vertex 1.46865 4.81372 -3
      vertex 1.42039 4.95591 -3
    endloop
  endfacet
  facet normal 0 0 -1
    outer loop
      vertex 1.71739 71.4394 -3
      vertex 1.56754 71.0776 -3
      vertex 1.63061 71.2634 -3
    endloop
  endfacet
  facet normal 0 0 -1
    outer loop
      vertex 1.27995 5.79316 -3
      vertex 4.86283 6.15421 -3
      vertex 1.33106 5.40493 -3
    endloop
  endfacet
  facet normal 0 0 -1
    outer loop
      vertex 4.96418 69.824 -3
      vertex 1.71739 71.4394 -3
      vertex 1.74729 71.5 -3
    endloop
  endfacet
  facet normal 0 0 -1
    outer loop
      vertex 1.26912 5.95843 -3
      vertex 4.86283 6.15421 -3
      vertex 1.27995 5.79316 -3
    endloop
  endfacet
  facet normal 0 0 -1
    outer loop
      vertex 4.90111 69.6382 -3
      vertex 1.37475 70.4147 -3
      vertex 1.46865 70.7863 -3
    endloop
  endfacet
  facet normal 0 0 -1
    outer loop
      vertex 1.27995 5.79316 -3
      vertex 1.33106 5.40493 -3
      vertex 1.29278 5.59737 -3
    endloop
  endfacet
  facet normal -0 0 -1
    outer loop
      vertex 4.86283 6.15421 -3
      vertex 1.26912 5.95843 -3
      vertex 4.85 6.35 -3
    endloop
  endfacet
  facet normal 0 0 -1
    outer loop
      vertex 4.85 6.35 -3
      vertex 1.26912 5.95843 -3
      vertex 1.25001 6.25001 -3
    endloop
  endfacet
  facet normal 0 0 -1
    outer loop
      vertex 1.33106 70.1951 -3
      vertex 1.27995 69.8068 -3
      vertex 1.29278 70.0026 -3
    endloop
  endfacet
  facet normal 0 0 -1
    outer loop
      vertex 1.46865 70.7863 -3
      vertex 1.37475 70.4147 -3
      vertex 1.42039 70.6441 -3
    endloop
  endfacet
  facet normal 0 0 -1
    outer loop
      vertex 4.86283 69.4458 -3
      vertex 1.27995 69.8068 -3
      vertex 1.33106 70.1951 -3
    endloop
  endfacet
  facet normal 0 0 -1
    outer loop
      vertex 4.96418 69.824 -3
      vertex 1.46865 70.7863 -3
      vertex 1.56754 71.0776 -3
    endloop
  endfacet
  facet normal 0 0 -1
    outer loop
      vertex 4.90111 69.6382 -3
      vertex 1.33106 70.1951 -3
      vertex 1.37475 70.4147 -3
    endloop
  endfacet
  facet normal 0 0 1
    outer loop
      vertex 164.75 69.25 1.51
      vertex 168.35 69.35 1.51
      vertex 168.331 69.6416 1.51
    endloop
  endfacet
  facet normal 0 0 1
    outer loop
      vertex 168.35 69.35 1.51
      vertex 164.75 69.25 1.51
      vertex 168.35 6.25001 1.51
    endloop
  endfacet
  facet normal 0 0 1
    outer loop
      vertex 164.737 69.4458 1.51
      vertex 168.331 69.6416 1.51
      vertex 168.32 69.8068 1.51
    endloop
  endfacet
  facet normal -0 0 1
    outer loop
      vertex 164.75 6.35001 1.51
      vertex 168.35 6.25001 1.51
      vertex 164.75 69.25 1.51
    endloop
  endfacet
  facet normal 0 0 1
    outer loop
      vertex 168.269 70.1951 1.51
      vertex 168.32 69.8068 1.51
      vertex 168.307 70.0026 1.51
    endloop
  endfacet
  facet normal 0 0 1
    outer loop
      vertex 168.35 6.25001 1.51
      vertex 164.75 6.35001 1.51
      vertex 168.331 5.95843 1.51
    endloop
  endfacet
  facet normal 0 0 1
    outer loop
      vertex 168.32 69.8068 1.51
      vertex 168.269 70.1951 1.51
      vertex 164.737 69.4458 1.51
    endloop
  endfacet
  facet normal -0 0 1
    outer loop
      vertex 164.743 6.25001 1.51
      vertex 168.331 5.95843 1.51
      vertex 164.75 6.35001 1.51
    endloop
  endfacet
  facet normal 0 0 1
    outer loop
      vertex 164.704 69.611 1.51
      vertex 168.269 70.1951 1.51
      vertex 168.225 70.4147 1.51
    endloop
  endfacet
  facet normal -0 0 1
    outer loop
      vertex 164.737 6.15421 1.51
      vertex 168.331 5.95843 1.51
      vertex 164.743 6.25001 1.51
    endloop
  endfacet
  facet normal 0 0 1
    outer loop
      vertex 168.131 70.7863 1.51
      vertex 168.225 70.4147 1.51
      vertex 168.18 70.6441 1.51
    endloop
  endfacet
  facet normal 0 0 1
    outer loop
      vertex 168.331 5.95843 1.51
      vertex 164.737 6.15421 1.51
      vertex 168.32 5.79316 1.51
    endloop
  endfacet
  facet normal 0 0 1
    outer loop
      vertex 168.225 70.4147 1.51
      vertex 168.131 70.7863 1.51
      vertex 164.699 69.6382 1.51
    endloop
  endfacet
  facet normal 0 -0 1
    outer loop
      vertex 168.269 5.40493 1.51
      vertex 168.32 5.79316 1.51
      vertex 164.737 6.15421 1.51
    endloop
  endfacet
  facet normal 0 0 1
    outer loop
      vertex 164.684 69.6818 1.51
      vertex 168.131 70.7863 1.51
      vertex 168.032 71.0776 1.51
    endloop
  endfacet
  facet normal 0 0 1
    outer loop
      vertex 168.32 5.79316 1.51
      vertex 168.269 5.40493 1.51
      vertex 168.307 5.59737 1.51
    endloop
  endfacet
  facet normal 0 0 1
    outer loop
      vertex 167.883 71.4394 1.51
      vertex 168.032 71.0776 1.51
      vertex 167.969 71.2634 1.51
    endloop
  endfacet
  facet normal -0 0 1
    outer loop
      vertex 164.704 5.98895 1.51
      vertex 168.269 5.40493 1.51
      vertex 164.737 6.15421 1.51
    endloop
  endfacet
  facet normal 0 0 1
    outer loop
      vertex 168.032 71.0776 1.51
      vertex 167.883 71.4394 1.51
      vertex 164.636 69.824 1.51
    endloop
  endfacet
  facet normal 0 0 1
    outer loop
      vertex 168.269 5.40493 1.51
      vertex 164.704 5.98895 1.51
      vertex 168.225 5.18532 1.51
    endloop
  endfacet
  facet normal 0 0 1
    outer loop
      vertex 164.636 69.824 1.51
      vertex 167.883 71.4394 1.51
      vertex 167.853 71.5 1.51
    endloop
  endfacet
  facet normal -0 0 1
    outer loop
      vertex 164.699 5.96177 1.51
      vertex 168.225 5.18532 1.51
      vertex 164.704 5.98895 1.51
    endloop
  endfacet
  facet normal 0 0 1
    outer loop
      vertex 164.549 70 1.51
      vertex 167.853 71.5 1.51
      vertex 167.698 71.8131 1.51
    endloop
  endfacet
  facet normal 0 -0 1
    outer loop
      vertex 168.131 4.81372 1.51
      vertex 168.225 5.18532 1.51
      vertex 164.699 5.96177 1.51
    endloop
  endfacet
  facet normal 0 0 1
    outer loop
      vertex 167.499 72.1213 1.51
      vertex 167.698 71.8131 1.51
      vertex 167.68 71.85 1.51
    endloop
  endfacet
  facet normal 0 0 1
    outer loop
      vertex 168.225 5.18532 1.51
      vertex 168.131 4.81372 1.51
      vertex 168.18 4.95591 1.51
    endloop
  endfacet
  facet normal 0 0 1
    outer loop
      vertex 167.698 71.8131 1.51
      vertex 167.499 72.1213 1.51
      vertex 164.549 70 1.51
    endloop
  endfacet
  facet normal -0 0 1
    outer loop
      vertex 164.684 5.91817 1.51
      vertex 168.131 4.81372 1.51
      vertex 164.699 5.96177 1.51
    endloop
  endfacet
  facet normal 0 0 1
    outer loop
      vertex 164.44 70.1631 1.51
      vertex 167.499 72.1213 1.51
      vertex 167.426 72.2307 1.51
    endloop
  endfacet
  facet normal 0 0 1
    outer loop
      vertex 168.131 4.81372 1.51
      vertex 164.684 5.91817 1.51
      vertex 168.032 4.5224 1.51
    endloop
  endfacet
  facet normal 0 0 1
    outer loop
      vertex 167.187 72.5413 1.51
      vertex 167.426 72.2307 1.51
      vertex 167.317 72.3938 1.51
    endloop
  endfacet
  facet normal -0 0 1
    outer loop
      vertex 164.636 5.77597 1.51
      vertex 168.032 4.5224 1.51
      vertex 164.684 5.91817 1.51
    endloop
  endfacet
  facet normal 0 0 1
    outer loop
      vertex 167.426 72.2307 1.51
      vertex 167.187 72.5413 1.51
      vertex 164.44 70.1631 1.51
    endloop
  endfacet
  facet normal 0 -0 1
    outer loop
      vertex 167.883 4.16063 1.51
      vertex 168.032 4.5224 1.51
      vertex 164.636 5.77597 1.51
    endloop
  endfacet
  facet normal 0 0 1
    outer loop
      vertex 164.419 70.1868 1.51
      vertex 167.187 72.5413 1.51
      vertex 167.056 72.6907 1.51
    endloop
  endfacet
  facet normal 0 0 1
    outer loop
      vertex 168.032 4.5224 1.51
      vertex 167.883 4.16063 1.51
      vertex 167.969 4.3366 1.51
    endloop
  endfacet
  facet normal 0 0 1
    outer loop
      vertex 166.859 72.9087 1.51
      vertex 167.056 72.6907 1.51
      vertex 166.886 72.8855 1.51
    endloop
  endfacet
  facet normal 0 0 1
    outer loop
      vertex 167.883 4.16063 1.51
      vertex 164.636 5.77597 1.51
      vertex 167.853 4.1 1.51
    endloop
  endfacet
  facet normal 0 0 1
    outer loop
      vertex 167.056 72.6907 1.51
      vertex 166.859 72.9087 1.51
      vertex 164.311 70.3107 1.51
    endloop
  endfacet
  facet normal -0 0 1
    outer loop
      vertex 164.549 5.6 1.51
      vertex 167.853 4.1 1.51
      vertex 164.636 5.77597 1.51
    endloop
  endfacet
  facet normal 0 0 1
    outer loop
      vertex 164.311 70.3107 1.51
      vertex 166.859 72.9087 1.51
      vertex 166.661 73.0823 1.51
    endloop
  endfacet
  facet normal 0 0 1
    outer loop
      vertex 167.853 4.1 1.51
      vertex 164.549 5.6 1.51
      vertex 167.698 3.78688 1.51
    endloop
  endfacet
  facet normal 0 0 1
    outer loop
      vertex 164.163 70.44 1.51
      vertex 166.661 73.0823 1.51
      vertex 166.541 73.1874 1.51
    endloop
  endfacet
  facet normal 0 -0 1
    outer loop
      vertex 167.499 3.47868 1.51
      vertex 167.698 3.78688 1.51
      vertex 164.549 5.6 1.51
    endloop
  endfacet
  facet normal 0 0 1
    outer loop
      vertex 166.231 73.4258 1.51
      vertex 166.541 73.1874 1.51
      vertex 166.394 73.3167 1.51
    endloop
  endfacet
  facet normal 0 0 1
    outer loop
      vertex 167.698 3.78688 1.51
      vertex 167.499 3.47868 1.51
      vertex 167.68 3.75001 1.51
    endloop
  endfacet
  facet normal 0 0 1
    outer loop
      vertex 166.541 73.1874 1.51
      vertex 166.231 73.4258 1.51
      vertex 164.163 70.44 1.51
    endloop
  endfacet
  facet normal -0 0 1
    outer loop
      vertex 164.44 5.43686 1.51
      vertex 167.499 3.47868 1.51
      vertex 164.549 5.6 1.51
    endloop
  endfacet
  facet normal 0 0 1
    outer loop
      vertex 164.163 70.44 1.51
      vertex 166.231 73.4258 1.51
      vertex 166.199 73.4468 1.51
    endloop
  endfacet
  facet normal 0 0 1
    outer loop
      vertex 167.499 3.47868 1.51
      vertex 164.44 5.43686 1.51
      vertex 167.426 3.36935 1.51
    endloop
  endfacet
  facet normal 0 0 1
    outer loop
      vertex 164.163 70.44 1.51
      vertex 166.199 73.4468 1.51
      vertex 166.095 73.5162 1.51
    endloop
  endfacet
  facet normal 0 -0 1
    outer loop
      vertex 167.187 3.05869 1.51
      vertex 167.426 3.36935 1.51
      vertex 164.44 5.43686 1.51
    endloop
  endfacet
  facet normal 0 0 1
    outer loop
      vertex 164 70.549 1.51
      vertex 166.095 73.5162 1.51
      vertex 166.046 73.549 1.51
    endloop
  endfacet
  facet normal 0 0 1
    outer loop
      vertex 167.426 3.36935 1.51
      vertex 167.187 3.05869 1.51
      vertex 167.317 3.20621 1.51
    endloop
  endfacet
  facet normal 0 0 1
    outer loop
      vertex 164 70.549 1.51
      vertex 166.046 73.549 1.51
      vertex 165.85 73.6801 1.51
    endloop
  endfacet
  facet normal -0 0 1
    outer loop
      vertex 164.419 5.41315 1.51
      vertex 167.187 3.05869 1.51
      vertex 164.44 5.43686 1.51
    endloop
  endfacet
  facet normal 0 0 1
    outer loop
      vertex 164 70.549 1.51
      vertex 165.85 73.6801 1.51
      vertex 165.439 73.8826 1.51
    endloop
  endfacet
  facet normal 0 0 1
    outer loop
      vertex 167.187 3.05869 1.51
      vertex 164.419 5.41315 1.51
      vertex 167.056 2.90928 1.51
    endloop
  endfacet
  facet normal 0 0 1
    outer loop
      vertex 165.078 74.0325 1.51
      vertex 165.439 73.8826 1.51
      vertex 165.263 73.9694 1.51
    endloop
  endfacet
  facet normal -0 0 1
    outer loop
      vertex 164.311 5.28934 1.51
      vertex 167.056 2.90928 1.51
      vertex 164.419 5.41315 1.51
    endloop
  endfacet
  facet normal 0 0 1
    outer loop
      vertex 165.439 73.8826 1.51
      vertex 165.078 74.0325 1.51
      vertex 163.824 70.6358 1.51
    endloop
  endfacet
  facet normal 0 -0 1
    outer loop
      vertex 166.859 2.69126 1.51
      vertex 167.056 2.90928 1.51
      vertex 164.311 5.28934 1.51
    endloop
  endfacet
  facet normal 0 0 1
    outer loop
      vertex 167.056 2.90928 1.51
      vertex 166.859 2.69126 1.51
      vertex 166.886 2.71448 1.51
    endloop
  endfacet
  facet normal 0 0 1
    outer loop
      vertex 168.331 69.6416 1.51
      vertex 164.743 69.35 1.51
      vertex 164.75 69.25 1.51
    endloop
  endfacet
  facet normal 0 0 1
    outer loop
      vertex 168.331 69.6416 1.51
      vertex 164.737 69.4458 1.51
      vertex 164.743 69.35 1.51
    endloop
  endfacet
  facet normal 0 0 1
    outer loop
      vertex 168.269 70.1951 1.51
      vertex 164.704 69.611 1.51
      vertex 164.737 69.4458 1.51
    endloop
  endfacet
  facet normal 0 0 1
    outer loop
      vertex 168.225 70.4147 1.51
      vertex 164.699 69.6382 1.51
      vertex 164.704 69.611 1.51
    endloop
  endfacet
  facet normal 0 0 1
    outer loop
      vertex 168.131 70.7863 1.51
      vertex 164.684 69.6818 1.51
      vertex 164.699 69.6382 1.51
    endloop
  endfacet
  facet normal 0 0 1
    outer loop
      vertex 163.638 70.6989 1.51
      vertex 165.078 74.0325 1.51
      vertex 164.644 74.1796 1.51
    endloop
  endfacet
  facet normal 0 0 1
    outer loop
      vertex 168.032 71.0776 1.51
      vertex 164.636 69.824 1.51
      vertex 164.684 69.6818 1.51
    endloop
  endfacet
  facet normal 0 0 1
    outer loop
      vertex 167.853 71.5 1.51
      vertex 164.549 70 1.51
      vertex 164.636 69.824 1.51
    endloop
  endfacet
  facet normal 0 0 1
    outer loop
      vertex 167.499 72.1213 1.51
      vertex 164.44 70.1631 1.51
      vertex 164.549 70 1.51
    endloop
  endfacet
  facet normal 0 0 1
    outer loop
      vertex 167.187 72.5413 1.51
      vertex 164.419 70.1868 1.51
      vertex 164.44 70.1631 1.51
    endloop
  endfacet
  facet normal 0 0 1
    outer loop
      vertex 167.056 72.6907 1.51
      vertex 164.311 70.3107 1.51
      vertex 164.419 70.1868 1.51
    endloop
  endfacet
  facet normal 0 0 1
    outer loop
      vertex 163.638 70.6989 1.51
      vertex 164.644 74.1796 1.51
      vertex 164.195 74.2689 1.51
    endloop
  endfacet
  facet normal 0 0 1
    outer loop
      vertex 166.661 73.0823 1.51
      vertex 164.163 70.44 1.51
      vertex 164.311 70.3107 1.51
    endloop
  endfacet
  facet normal 0 0 1
    outer loop
      vertex 163.807 74.3201 1.51
      vertex 164.195 74.2689 1.51
      vertex 164.003 74.3072 1.51
    endloop
  endfacet
  facet normal 0 0 1
    outer loop
      vertex 166.095 73.5162 1.51
      vertex 164 70.549 1.51
      vertex 164.163 70.44 1.51
    endloop
  endfacet
  facet normal 0 0 1
    outer loop
      vertex 165.439 73.8826 1.51
      vertex 163.824 70.6358 1.51
      vertex 164 70.549 1.51
    endloop
  endfacet
  facet normal 0 0 1
    outer loop
      vertex 164.195 74.2689 1.51
      vertex 163.807 74.3201 1.51
      vertex 163.446 70.7372 1.51
    endloop
  endfacet
  facet normal 0 0 1
    outer loop
      vertex 165.078 74.0325 1.51
      vertex 163.638 70.6989 1.51
      vertex 163.824 70.6358 1.51
    endloop
  endfacet
  facet normal 0 0 1
    outer loop
      vertex 164.195 74.2689 1.51
      vertex 163.446 70.7372 1.51
      vertex 163.638 70.6989 1.51
    endloop
  endfacet
  facet normal 0 0 1
    outer loop
      vertex 163.35 74.35 1.51
      vertex 163.446 70.7372 1.51
      vertex 163.807 74.3201 1.51
    endloop
  endfacet
  facet normal 0 0 1
    outer loop
      vertex 163.35 74.35 1.51
      vertex 163.25 70.75 1.51
      vertex 163.446 70.7372 1.51
    endloop
  endfacet
  facet normal 0 0 1
    outer loop
      vertex 163.35 74.35 1.51
      vertex 6.35 70.75 1.51
      vertex 163.25 70.75 1.51
    endloop
  endfacet
  facet normal -0 0 1
    outer loop
      vertex 6.25001 74.35 1.51
      vertex 6.35 70.75 1.51
      vertex 163.35 74.35 1.51
    endloop
  endfacet
  facet normal 0 0 1
    outer loop
      vertex 6.25001 74.35 1.51
      vertex 6.15421 70.7372 1.51
      vertex 6.35 70.75 1.51
    endloop
  endfacet
  facet normal -0 0 1
    outer loop
      vertex 5.79316 74.3201 1.51
      vertex 6.15421 70.7372 1.51
      vertex 6.25001 74.35 1.51
    endloop
  endfacet
  facet normal -0 0 1
    outer loop
      vertex 5.40493 74.2689 1.51
      vertex 6.15421 70.7372 1.51
      vertex 5.79316 74.3201 1.51
    endloop
  endfacet
  facet normal 0 0 1
    outer loop
      vertex 6.15421 70.7372 1.51
      vertex 5.40493 74.2689 1.51
      vertex 5.96177 70.6989 1.51
    endloop
  endfacet
  facet normal -0 0 1
    outer loop
      vertex 4.95591 74.1796 1.51
      vertex 5.96177 70.6989 1.51
      vertex 5.40493 74.2689 1.51
    endloop
  endfacet
  facet normal 0 0 1
    outer loop
      vertex 5.40493 74.2689 1.51
      vertex 5.79316 74.3201 1.51
      vertex 5.59737 74.3072 1.51
    endloop
  endfacet
  facet normal -0 0 1
    outer loop
      vertex 4.5224 74.0325 1.51
      vertex 5.96177 70.6989 1.51
      vertex 4.95591 74.1796 1.51
    endloop
  endfacet
  facet normal 0 0 1
    outer loop
      vertex 5.96177 70.6989 1.51
      vertex 4.5224 74.0325 1.51
      vertex 5.77597 70.6358 1.51
    endloop
  endfacet
  facet normal -0 0 1
    outer loop
      vertex 4.16063 73.8826 1.51
      vertex 5.77597 70.6358 1.51
      vertex 4.5224 74.0325 1.51
    endloop
  endfacet
  facet normal 0 0 1
    outer loop
      vertex 5.77597 70.6358 1.51
      vertex 4.16063 73.8826 1.51
      vertex 5.6 70.549 1.51
    endloop
  endfacet
  facet normal -0 0 1
    outer loop
      vertex 3.75001 73.6801 1.51
      vertex 5.6 70.549 1.51
      vertex 4.16063 73.8826 1.51
    endloop
  endfacet
  facet normal -0 0 1
    outer loop
      vertex 3.55385 73.549 1.51
      vertex 5.6 70.549 1.51
      vertex 3.75001 73.6801 1.51
    endloop
  endfacet
  facet normal -0 0 1
    outer loop
      vertex 3.50464 73.5162 1.51
      vertex 5.6 70.549 1.51
      vertex 3.55385 73.549 1.51
    endloop
  endfacet
  facet normal 0 0 1
    outer loop
      vertex 5.6 70.549 1.51
      vertex 3.50464 73.5162 1.51
      vertex 5.43686 70.44 1.51
    endloop
  endfacet
  facet normal -0 0 1
    outer loop
      vertex 3.40086 73.4468 1.51
      vertex 5.43686 70.44 1.51
      vertex 3.50464 73.5162 1.51
    endloop
  endfacet
  facet normal -0 0 1
    outer loop
      vertex 3.36935 73.4258 1.51
      vertex 5.43686 70.44 1.51
      vertex 3.40086 73.4468 1.51
    endloop
  endfacet
  facet normal -0 0 1
    outer loop
      vertex 2.93886 73.0823 1.51
      vertex 5.43686 70.44 1.51
      vertex 3.05869 73.1874 1.51
    endloop
  endfacet
  facet normal -0 0 1
    outer loop
      vertex 3.05869 73.1874 1.51
      vertex 5.43686 70.44 1.51
      vertex 3.36935 73.4258 1.51
    endloop
  endfacet
  facet normal 0 0 1
    outer loop
      vertex 166.859 2.69126 1.51
      vertex 164.311 5.28934 1.51
      vertex 166.661 2.51771 1.51
    endloop
  endfacet
  facet normal -0 0 1
    outer loop
      vertex 164.163 5.15997 1.51
      vertex 166.661 2.51771 1.51
      vertex 164.311 5.28934 1.51
    endloop
  endfacet
  facet normal 0 0 1
    outer loop
      vertex 166.661 2.51771 1.51
      vertex 164.163 5.15997 1.51
      vertex 166.541 2.41262 1.51
    endloop
  endfacet
  facet normal 0 -0 1
    outer loop
      vertex 166.231 2.17424 1.51
      vertex 166.541 2.41262 1.51
      vertex 164.163 5.15997 1.51
    endloop
  endfacet
  facet normal 0 0 1
    outer loop
      vertex 166.541 2.41262 1.51
      vertex 166.231 2.17424 1.51
      vertex 166.394 2.28325 1.51
    endloop
  endfacet
  facet normal 0 0 1
    outer loop
      vertex 166.231 2.17424 1.51
      vertex 164.163 5.15997 1.51
      vertex 166.199 2.15318 1.51
    endloop
  endfacet
  facet normal 0 0 1
    outer loop
      vertex 166.199 2.15318 1.51
      vertex 164.163 5.15997 1.51
      vertex 166.095 2.08384 1.51
    endloop
  endfacet
  facet normal -0 0 1
    outer loop
      vertex 164 5.05096 1.51
      vertex 166.095 2.08384 1.51
      vertex 164.163 5.15997 1.51
    endloop
  endfacet
  facet normal 0 0 1
    outer loop
      vertex 166.095 2.08384 1.51
      vertex 164 5.05096 1.51
      vertex 166.046 2.05096 1.51
    endloop
  endfacet
  facet normal 0 0 1
    outer loop
      vertex 166.046 2.05096 1.51
      vertex 164 5.05096 1.51
      vertex 165.85 1.91989 1.51
    endloop
  endfacet
  facet normal 0 0 1
    outer loop
      vertex 165.85 1.91989 1.51
      vertex 164 5.05096 1.51
      vertex 165.439 1.71739 1.51
    endloop
  endfacet
  facet normal -0 0 1
    outer loop
      vertex 163.824 4.96418 1.51
      vertex 165.439 1.71739 1.51
      vertex 164 5.05096 1.51
    endloop
  endfacet
  facet normal 0 -0 1
    outer loop
      vertex 165.078 1.56754 1.51
      vertex 165.439 1.71739 1.51
      vertex 163.824 4.96418 1.51
    endloop
  endfacet
  facet normal 0 0 1
    outer loop
      vertex 165.439 1.71739 1.51
      vertex 165.078 1.56754 1.51
      vertex 165.263 1.63061 1.51
    endloop
  endfacet
  facet normal -0 0 1
    outer loop
      vertex 163.638 4.90111 1.51
      vertex 165.078 1.56754 1.51
      vertex 163.824 4.96418 1.51
    endloop
  endfacet
  facet normal 0 0 1
    outer loop
      vertex 165.078 1.56754 1.51
      vertex 163.638 4.90111 1.51
      vertex 164.644 1.42039 1.51
    endloop
  endfacet
  facet normal 0 0 1
    outer loop
      vertex 164.644 1.42039 1.51
      vertex 163.638 4.90111 1.51
      vertex 164.195 1.33106 1.51
    endloop
  endfacet
  facet normal -0 0 1
    outer loop
      vertex 163.446 4.86283 1.51
      vertex 164.195 1.33106 1.51
      vertex 163.638 4.90111 1.51
    endloop
  endfacet
  facet normal 0 -0 1
    outer loop
      vertex 163.807 1.27995 1.51
      vertex 164.195 1.33106 1.51
      vertex 163.446 4.86283 1.51
    endloop
  endfacet
  facet normal 0 0 1
    outer loop
      vertex 164.195 1.33106 1.51
      vertex 163.807 1.27995 1.51
      vertex 164.003 1.29278 1.51
    endloop
  endfacet
  facet normal 0 0 1
    outer loop
      vertex 163.446 4.86283 1.51
      vertex 163.35 1.25001 1.51
      vertex 163.807 1.27995 1.51
    endloop
  endfacet
  facet normal -0 0 1
    outer loop
      vertex 163.25 4.85 1.51
      vertex 163.35 1.25001 1.51
      vertex 163.446 4.86283 1.51
    endloop
  endfacet
  facet normal -0 0 1
    outer loop
      vertex 6.35 4.85 1.51
      vertex 163.35 1.25001 1.51
      vertex 163.25 4.85 1.51
    endloop
  endfacet
  facet normal 0 0 1
    outer loop
      vertex 6.35 4.85 1.51
      vertex 6.25001 1.25001 1.51
      vertex 163.35 1.25001 1.51
    endloop
  endfacet
  facet normal 0 0 1
    outer loop
      vertex 6.15421 4.86283 1.51
      vertex 6.25001 1.25001 1.51
      vertex 6.35 4.85 1.51
    endloop
  endfacet
  facet normal 0 0 1
    outer loop
      vertex 5.40493 1.33106 1.51
      vertex 6.15421 4.86283 1.51
      vertex 5.96177 4.90111 1.51
    endloop
  endfacet
  facet normal 0 0 1
    outer loop
      vertex 6.15421 4.86283 1.51
      vertex 5.79316 1.27995 1.51
      vertex 6.25001 1.25001 1.51
    endloop
  endfacet
  facet normal 0 0 1
    outer loop
      vertex 4.5224 1.56754 1.51
      vertex 5.96177 4.90111 1.51
      vertex 5.77597 4.96418 1.51
    endloop
  endfacet
  facet normal 0 0 1
    outer loop
      vertex 4.16063 1.71739 1.51
      vertex 5.77597 4.96418 1.51
      vertex 5.6 5.05096 1.51
    endloop
  endfacet
  facet normal 0 0 1
    outer loop
      vertex 6.15421 4.86283 1.51
      vertex 5.40493 1.33106 1.51
      vertex 5.79316 1.27995 1.51
    endloop
  endfacet
  facet normal 0 0 1
    outer loop
      vertex 3.50464 2.08384 1.51
      vertex 5.6 5.05096 1.51
      vertex 5.43686 5.15997 1.51
    endloop
  endfacet
  facet normal 0 0 1
    outer loop
      vertex 5.79316 1.27995 1.51
      vertex 5.40493 1.33106 1.51
      vertex 5.59737 1.29278 1.51
    endloop
  endfacet
  facet normal 0 0 1
    outer loop
      vertex 2.93886 2.51771 1.51
      vertex 5.43686 5.15997 1.51
      vertex 5.28934 5.28934 1.51
    endloop
  endfacet
  facet normal 0 0 1
    outer loop
      vertex 2.54365 2.90928 1.51
      vertex 5.28934 5.28934 1.51
      vertex 5.15997 5.43686 1.51
    endloop
  endfacet
  facet normal 0 0 1
    outer loop
      vertex 2.10119 3.47868 1.51
      vertex 5.15997 5.43686 1.51
      vertex 5.05096 5.6 1.51
    endloop
  endfacet
  facet normal 0 0 1
    outer loop
      vertex 1.74729 4.1 1.51
      vertex 5.05096 5.6 1.51
      vertex 4.96418 5.77597 1.51
    endloop
  endfacet
  facet normal 0 0 1
    outer loop
      vertex 5.96177 4.90111 1.51
      vertex 4.95591 1.42039 1.51
      vertex 5.40493 1.33106 1.51
    endloop
  endfacet
  facet normal 0 0 1
    outer loop
      vertex 1.46865 4.81372 1.51
      vertex 4.96418 5.77597 1.51
      vertex 4.90111 5.96177 1.51
    endloop
  endfacet
  facet normal 0 0 1
    outer loop
      vertex 1.33106 5.40493 1.51
      vertex 4.90111 5.96177 1.51
      vertex 4.86283 6.15421 1.51
    endloop
  endfacet
  facet normal 0 0 1
    outer loop
      vertex 1.26912 5.95843 1.51
      vertex 4.86283 6.15421 1.51
      vertex 4.85 6.35 1.51
    endloop
  endfacet
  facet normal 0 0 1
    outer loop
      vertex 5.96177 4.90111 1.51
      vertex 4.5224 1.56754 1.51
      vertex 4.95591 1.42039 1.51
    endloop
  endfacet
  facet normal 0 0 1
    outer loop
      vertex 4.85 69.25 1.51
      vertex 1.25001 69.35 1.51
      vertex 4.85 6.35 1.51
    endloop
  endfacet
  facet normal 0 0 1
    outer loop
      vertex 4.16063 73.8826 1.51
      vertex 4.5224 74.0325 1.51
      vertex 4.3366 73.9694 1.51
    endloop
  endfacet
  facet normal 0 0 1
    outer loop
      vertex 1.25001 6.25001 1.51
      vertex 4.85 6.35 1.51
      vertex 1.25001 69.35 1.51
    endloop
  endfacet
  facet normal 0 0 1
    outer loop
      vertex 5.43686 70.44 1.51
      vertex 2.93886 73.0823 1.51
      vertex 5.28934 70.3107 1.51
    endloop
  endfacet
  facet normal 0 -0 1
    outer loop
      vertex 1.26912 5.95843 1.51
      vertex 4.85 6.35 1.51
      vertex 1.25001 6.25001 1.51
    endloop
  endfacet
  facet normal -0 0 1
    outer loop
      vertex 2.74096 72.9087 1.51
      vertex 5.28934 70.3107 1.51
      vertex 2.93886 73.0823 1.51
    endloop
  endfacet
  facet normal 0 0 1
    outer loop
      vertex 4.86283 6.15421 1.51
      vertex 1.26912 5.95843 1.51
      vertex 1.27995 5.79316 1.51
    endloop
  endfacet
  facet normal -0 0 1
    outer loop
      vertex 2.54365 72.6907 1.51
      vertex 5.28934 70.3107 1.51
      vertex 2.74096 72.9087 1.51
    endloop
  endfacet
  facet normal 0 0 1
    outer loop
      vertex 4.5224 1.56754 1.51
      vertex 4.16063 1.71739 1.51
      vertex 4.3366 1.63061 1.51
    endloop
  endfacet
  facet normal 0 0 1
    outer loop
      vertex 5.28934 70.3107 1.51
      vertex 2.54365 72.6907 1.51
      vertex 5.15997 70.1631 1.51
    endloop
  endfacet
  facet normal 0 0 1
    outer loop
      vertex 5.77597 4.96418 1.51
      vertex 4.16063 1.71739 1.51
      vertex 4.5224 1.56754 1.51
    endloop
  endfacet
  facet normal -0 0 1
    outer loop
      vertex 2.41262 72.5413 1.51
      vertex 5.15997 70.1631 1.51
      vertex 2.54365 72.6907 1.51
    endloop
  endfacet
  facet normal 0 0 1
    outer loop
      vertex 5.6 5.05096 1.51
      vertex 3.75001 1.91989 1.51
      vertex 4.16063 1.71739 1.51
    endloop
  endfacet
  facet normal -0 0 1
    outer loop
      vertex 2.17424 72.2307 1.51
      vertex 5.15997 70.1631 1.51
      vertex 2.41262 72.5413 1.51
    endloop
  endfacet
  facet normal 0 0 1
    outer loop
      vertex 5.6 5.05096 1.51
      vertex 3.50464 2.08384 1.51
      vertex 3.55385 2.05096 1.51
    endloop
  endfacet
  facet normal 0 0 1
    outer loop
      vertex 3.05869 73.1874 1.51
      vertex 3.36935 73.4258 1.51
      vertex 3.20621 73.3167 1.51
    endloop
  endfacet
  facet normal 0 0 1
    outer loop
      vertex 5.6 5.05096 1.51
      vertex 3.55385 2.05096 1.51
      vertex 3.75001 1.91989 1.51
    endloop
  endfacet
  facet normal -0 0 1
    outer loop
      vertex 2.10119 72.1213 1.51
      vertex 5.15997 70.1631 1.51
      vertex 2.17424 72.2307 1.51
    endloop
  endfacet
  facet normal 0 0 1
    outer loop
      vertex 5.43686 5.15997 1.51
      vertex 3.40086 2.15318 1.51
      vertex 3.50464 2.08384 1.51
    endloop
  endfacet
  facet normal 0 0 1
    outer loop
      vertex 5.15997 70.1631 1.51
      vertex 2.10119 72.1213 1.51
      vertex 5.05096 70 1.51
    endloop
  endfacet
  facet normal 0 0 1
    outer loop
      vertex 5.43686 5.15997 1.51
      vertex 2.93886 2.51771 1.51
      vertex 3.05869 2.41262 1.51
    endloop
  endfacet
  facet normal -0 0 1
    outer loop
      vertex 1.9082 71.8263 1.51
      vertex 5.05096 70 1.51
      vertex 2.10119 72.1213 1.51
    endloop
  endfacet
  facet normal 0 0 1
    outer loop
      vertex 3.36935 2.17424 1.51
      vertex 3.05869 2.41262 1.51
      vertex 3.20621 2.28325 1.51
    endloop
  endfacet
  facet normal 0 0 1
    outer loop
      vertex 2.54365 72.6907 1.51
      vertex 2.74096 72.9087 1.51
      vertex 2.71448 72.8855 1.51
    endloop
  endfacet
  facet normal 0 0 1
    outer loop
      vertex 5.43686 5.15997 1.51
      vertex 3.05869 2.41262 1.51
      vertex 3.36935 2.17424 1.51
    endloop
  endfacet
  facet normal -0 0 1
    outer loop
      vertex 1.74729 71.5 1.51
      vertex 5.05096 70 1.51
      vertex 1.9082 71.8263 1.51
    endloop
  endfacet
  facet normal 0 0 1
    outer loop
      vertex 5.43686 5.15997 1.51
      vertex 3.36935 2.17424 1.51
      vertex 3.40086 2.15318 1.51
    endloop
  endfacet
  facet normal 0 0 1
    outer loop
      vertex 5.05096 70 1.51
      vertex 1.74729 71.5 1.51
      vertex 4.96418 69.824 1.51
    endloop
  endfacet
  facet normal 0 0 1
    outer loop
      vertex 5.28934 5.28934 1.51
      vertex 2.74096 2.69126 1.51
      vertex 2.93886 2.51771 1.51
    endloop
  endfacet
  facet normal 0 0 1
    outer loop
      vertex 2.17424 72.2307 1.51
      vertex 2.41262 72.5413 1.51
      vertex 2.28325 72.3938 1.51
    endloop
  endfacet
  facet normal 0 0 1
    outer loop
      vertex 2.74096 2.69126 1.51
      vertex 2.54365 2.90928 1.51
      vertex 2.71448 2.71448 1.51
    endloop
  endfacet
  facet normal -0 0 1
    outer loop
      vertex 1.71739 71.4394 1.51
      vertex 4.96418 69.824 1.51
      vertex 1.74729 71.5 1.51
    endloop
  endfacet
  facet normal 0 0 1
    outer loop
      vertex 5.28934 5.28934 1.51
      vertex 2.54365 2.90928 1.51
      vertex 2.74096 2.69126 1.51
    endloop
  endfacet
  facet normal -0 0 1
    outer loop
      vertex 1.56754 71.0776 1.51
      vertex 4.96418 69.824 1.51
      vertex 1.71739 71.4394 1.51
    endloop
  endfacet
  facet normal 0 0 1
    outer loop
      vertex 5.15997 5.43686 1.51
      vertex 2.41262 3.05869 1.51
      vertex 2.54365 2.90928 1.51
    endloop
  endfacet
  facet normal 0 0 1
    outer loop
      vertex 1.9082 71.8263 1.51
      vertex 2.10119 72.1213 1.51
      vertex 1.91989 71.85 1.51
    endloop
  endfacet
  facet normal 0 0 1
    outer loop
      vertex 2.41262 3.05869 1.51
      vertex 2.17424 3.36935 1.51
      vertex 2.28325 3.20621 1.51
    endloop
  endfacet
  facet normal -0 0 1
    outer loop
      vertex 1.46865 70.7863 1.51
      vertex 4.96418 69.824 1.51
      vertex 1.56754 71.0776 1.51
    endloop
  endfacet
  facet normal 0 0 1
    outer loop
      vertex 5.15997 5.43686 1.51
      vertex 2.10119 3.47868 1.51
      vertex 2.17424 3.36935 1.51
    endloop
  endfacet
  facet normal 0 0 1
    outer loop
      vertex 4.96418 69.824 1.51
      vertex 1.46865 70.7863 1.51
      vertex 4.90111 69.6382 1.51
    endloop
  endfacet
  facet normal 0 0 1
    outer loop
      vertex 5.15997 5.43686 1.51
      vertex 2.17424 3.36935 1.51
      vertex 2.41262 3.05869 1.51
    endloop
  endfacet
  facet normal -0 0 1
    outer loop
      vertex 1.37475 70.4147 1.51
      vertex 4.90111 69.6382 1.51
      vertex 1.46865 70.7863 1.51
    endloop
  endfacet
  facet normal 0 0 1
    outer loop
      vertex 2.10119 3.47868 1.51
      vertex 1.9082 3.77372 1.51
      vertex 1.91989 3.75001 1.51
    endloop
  endfacet
  facet normal 0 0 1
    outer loop
      vertex 1.56754 71.0776 1.51
      vertex 1.71739 71.4394 1.51
      vertex 1.63061 71.2634 1.51
    endloop
  endfacet
  facet normal 0 0 1
    outer loop
      vertex 5.05096 5.6 1.51
      vertex 1.74729 4.1 1.51
      vertex 1.9082 3.77372 1.51
    endloop
  endfacet
  facet normal -0 0 1
    outer loop
      vertex 1.33106 70.1951 1.51
      vertex 4.90111 69.6382 1.51
      vertex 1.37475 70.4147 1.51
    endloop
  endfacet
  facet normal 0 0 1
    outer loop
      vertex 5.05096 5.6 1.51
      vertex 1.9082 3.77372 1.51
      vertex 2.10119 3.47868 1.51
    endloop
  endfacet
  facet normal 0 0 1
    outer loop
      vertex 4.90111 69.6382 1.51
      vertex 1.33106 70.1951 1.51
      vertex 4.86283 69.4458 1.51
    endloop
  endfacet
  facet normal 0 0 1
    outer loop
      vertex 4.96418 5.77597 1.51
      vertex 1.56754 4.5224 1.51
      vertex 1.71739 4.16063 1.51
    endloop
  endfacet
  facet normal 0 0 1
    outer loop
      vertex 1.37475 70.4147 1.51
      vertex 1.46865 70.7863 1.51
      vertex 1.42039 70.6441 1.51
    endloop
  endfacet
  facet normal 0 0 1
    outer loop
      vertex 1.71739 4.16063 1.51
      vertex 1.56754 4.5224 1.51
      vertex 1.63061 4.3366 1.51
    endloop
  endfacet
  facet normal -0 0 1
    outer loop
      vertex 1.27995 69.8068 1.51
      vertex 4.86283 69.4458 1.51
      vertex 1.33106 70.1951 1.51
    endloop
  endfacet
  facet normal 0 0 1
    outer loop
      vertex 4.96418 5.77597 1.51
      vertex 1.71739 4.16063 1.51
      vertex 1.74729 4.1 1.51
    endloop
  endfacet
  facet normal -0 0 1
    outer loop
      vertex 1.26912 69.6416 1.51
      vertex 4.86283 69.4458 1.51
      vertex 1.27995 69.8068 1.51
    endloop
  endfacet
  facet normal 0 0 1
    outer loop
      vertex 4.90111 5.96177 1.51
      vertex 1.37475 5.18532 1.51
      vertex 1.46865 4.81372 1.51
    endloop
  endfacet
  facet normal 0 0 1
    outer loop
      vertex 1.27995 69.8068 1.51
      vertex 1.33106 70.1951 1.51
      vertex 1.29278 70.0026 1.51
    endloop
  endfacet
  facet normal 0 0 1
    outer loop
      vertex 4.86283 69.4458 1.51
      vertex 1.26912 69.6416 1.51
      vertex 4.85 69.25 1.51
    endloop
  endfacet
  facet normal 0 0 1
    outer loop
      vertex 4.85 69.25 1.51
      vertex 1.26912 69.6416 1.51
      vertex 1.25001 69.35 1.51
    endloop
  endfacet
  facet normal 0 0 1
    outer loop
      vertex 1.33106 5.40493 1.51
      vertex 1.27995 5.79316 1.51
      vertex 1.29278 5.59737 1.51
    endloop
  endfacet
  facet normal 0 0 1
    outer loop
      vertex 1.46865 4.81372 1.51
      vertex 1.37475 5.18532 1.51
      vertex 1.42039 4.95591 1.51
    endloop
  endfacet
  facet normal 0 0 1
    outer loop
      vertex 4.86283 6.15421 1.51
      vertex 1.27995 5.79316 1.51
      vertex 1.33106 5.40493 1.51
    endloop
  endfacet
  facet normal 0 0 1
    outer loop
      vertex 4.96418 5.77597 1.51
      vertex 1.46865 4.81372 1.51
      vertex 1.56754 4.5224 1.51
    endloop
  endfacet
  facet normal 0 0 1
    outer loop
      vertex 4.90111 5.96177 1.51
      vertex 1.33106 5.40493 1.51
      vertex 1.37475 5.18532 1.51
    endloop
  endfacet
  facet normal -0.997858 0.0654165 0
    outer loop
      vertex 1.26912 69.6416 -3
      vertex 1.27995 69.8068 1.51
      vertex 1.27995 69.8068 -3
    endloop
  endfacet
  facet normal -0.997858 0.0654165 0
    outer loop
      vertex 1.27995 69.8068 1.51
      vertex 1.26912 69.6416 -3
      vertex 1.26912 69.6416 1.51
    endloop
  endfacet
  facet normal -0.980778 0.195128 0
    outer loop
      vertex 1.33106 70.1951 -3
      vertex 1.37475 70.4147 1.51
      vertex 1.37475 70.4147 -3
    endloop
  endfacet
  facet normal -0.980778 0.195128 0
    outer loop
      vertex 1.37475 70.4147 1.51
      vertex 1.33106 70.1951 -3
      vertex 1.33106 70.1951 1.51
    endloop
  endfacet
  facet normal -0.99786 0.0653858 0
    outer loop
      vertex 1.27995 69.8068 -3
      vertex 1.29278 70.0026 1.51
      vertex 1.29278 70.0026 -3
    endloop
  endfacet
  facet normal -0.99786 0.0653858 0
    outer loop
      vertex 1.29278 70.0026 1.51
      vertex 1.27995 69.8068 -3
      vertex 1.27995 69.8068 1.51
    endloop
  endfacet
  facet normal 0.980776 -0.195136 0
    outer loop
      vertex 4.86283 69.4458 1.51
      vertex 4.90111 69.6382 -3
      vertex 4.90111 69.6382 1.51
    endloop
  endfacet
  facet normal 0.980776 -0.195136 0
    outer loop
      vertex 4.90111 69.6382 -3
      vertex 4.86283 69.4458 1.51
      vertex 4.86283 69.4458 -3
    endloop
  endfacet
  facet normal -0.980796 0.195038 0
    outer loop
      vertex 1.29278 70.0026 -3
      vertex 1.33106 70.1951 1.51
      vertex 1.33106 70.1951 -3
    endloop
  endfacet
  facet normal -0.980796 0.195038 0
    outer loop
      vertex 1.33106 70.1951 1.51
      vertex 1.29278 70.0026 -3
      vertex 1.29278 70.0026 1.51
    endloop
  endfacet
  facet normal 0 -1 0
    outer loop
      vertex 6.25001 1.25001 -3
      vertex 163.35 1.25001 1.51
      vertex 6.25001 1.25001 1.51
    endloop
  endfacet
  facet normal 0 -1 -0
    outer loop
      vertex 163.35 1.25001 1.51
      vertex 6.25001 1.25001 -3
      vertex 163.35 1.25001 -3
    endloop
  endfacet
  facet normal -0.442297 -0.896869 0
    outer loop
      vertex 3.75001 1.91989 -3
      vertex 4.16063 1.71739 1.51
      vertex 3.75001 1.91989 1.51
    endloop
  endfacet
  facet normal -0.442297 -0.896869 -0
    outer loop
      vertex 4.16063 1.71739 1.51
      vertex 3.75001 1.91989 -3
      vertex 4.16063 1.71739 -3
    endloop
  endfacet
  facet normal 0 1 -0
    outer loop
      vertex 163.25 4.85 -3
      vertex 6.35 4.85 1.51
      vertex 163.25 4.85 1.51
    endloop
  endfacet
  facet normal 0 1 0
    outer loop
      vertex 6.35 4.85 1.51
      vertex 163.25 4.85 -3
      vertex 6.35 4.85 -3
    endloop
  endfacet
  facet normal 0.195527 -0.980698 0
    outer loop
      vertex 164.003 1.29278 -3
      vertex 164.195 1.33106 1.51
      vertex 164.003 1.29278 1.51
    endloop
  endfacet
  facet normal 0.195527 -0.980698 0
    outer loop
      vertex 164.195 1.33106 1.51
      vertex 164.003 1.29278 -3
      vertex 164.195 1.33106 -3
    endloop
  endfacet
  facet normal -0.195097 -0.980784 0
    outer loop
      vertex 5.40493 1.33106 -3
      vertex 5.59737 1.29278 1.51
      vertex 5.40493 1.33106 1.51
    endloop
  endfacet
  facet normal -0.195097 -0.980784 -0
    outer loop
      vertex 5.59737 1.29278 1.51
      vertex 5.40493 1.33106 -3
      vertex 5.59737 1.29278 -3
    endloop
  endfacet
  facet normal -0.321426 -0.946935 0
    outer loop
      vertex 4.5224 1.56754 -3
      vertex 4.95591 1.42039 1.51
      vertex 4.5224 1.56754 1.51
    endloop
  endfacet
  facet normal -0.321426 -0.946935 -0
    outer loop
      vertex 4.95591 1.42039 1.51
      vertex 4.5224 1.56754 -3
      vertex 4.95591 1.42039 -3
    endloop
  endfacet
  facet normal -0.442294 -0.89687 0
    outer loop
      vertex 4.16063 1.71739 -3
      vertex 4.3366 1.63061 1.51
      vertex 4.16063 1.71739 1.51
    endloop
  endfacet
  facet normal -0.442294 -0.89687 -0
    outer loop
      vertex 4.3366 1.63061 1.51
      vertex 4.16063 1.71739 -3
      vertex 4.3366 1.63061 -3
    endloop
  endfacet
  facet normal 0.195129 -0.980778 0
    outer loop
      vertex 164.195 1.33106 -3
      vertex 164.644 1.42039 1.51
      vertex 164.195 1.33106 1.51
    endloop
  endfacet
  facet normal 0.195129 -0.980778 0
    outer loop
      vertex 164.644 1.42039 1.51
      vertex 164.195 1.33106 -3
      vertex 164.644 1.42039 -3
    endloop
  endfacet
  facet normal 0.0653194 -0.997864 0
    outer loop
      vertex 163.807 1.27995 -3
      vertex 164.003 1.29278 1.51
      vertex 163.807 1.27995 1.51
    endloop
  endfacet
  facet normal 0.0653194 -0.997864 0
    outer loop
      vertex 164.003 1.29278 1.51
      vertex 163.807 1.27995 -3
      vertex 164.003 1.29278 -3
    endloop
  endfacet
  facet normal -0.321437 -0.946931 0
    outer loop
      vertex 4.3366 1.63061 -3
      vertex 4.5224 1.56754 1.51
      vertex 4.3366 1.63061 1.51
    endloop
  endfacet
  facet normal -0.321437 -0.946931 -0
    outer loop
      vertex 4.5224 1.56754 1.51
      vertex 4.3366 1.63061 -3
      vertex 4.5224 1.56754 -3
    endloop
  endfacet
  facet normal 0.0653741 -0.997861 0
    outer loop
      vertex 163.35 1.25001 -3
      vertex 163.807 1.27995 1.51
      vertex 163.35 1.25001 1.51
    endloop
  endfacet
  facet normal 0.0653741 -0.997861 0
    outer loop
      vertex 163.807 1.27995 1.51
      vertex 163.35 1.25001 -3
      vertex 163.807 1.27995 -3
    endloop
  endfacet
  facet normal -0.195121 -0.980779 0
    outer loop
      vertex 4.95591 1.42039 -3
      vertex 5.40493 1.33106 1.51
      vertex 4.95591 1.42039 1.51
    endloop
  endfacet
  facet normal -0.195121 -0.980779 -0
    outer loop
      vertex 5.40493 1.33106 1.51
      vertex 4.95591 1.42039 -3
      vertex 5.40493 1.33106 -3
    endloop
  endfacet
  facet normal -0.0653954 -0.997859 0
    outer loop
      vertex 5.79316 1.27995 -3
      vertex 6.25001 1.25001 1.51
      vertex 5.79316 1.27995 1.51
    endloop
  endfacet
  facet normal -0.0653954 -0.997859 -0
    outer loop
      vertex 6.25001 1.25001 1.51
      vertex 5.79316 1.27995 -3
      vertex 6.25001 1.25001 -3
    endloop
  endfacet
  facet normal 0.555884 -0.83126 0
    outer loop
      vertex 165.85 1.91989 -3
      vertex 166.046 2.05096 1.51
      vertex 165.85 1.91989 1.51
    endloop
  endfacet
  facet normal 0.555884 -0.83126 0
    outer loop
      vertex 166.046 2.05096 1.51
      vertex 165.85 1.91989 -3
      vertex 166.046 2.05096 -3
    endloop
  endfacet
  facet normal -0.0653892 -0.99786 0
    outer loop
      vertex 5.59737 1.29278 -3
      vertex 5.79316 1.27995 1.51
      vertex 5.59737 1.29278 1.51
    endloop
  endfacet
  facet normal -0.0653892 -0.99786 -0
    outer loop
      vertex 5.79316 1.27995 1.51
      vertex 5.59737 1.29278 -3
      vertex 5.79316 1.27995 -3
    endloop
  endfacet
  facet normal -0.55557 -0.831469 0
    outer loop
      vertex 3.55385 2.05096 -3
      vertex 3.75001 1.91989 1.51
      vertex 3.55385 2.05096 1.51
    endloop
  endfacet
  facet normal -0.55557 -0.831469 -0
    outer loop
      vertex 3.75001 1.91989 1.51
      vertex 3.55385 2.05096 -3
      vertex 3.75001 1.91989 -3
    endloop
  endfacet
  facet normal -0.555558 -0.831478 0
    outer loop
      vertex 3.50464 2.08384 -3
      vertex 3.55385 2.05096 1.51
      vertex 3.50464 2.08384 1.51
    endloop
  endfacet
  facet normal -0.555558 -0.831478 -0
    outer loop
      vertex 3.55385 2.05096 1.51
      vertex 3.50464 2.08384 -3
      vertex 3.55385 2.05096 -3
    endloop
  endfacet
  facet normal 0.442233 -0.8969 0
    outer loop
      vertex 165.263 1.63061 -3
      vertex 165.439 1.71739 1.51
      vertex 165.263 1.63061 1.51
    endloop
  endfacet
  facet normal 0.442233 -0.8969 0
    outer loop
      vertex 165.439 1.71739 1.51
      vertex 165.263 1.63061 -3
      vertex 165.439 1.71739 -3
    endloop
  endfacet
  facet normal 0.321101 -0.947045 0
    outer loop
      vertex 164.644 1.42039 -3
      vertex 165.078 1.56754 1.51
      vertex 164.644 1.42039 1.51
    endloop
  endfacet
  facet normal 0.321101 -0.947045 0
    outer loop
      vertex 165.078 1.56754 1.51
      vertex 164.644 1.42039 -3
      vertex 165.078 1.56754 -3
    endloop
  endfacet
  facet normal 0.441968 -0.897031 0
    outer loop
      vertex 165.439 1.71739 -3
      vertex 165.85 1.91989 1.51
      vertex 165.439 1.71739 1.51
    endloop
  endfacet
  facet normal 0.441968 -0.897031 0
    outer loop
      vertex 165.85 1.91989 1.51
      vertex 165.439 1.71739 -3
      vertex 165.85 1.91989 -3
    endloop
  endfacet
  facet normal 0.557201 -0.830378 0
    outer loop
      vertex 166.046 2.05096 -3
      vertex 166.095 2.08384 1.51
      vertex 166.046 2.05096 1.51
    endloop
  endfacet
  facet normal 0.557201 -0.830378 0
    outer loop
      vertex 166.095 2.08384 1.51
      vertex 166.046 2.05096 -3
      vertex 166.095 2.08384 -3
    endloop
  endfacet
  facet normal 0.322682 -0.946507 0
    outer loop
      vertex 165.078 1.56754 -3
      vertex 165.263 1.63061 1.51
      vertex 165.078 1.56754 1.51
    endloop
  endfacet
  facet normal 0.322682 -0.946507 0
    outer loop
      vertex 165.263 1.63061 1.51
      vertex 165.078 1.56754 -3
      vertex 165.263 1.63061 -3
    endloop
  endfacet
  facet normal -0.94693 -0.32144 0
    outer loop
      vertex 1.56754 4.5224 -3
      vertex 1.46865 4.81372 1.51
      vertex 1.46865 4.81372 -3
    endloop
  endfacet
  facet normal -0.94693 -0.32144 0
    outer loop
      vertex 1.46865 4.81372 1.51
      vertex 1.56754 4.5224 -3
      vertex 1.56754 4.5224 1.51
    endloop
  endfacet
  facet normal 0.89687 0.442294 0
    outer loop
      vertex 5.05096 5.6 1.51
      vertex 4.96418 5.77597 -3
      vertex 4.96418 5.77597 1.51
    endloop
  endfacet
  facet normal 0.89687 0.442294 0
    outer loop
      vertex 4.96418 5.77597 -3
      vertex 5.05096 5.6 1.51
      vertex 5.05096 5.6 -3
    endloop
  endfacet
  facet normal -0.89687 -0.442294 0
    outer loop
      vertex 1.71739 4.16063 -3
      vertex 1.63061 4.3366 1.51
      vertex 1.63061 4.3366 -3
    endloop
  endfacet
  facet normal -0.89687 -0.442294 0
    outer loop
      vertex 1.63061 4.3366 1.51
      vertex 1.71739 4.16063 -3
      vertex 1.71739 4.16063 1.51
    endloop
  endfacet
  facet normal -0.946931 -0.321437 0
    outer loop
      vertex 1.63061 4.3366 -3
      vertex 1.56754 4.5224 1.51
      vertex 1.56754 4.5224 -3
    endloop
  endfacet
  facet normal -0.946931 -0.321437 0
    outer loop
      vertex 1.56754 4.5224 1.51
      vertex 1.63061 4.3366 -3
      vertex 1.63061 4.3366 1.51
    endloop
  endfacet
  facet normal -0.896869 -0.442296 0
    outer loop
      vertex 1.74729 4.1 -3
      vertex 1.71739 4.16063 1.51
      vertex 1.71739 4.16063 -3
    endloop
  endfacet
  facet normal -0.896869 -0.442296 0
    outer loop
      vertex 1.71739 4.16063 1.51
      vertex 1.74729 4.1 -3
      vertex 1.74729 4.1 1.51
    endloop
  endfacet
  facet normal 0.896282 -0.443484 0
    outer loop
      vertex 167.853 4.1 1.51
      vertex 167.883 4.16063 -3
      vertex 167.883 4.16063 1.51
    endloop
  endfacet
  facet normal 0.896282 -0.443484 0
    outer loop
      vertex 167.883 4.16063 -3
      vertex 167.853 4.1 1.51
      vertex 167.853 4.1 -3
    endloop
  endfacet
  facet normal 0.94704 -0.321117 0
    outer loop
      vertex 167.969 4.3366 1.51
      vertex 168.032 4.5224 -3
      vertex 168.032 4.5224 1.51
    endloop
  endfacet
  facet normal 0.94704 -0.321117 0
    outer loop
      vertex 168.032 4.5224 -3
      vertex 167.969 4.3366 1.51
      vertex 167.969 4.3366 -3
    endloop
  endfacet
  facet normal 0.898444 -0.439087 0
    outer loop
      vertex 167.883 4.16063 1.51
      vertex 167.969 4.3366 -3
      vertex 167.969 4.3366 1.51
    endloop
  endfacet
  facet normal 0.898444 -0.439087 0
    outer loop
      vertex 167.969 4.3366 -3
      vertex 167.883 4.16063 1.51
      vertex 167.883 4.16063 -3
    endloop
  endfacet
  facet normal 0.946821 -0.321761 0
    outer loop
      vertex 168.032 4.5224 1.51
      vertex 168.131 4.81372 -3
      vertex 168.131 4.81372 1.51
    endloop
  endfacet
  facet normal 0.946821 -0.321761 0
    outer loop
      vertex 168.131 4.81372 -3
      vertex 168.032 4.5224 1.51
      vertex 168.032 4.5224 -3
    endloop
  endfacet
  facet normal -0.896425 0.443195 0
    outer loop
      vertex 164.549 5.6 -0.281773
      vertex 164.636 5.77597 1.51
      vertex 164.636 5.77597 -3
    endloop
  endfacet
  facet normal -0.896425 0.443195 0
    outer loop
      vertex 164.636 5.77597 1.51
      vertex 164.549 5.6 -0.281773
      vertex 164.549 5.6 1.51
    endloop
  endfacet
  facet normal -0.896425 0.443195 0
    outer loop
      vertex 164.549 5.6 -3
      vertex 164.549 5.6 -0.281773
      vertex 164.636 5.77597 -3
    endloop
  endfacet
  facet normal -0.554622 0.832102 0
    outer loop
      vertex 3.55385 73.549 -3
      vertex 3.50464 73.5162 1.51
      vertex 3.55385 73.549 1.51
    endloop
  endfacet
  facet normal -0.554622 0.832102 0
    outer loop
      vertex 3.50464 73.5162 1.51
      vertex 3.55385 73.549 -3
      vertex 3.50464 73.5162 -3
    endloop
  endfacet
  facet normal -0.321328 0.946968 0
    outer loop
      vertex 4.95591 74.1796 -3
      vertex 4.5224 74.0325 1.51
      vertex 4.95591 74.1796 1.51
    endloop
  endfacet
  facet normal -0.321328 0.946968 0
    outer loop
      vertex 4.5224 74.0325 1.51
      vertex 4.95591 74.1796 -3
      vertex 4.5224 74.0325 -3
    endloop
  endfacet
  facet normal 0.32282 0.94646 -0
    outer loop
      vertex 165.263 73.9694 -3
      vertex 165.078 74.0325 1.51
      vertex 165.263 73.9694 1.51
    endloop
  endfacet
  facet normal 0.32282 0.94646 0
    outer loop
      vertex 165.078 74.0325 1.51
      vertex 165.263 73.9694 -3
      vertex 165.078 74.0325 -3
    endloop
  endfacet
  facet normal 0.195625 0.980679 -0
    outer loop
      vertex 164.195 74.2689 -3
      vertex 164.003 74.3072 1.51
      vertex 164.195 74.2689 1.51
    endloop
  endfacet
  facet normal 0.195625 0.980679 0
    outer loop
      vertex 164.003 74.3072 1.51
      vertex 164.195 74.2689 -3
      vertex 164.003 74.3072 -3
    endloop
  endfacet
  facet normal -0.442376 0.89683 0
    outer loop
      vertex 4.3366 73.9694 -3
      vertex 4.16063 73.8826 1.51
      vertex 4.3366 73.9694 1.51
    endloop
  endfacet
  facet normal -0.442376 0.89683 0
    outer loop
      vertex 4.16063 73.8826 1.51
      vertex 4.3366 73.9694 -3
      vertex 4.16063 73.8826 -3
    endloop
  endfacet
  facet normal 0 1 -0
    outer loop
      vertex 163.35 74.35 -3
      vertex 6.25001 74.35 1.51
      vertex 163.35 74.35 1.51
    endloop
  endfacet
  facet normal 0 1 0
    outer loop
      vertex 6.25001 74.35 1.51
      vertex 163.35 74.35 -3
      vertex 6.25001 74.35 -3
    endloop
  endfacet
  facet normal 0 -1 0
    outer loop
      vertex 6.35 70.75 -3
      vertex 163.25 70.75 1.51
      vertex 6.35 70.75 1.51
    endloop
  endfacet
  facet normal 0 -1 -0
    outer loop
      vertex 163.25 70.75 1.51
      vertex 6.35 70.75 -3
      vertex 163.25 70.75 -3
    endloop
  endfacet
  facet normal 0.0652871 0.997867 -0
    outer loop
      vertex 163.807 74.3201 -3
      vertex 163.35 74.35 1.51
      vertex 163.807 74.3201 1.51
    endloop
  endfacet
  facet normal 0.0652871 0.997867 0
    outer loop
      vertex 163.35 74.35 1.51
      vertex 163.807 74.3201 -3
      vertex 163.35 74.35 -3
    endloop
  endfacet
  facet normal -0.195057 0.980792 0
    outer loop
      vertex 5.40493 74.2689 -3
      vertex 4.95591 74.1796 1.51
      vertex 5.40493 74.2689 1.51
    endloop
  endfacet
  facet normal -0.195057 0.980792 0
    outer loop
      vertex 4.95591 74.1796 1.51
      vertex 5.40493 74.2689 -3
      vertex 4.95591 74.1796 -3
    endloop
  endfacet
  facet normal 0.0656742 0.997841 -0
    outer loop
      vertex 164.003 74.3072 -3
      vertex 163.807 74.3201 1.51
      vertex 164.003 74.3072 1.51
    endloop
  endfacet
  facet normal 0.0656742 0.997841 0
    outer loop
      vertex 163.807 74.3201 1.51
      vertex 164.003 74.3072 -3
      vertex 163.807 74.3201 -3
    endloop
  endfacet
  facet normal 0.556265 0.831005 -0
    outer loop
      vertex 166.095 73.5162 -3
      vertex 166.046 73.549 1.51
      vertex 166.095 73.5162 1.51
    endloop
  endfacet
  facet normal 0.556265 0.831005 0
    outer loop
      vertex 166.046 73.549 1.51
      vertex 166.095 73.5162 -3
      vertex 166.046 73.549 -3
    endloop
  endfacet
  facet normal -0.0657444 0.997836 0
    outer loop
      vertex 5.79316 74.3201 -3
      vertex 5.59737 74.3072 1.51
      vertex 5.79316 74.3201 1.51
    endloop
  endfacet
  facet normal -0.0657444 0.997836 0
    outer loop
      vertex 5.59737 74.3072 1.51
      vertex 5.79316 74.3201 -3
      vertex 5.59737 74.3072 -3
    endloop
  endfacet
  facet normal 0.442315 0.89686 -0
    outer loop
      vertex 165.439 73.8826 -3
      vertex 165.263 73.9694 1.51
      vertex 165.439 73.8826 1.51
    endloop
  endfacet
  facet normal 0.442315 0.89686 0
    outer loop
      vertex 165.263 73.9694 1.51
      vertex 165.439 73.8826 -3
      vertex 165.263 73.9694 -3
    endloop
  endfacet
  facet normal 0.195066 0.98079 -0
    outer loop
      vertex 164.644 74.1796 -3
      vertex 164.195 74.2689 1.51
      vertex 164.644 74.1796 1.51
    endloop
  endfacet
  facet normal 0.195066 0.98079 0
    outer loop
      vertex 164.195 74.2689 1.51
      vertex 164.644 74.1796 -3
      vertex 164.195 74.2689 -3
    endloop
  endfacet
  facet normal -0.555658 0.831411 0
    outer loop
      vertex 3.75001 73.6801 -3
      vertex 3.55385 73.549 1.51
      vertex 3.75001 73.6801 1.51
    endloop
  endfacet
  facet normal -0.555658 0.831411 0
    outer loop
      vertex 3.55385 73.549 1.51
      vertex 3.75001 73.6801 -3
      vertex 3.55385 73.549 -3
    endloop
  endfacet
  facet normal 0.555972 0.831201 -0
    outer loop
      vertex 166.046 73.549 -3
      vertex 165.85 73.6801 1.51
      vertex 166.046 73.549 1.51
    endloop
  endfacet
  facet normal 0.555972 0.831201 0
    outer loop
      vertex 165.85 73.6801 1.51
      vertex 166.046 73.549 -3
      vertex 165.85 73.6801 -3
    endloop
  endfacet
  facet normal -0.195195 0.980764 0
    outer loop
      vertex 5.59737 74.3072 -3
      vertex 5.40493 74.2689 1.51
      vertex 5.59737 74.3072 1.51
    endloop
  endfacet
  facet normal -0.195195 0.980764 0
    outer loop
      vertex 5.40493 74.2689 1.51
      vertex 5.59737 74.3072 -3
      vertex 5.40493 74.2689 -3
    endloop
  endfacet
  facet normal 0.441968 0.897031 -0
    outer loop
      vertex 165.85 73.6801 -3
      vertex 165.439 73.8826 1.51
      vertex 165.85 73.6801 1.51
    endloop
  endfacet
  facet normal 0.441968 0.897031 0
    outer loop
      vertex 165.439 73.8826 1.51
      vertex 165.85 73.6801 -3
      vertex 165.439 73.8826 -3
    endloop
  endfacet
  facet normal 0.321003 0.947078 -0
    outer loop
      vertex 165.078 74.0325 -3
      vertex 164.644 74.1796 1.51
      vertex 165.078 74.0325 1.51
    endloop
  endfacet
  facet normal 0.321003 0.947078 0
    outer loop
      vertex 164.644 74.1796 1.51
      vertex 165.078 74.0325 -3
      vertex 164.644 74.1796 -3
    endloop
  endfacet
  facet normal -0.0653085 0.997865 0
    outer loop
      vertex 6.25001 74.35 -3
      vertex 5.79316 74.3201 1.51
      vertex 6.25001 74.35 1.51
    endloop
  endfacet
  facet normal -0.0653085 0.997865 0
    outer loop
      vertex 5.79316 74.3201 1.51
      vertex 6.25001 74.35 -3
      vertex 5.79316 74.3201 -3
    endloop
  endfacet
  facet normal -0.442297 0.896869 0
    outer loop
      vertex 4.16063 73.8826 -3
      vertex 3.75001 73.6801 1.51
      vertex 4.16063 73.8826 1.51
    endloop
  endfacet
  facet normal -0.442297 0.896869 0
    outer loop
      vertex 3.75001 73.6801 1.51
      vertex 4.16063 73.8826 -3
      vertex 3.75001 73.6801 -3
    endloop
  endfacet
  facet normal -0.321574 0.946885 0
    outer loop
      vertex 4.5224 74.0325 -3
      vertex 4.3366 73.9694 1.51
      vertex 4.5224 74.0325 1.51
    endloop
  endfacet
  facet normal -0.321574 0.946885 0
    outer loop
      vertex 4.3366 73.9694 1.51
      vertex 4.5224 74.0325 -3
      vertex 4.3366 73.9694 -3
    endloop
  endfacet
  facet normal 0.997884 0.0650199 0
    outer loop
      vertex 168.35 69.35 1.51
      vertex 168.331 69.6416 -3
      vertex 168.331 69.6416 1.51
    endloop
  endfacet
  facet normal 0.997884 0.0650199 0
    outer loop
      vertex 168.331 69.6416 -3
      vertex 168.35 69.35 1.51
      vertex 168.35 69.35 -3
    endloop
  endfacet
  facet normal -0.998044 -0.062508 0
    outer loop
      vertex 164.743 69.35 1.5
      vertex 164.737 69.4458 1.51
      vertex 164.737 69.4458 0.0214827
    endloop
  endfacet
  facet normal -0.998044 -0.062508 0
    outer loop
      vertex 164.737 69.4458 1.51
      vertex 164.743 69.35 1.5
      vertex 164.743 69.35 1.51
    endloop
  endfacet
  facet normal 1 -0 0
    outer loop
      vertex 168.35 6.25001 1.51
      vertex 168.35 69.35 -3
      vertex 168.35 69.35 1.51
    endloop
  endfacet
  facet normal 1 0 0
    outer loop
      vertex 168.35 69.35 -3
      vertex 168.35 6.25001 1.51
      vertex 168.35 6.25001 -3
    endloop
  endfacet
  facet normal -0.997559 -0.0698291 -0
    outer loop
      vertex 164.75 69.25 1.51
      vertex 164.743 69.35 1.5
      vertex 164.75 69.25 -0.0213232
    endloop
  endfacet
  facet normal -0.997559 -0.0698291 0
    outer loop
      vertex 164.743 69.35 1.5
      vertex 164.75 69.25 1.51
      vertex 164.743 69.35 1.51
    endloop
  endfacet
  facet normal -0.997803 -0.0662484 0
    outer loop
      vertex 164.75 69.25 -3
      vertex 164.737 69.4458 -2.99984
      vertex 164.737 69.4458 -3
    endloop
  endfacet
  facet normal -0.997803 -0.0662484 0
    outer loop
      vertex 164.737 69.4458 -2.99984
      vertex 164.75 69.25 -3
      vertex 164.737 69.4458 0.0214827
    endloop
  endfacet
  facet normal -0.997926 -0.0643787 -0.000121692
    outer loop
      vertex 164.737 69.4458 0.0214827
      vertex 164.75 69.25 -3
      vertex 164.743 69.35 1.5
    endloop
  endfacet
  facet normal -0.997559 -0.0698291 -0
    outer loop
      vertex 164.75 69.25 -0.0213232
      vertex 164.743 69.35 1.5
      vertex 164.75 69.25 -3
    endloop
  endfacet
  facet normal 0.997803 0.0662484 0
    outer loop
      vertex 168.32 69.8068 1.51
      vertex 168.307 70.0026 -3
      vertex 168.307 70.0026 1.51
    endloop
  endfacet
  facet normal 0.997803 0.0662484 0
    outer loop
      vertex 168.307 70.0026 -3
      vertex 168.32 69.8068 1.51
      vertex 168.32 69.8068 -3
    endloop
  endfacet
  facet normal -0.981049 -0.193762 0
    outer loop
      vertex 164.737 69.4458 -2.99984
      vertex 164.699 69.6382 0.644757
      vertex 164.699 69.6382 -3
    endloop
  endfacet
  facet normal -0.981049 -0.193762 -0
    outer loop
      vertex 164.737 69.4458 -2.99984
      vertex 164.699 69.6382 -3
      vertex 164.737 69.4458 -3
    endloop
  endfacet
  facet normal -0.981997 -0.188898 -0.000266651
    outer loop
      vertex 164.699 69.6382 0.644757
      vertex 164.737 69.4458 -2.99984
      vertex 164.704 69.611 1.5
    endloop
  endfacet
  facet normal -0.983521 -0.180794 -0
    outer loop
      vertex 164.699 69.6382 0.942951
      vertex 164.699 69.6382 0.644757
      vertex 164.704 69.611 1.5
    endloop
  endfacet
  facet normal 0.980512 0.19646 0
    outer loop
      vertex 168.269 70.1951 1.51
      vertex 168.225 70.4147 -3
      vertex 168.225 70.4147 1.51
    endloop
  endfacet
  facet normal 0.980512 0.19646 0
    outer loop
      vertex 168.225 70.4147 -3
      vertex 168.269 70.1951 1.51
      vertex 168.269 70.1951 -3
    endloop
  endfacet
  facet normal 0.99779 0.0664388 0
    outer loop
      vertex 168.331 69.6416 1.51
      vertex 168.32 69.8068 -3
      vertex 168.32 69.8068 1.51
    endloop
  endfacet
  facet normal 0.99779 0.0664388 0
    outer loop
      vertex 168.32 69.8068 -3
      vertex 168.331 69.6416 1.51
      vertex 168.331 69.6416 -3
    endloop
  endfacet
  facet normal 0.981068 0.193665 0
    outer loop
      vertex 168.307 70.0026 1.51
      vertex 168.269 70.1951 -3
      vertex 168.269 70.1951 1.51
    endloop
  endfacet
  facet normal 0.981068 0.193665 0
    outer loop
      vertex 168.269 70.1951 -3
      vertex 168.307 70.0026 1.51
      vertex 168.307 70.0026 -3
    endloop
  endfacet
  facet normal -0.980626 -0.195888 -0
    outer loop
      vertex 164.737 69.4458 0.0214827
      vertex 164.704 69.611 1.5
      vertex 164.737 69.4458 -2.99984
    endloop
  endfacet
  facet normal -0.980626 -0.195888 -0
    outer loop
      vertex 164.737 69.4458 1.51
      vertex 164.704 69.611 1.5
      vertex 164.737 69.4458 0.0214827
    endloop
  endfacet
  facet normal -0.980626 -0.195888 0
    outer loop
      vertex 164.704 69.611 1.5
      vertex 164.737 69.4458 1.51
      vertex 164.704 69.611 1.51
    endloop
  endfacet
  facet normal -0.983521 -0.180794 0
    outer loop
      vertex 164.704 69.611 1.5
      vertex 164.699 69.6382 1.51
      vertex 164.699 69.6382 0.942951
    endloop
  endfacet
  facet normal -0.983521 -0.180794 0
    outer loop
      vertex 164.699 69.6382 1.51
      vertex 164.704 69.611 1.5
      vertex 164.704 69.611 1.51
    endloop
  endfacet
  facet normal 0.555912 -0.831241 0
    outer loop
      vertex 166.231 2.17424 -3
      vertex 166.394 2.28325 1.51
      vertex 166.231 2.17424 1.51
    endloop
  endfacet
  facet normal 0.555912 -0.831241 0
    outer loop
      vertex 166.394 2.28325 1.51
      vertex 166.231 2.17424 -3
      vertex 166.394 2.28325 -3
    endloop
  endfacet
  facet normal 0.549751 -0.835329 0
    outer loop
      vertex 166.199 2.15318 -3
      vertex 166.231 2.17424 1.51
      vertex 166.199 2.15318 1.51
    endloop
  endfacet
  facet normal 0.549751 -0.835329 0
    outer loop
      vertex 166.231 2.17424 1.51
      vertex 166.199 2.15318 -3
      vertex 166.231 2.17424 -3
    endloop
  endfacet
  facet normal 0.660657 -0.750688 0
    outer loop
      vertex 166.394 2.28325 -3
      vertex 166.541 2.41262 1.51
      vertex 166.394 2.28325 1.51
    endloop
  endfacet
  facet normal 0.660657 -0.750688 0
    outer loop
      vertex 166.541 2.41262 1.51
      vertex 166.394 2.28325 -3
      vertex 166.541 2.41262 -3
    endloop
  endfacet
  facet normal 0.658824 -0.752297 0
    outer loop
      vertex 166.541 2.41262 -3
      vertex 166.661 2.51771 1.51
      vertex 166.541 2.41262 1.51
    endloop
  endfacet
  facet normal 0.658824 -0.752297 0
    outer loop
      vertex 166.661 2.51771 1.51
      vertex 166.541 2.41262 -3
      vertex 166.661 2.51771 -3
    endloop
  endfacet
  facet normal -0.321127 0.947036 0
    outer loop
      vertex 163.638 4.90111 -3
      vertex 163.638 4.90111 -0.299184
      vertex 163.824 4.96418 -3
    endloop
  endfacet
  facet normal -0.321127 0.947036 0
    outer loop
      vertex 163.824 4.96418 1.51
      vertex 163.638 4.90111 -0.299184
      vertex 163.638 4.90111 1.51
    endloop
  endfacet
  facet normal -0.321127 0.947036 0
    outer loop
      vertex 163.638 4.90111 -0.299184
      vertex 163.824 4.96418 1.51
      vertex 163.824 4.96418 -3
    endloop
  endfacet
  facet normal -0.896836 0.442363 0
    outer loop
      vertex 1.9082 71.8263 -3
      vertex 1.91989 71.85 1.51
      vertex 1.91989 71.85 -3
    endloop
  endfacet
  facet normal -0.896836 0.442363 0
    outer loop
      vertex 1.91989 71.85 1.51
      vertex 1.9082 71.8263 -3
      vertex 1.9082 71.8263 1.51
    endloop
  endfacet
  facet normal -0.831437 0.555619 0
    outer loop
      vertex 1.91989 71.85 -3
      vertex 2.10119 72.1213 1.51
      vertex 2.10119 72.1213 -3
    endloop
  endfacet
  facet normal -0.831437 0.555619 0
    outer loop
      vertex 2.10119 72.1213 1.51
      vertex 1.91989 71.85 -3
      vertex 1.91989 71.85 1.51
    endloop
  endfacet
  facet normal 0.752021 -0.659139 0
    outer loop
      vertex 5.15997 70.1631 1.51
      vertex 5.28934 70.3107 -3
      vertex 5.28934 70.3107 1.51
    endloop
  endfacet
  facet normal 0.752021 -0.659139 0
    outer loop
      vertex 5.28934 70.3107 -3
      vertex 5.15997 70.1631 1.51
      vertex 5.15997 70.1631 -3
    endloop
  endfacet
  facet normal 0.652039 -0.758185 0
    outer loop
      vertex 166.859 2.69126 -3
      vertex 166.886 2.71448 1.51
      vertex 166.859 2.69126 1.51
    endloop
  endfacet
  facet normal 0.652039 -0.758185 0
    outer loop
      vertex 166.886 2.71448 1.51
      vertex 166.859 2.69126 -3
      vertex 166.886 2.71448 -3
    endloop
  endfacet
  facet normal -0.555912 0.831241 0
    outer loop
      vertex 164.163 5.15997 1.51
      vertex 164 5.05096 -0.481825
      vertex 164 5.05096 1.51
    endloop
  endfacet
  facet normal -0.555912 0.831241 0
    outer loop
      vertex 164 5.05096 -0.481825
      vertex 164.163 5.15997 1.51
      vertex 164.163 5.15997 -3
    endloop
  endfacet
  facet normal 0.753439 -0.657518 0
    outer loop
      vertex 166.886 2.71448 1.51
      vertex 167.056 2.90928 -3
      vertex 167.056 2.90928 1.51
    endloop
  endfacet
  facet normal 0.753439 -0.657518 0
    outer loop
      vertex 167.056 2.90928 -3
      vertex 166.886 2.71448 1.51
      vertex 166.886 2.71448 -3
    endloop
  endfacet
  facet normal -0.555912 0.831241 0
    outer loop
      vertex 164 5.05096 -3
      vertex 164 5.05096 -0.481825
      vertex 164.163 5.15997 -3
    endloop
  endfacet
  facet normal -0.980778 0.195129 0
    outer loop
      vertex 1.37475 70.4147 -3
      vertex 1.42039 70.6441 1.51
      vertex 1.42039 70.6441 -3
    endloop
  endfacet
  facet normal -0.980778 0.195129 0
    outer loop
      vertex 1.42039 70.6441 1.51
      vertex 1.37475 70.4147 -3
      vertex 1.37475 70.4147 1.51
    endloop
  endfacet
  facet normal -0.946951 0.321377 0
    outer loop
      vertex 1.42039 70.6441 -3
      vertex 1.46865 70.7863 1.51
      vertex 1.46865 70.7863 -3
    endloop
  endfacet
  facet normal -0.946951 0.321377 0
    outer loop
      vertex 1.46865 70.7863 1.51
      vertex 1.42039 70.6441 -3
      vertex 1.42039 70.6441 1.51
    endloop
  endfacet
  facet normal 0.946931 -0.321437 0
    outer loop
      vertex 4.90111 69.6382 1.51
      vertex 4.96418 69.824 -3
      vertex 4.96418 69.824 1.51
    endloop
  endfacet
  facet normal 0.946931 -0.321437 0
    outer loop
      vertex 4.96418 69.824 -3
      vertex 4.90111 69.6382 1.51
      vertex 4.90111 69.6382 -3
    endloop
  endfacet
  facet normal 0.651716 0.758463 -0
    outer loop
      vertex 166.886 72.8855 -3
      vertex 166.859 72.9087 1.51
      vertex 166.886 72.8855 1.51
    endloop
  endfacet
  facet normal 0.651716 0.758463 0
    outer loop
      vertex 166.859 72.9087 1.51
      vertex 166.886 72.8855 -3
      vertex 166.859 72.9087 -3
    endloop
  endfacet
  facet normal 0.753439 0.657518 0
    outer loop
      vertex 167.056 72.6907 1.51
      vertex 166.886 72.8855 -3
      vertex 166.886 72.8855 1.51
    endloop
  endfacet
  facet normal 0.753439 0.657518 0
    outer loop
      vertex 166.886 72.8855 -3
      vertex 167.056 72.6907 1.51
      vertex 167.056 72.6907 -3
    endloop
  endfacet
  facet normal -0.555877 -0.831265 0
    outer loop
      vertex 164.163 70.44 -3
      vertex 164 70.549 -0.481825
      vertex 164 70.549 -3
    endloop
  endfacet
  facet normal -0.555877 -0.831265 0
    outer loop
      vertex 164 70.549 -0.481825
      vertex 164.163 70.44 1.51
      vertex 164 70.549 1.51
    endloop
  endfacet
  facet normal -0.555877 -0.831265 -0
    outer loop
      vertex 164.163 70.44 1.51
      vertex 164 70.549 -0.481825
      vertex 164.163 70.44 -3
    endloop
  endfacet
  facet normal -0.554578 0.832132 0
    outer loop
      vertex 3.40086 73.4468 -3
      vertex 3.36935 73.4258 1.51
      vertex 3.40086 73.4468 1.51
    endloop
  endfacet
  facet normal -0.554578 0.832132 0
    outer loop
      vertex 3.36935 73.4258 1.51
      vertex 3.40086 73.4468 -3
      vertex 3.36935 73.4258 -3
    endloop
  endfacet
  facet normal -0.659388 0.751803 0
    outer loop
      vertex 3.05869 73.1874 -3
      vertex 2.93886 73.0823 1.51
      vertex 3.05869 73.1874 1.51
    endloop
  endfacet
  facet normal -0.659388 0.751803 0
    outer loop
      vertex 2.93886 73.0823 1.51
      vertex 3.05869 73.1874 -3
      vertex 2.93886 73.0823 -3
    endloop
  endfacet
  facet normal -0.555899 0.83125 0
    outer loop
      vertex 3.36935 73.4258 -3
      vertex 3.20621 73.3167 1.51
      vertex 3.36935 73.4258 1.51
    endloop
  endfacet
  facet normal -0.555899 0.83125 0
    outer loop
      vertex 3.20621 73.3167 1.51
      vertex 3.36935 73.4258 -3
      vertex 3.20621 73.3167 -3
    endloop
  endfacet
  facet normal -0.65914 0.752021 0
    outer loop
      vertex 3.20621 73.3167 -3
      vertex 3.05869 73.1874 1.51
      vertex 3.20621 73.3167 1.51
    endloop
  endfacet
  facet normal -0.65914 0.752021 0
    outer loop
      vertex 3.05869 73.1874 1.51
      vertex 3.20621 73.3167 -3
      vertex 3.05869 73.1874 -3
    endloop
  endfacet
  facet normal 0.321574 -0.946885 0
    outer loop
      vertex 5.77597 70.6358 -3
      vertex 5.96177 70.6989 1.51
      vertex 5.77597 70.6358 1.51
    endloop
  endfacet
  facet normal 0.321574 -0.946885 0
    outer loop
      vertex 5.96177 70.6989 1.51
      vertex 5.77597 70.6358 -3
      vertex 5.96177 70.6989 -3
    endloop
  endfacet
  facet normal -0.751816 0.659373 0
    outer loop
      vertex 2.41262 72.5413 -3
      vertex 2.54365 72.6907 1.51
      vertex 2.54365 72.6907 -3
    endloop
  endfacet
  facet normal -0.751816 0.659373 0
    outer loop
      vertex 2.54365 72.6907 1.51
      vertex 2.41262 72.5413 -3
      vertex 2.41262 72.5413 1.51
    endloop
  endfacet
  facet normal -0.831641 0.555314 0
    outer loop
      vertex 2.10119 72.1213 -3
      vertex 2.17424 72.2307 1.51
      vertex 2.17424 72.2307 -3
    endloop
  endfacet
  facet normal -0.831641 0.555314 0
    outer loop
      vertex 2.17424 72.2307 1.51
      vertex 2.10119 72.1213 -3
      vertex 2.10119 72.1213 1.51
    endloop
  endfacet
  facet normal -0.751799 0.659392 0
    outer loop
      vertex 2.28325 72.3938 -3
      vertex 2.41262 72.5413 1.51
      vertex 2.41262 72.5413 -3
    endloop
  endfacet
  facet normal -0.751799 0.659392 0
    outer loop
      vertex 2.41262 72.5413 1.51
      vertex 2.28325 72.3938 -3
      vertex 2.28325 72.3938 1.51
    endloop
  endfacet
  facet normal -0.831399 0.555676 0
    outer loop
      vertex 2.17424 72.2307 -3
      vertex 2.28325 72.3938 1.51
      vertex 2.28325 72.3938 -3
    endloop
  endfacet
  facet normal -0.831399 0.555676 0
    outer loop
      vertex 2.28325 72.3938 1.51
      vertex 2.17424 72.2307 -3
      vertex 2.17424 72.2307 1.51
    endloop
  endfacet
  facet normal 0.65914 -0.752021 0
    outer loop
      vertex 5.28934 70.3107 -3
      vertex 5.43686 70.44 1.51
      vertex 5.28934 70.3107 1.51
    endloop
  endfacet
  facet normal 0.65914 -0.752021 0
    outer loop
      vertex 5.43686 70.44 1.51
      vertex 5.28934 70.3107 -3
      vertex 5.43686 70.44 -3
    endloop
  endfacet
  facet normal -0.659308 -0.751873 0
    outer loop
      vertex 2.71448 2.71448 -3
      vertex 2.74096 2.69126 1.51
      vertex 2.71448 2.71448 1.51
    endloop
  endfacet
  facet normal -0.659308 -0.751873 -0
    outer loop
      vertex 2.74096 2.69126 1.51
      vertex 2.71448 2.71448 -3
      vertex 2.74096 2.69126 -3
    endloop
  endfacet
  facet normal 0.555582 0.831462 -0
    outer loop
      vertex 5.6 5.05096 -3
      vertex 5.43686 5.15997 1.51
      vertex 5.6 5.05096 1.51
    endloop
  endfacet
  facet normal 0.555582 0.831462 0
    outer loop
      vertex 5.43686 5.15997 1.51
      vertex 5.6 5.05096 -3
      vertex 5.43686 5.15997 -3
    endloop
  endfacet
  facet normal -0.751849 -0.659335 0
    outer loop
      vertex 2.71448 2.71448 -3
      vertex 2.54365 2.90928 1.51
      vertex 2.54365 2.90928 -3
    endloop
  endfacet
  facet normal -0.751849 -0.659335 0
    outer loop
      vertex 2.54365 2.90928 1.51
      vertex 2.71448 2.71448 -3
      vertex 2.71448 2.71448 1.51
    endloop
  endfacet
  facet normal -0.997859 0.0653947 0
    outer loop
      vertex 1.25001 69.35 -3
      vertex 1.26912 69.6416 1.51
      vertex 1.26912 69.6416 -3
    endloop
  endfacet
  facet normal -0.997859 0.0653947 0
    outer loop
      vertex 1.26912 69.6416 1.51
      vertex 1.25001 69.35 -3
      vertex 1.25001 69.35 1.51
    endloop
  endfacet
  facet normal -1 0 0
    outer loop
      vertex 1.25001 6.25001 -3
      vertex 1.25001 69.35 1.51
      vertex 1.25001 69.35 -3
    endloop
  endfacet
  facet normal -1 -0 0
    outer loop
      vertex 1.25001 69.35 1.51
      vertex 1.25001 6.25001 -3
      vertex 1.25001 6.25001 1.51
    endloop
  endfacet
  facet normal 0.99786 -0.0653858 0
    outer loop
      vertex 4.85 69.25 1.51
      vertex 4.86283 69.4458 -3
      vertex 4.86283 69.4458 1.51
    endloop
  endfacet
  facet normal 0.99786 -0.0653858 0
    outer loop
      vertex 4.86283 69.4458 -3
      vertex 4.85 69.25 1.51
      vertex 4.85 69.25 -3
    endloop
  endfacet
  facet normal 0.831485 -0.555547 0
    outer loop
      vertex 167.317 3.20621 1.51
      vertex 167.426 3.36935 -3
      vertex 167.426 3.36935 1.51
    endloop
  endfacet
  facet normal 0.831485 -0.555547 0
    outer loop
      vertex 167.426 3.36935 -3
      vertex 167.317 3.20621 1.51
      vertex 167.317 3.20621 -3
    endloop
  endfacet
  facet normal -0.65813 0.752904 0
    outer loop
      vertex 164.163 5.15997 -3
      vertex 164.311 5.28934 -0.553409
      vertex 164.311 5.28934 -3
    endloop
  endfacet
  facet normal -0.65813 0.752904 0
    outer loop
      vertex 164.311 5.28934 -0.553409
      vertex 164.163 5.15997 -3
      vertex 164.311 5.28934 0.896486
    endloop
  endfacet
  facet normal 0.831652 -0.555297 0
    outer loop
      vertex 167.426 3.36935 1.51
      vertex 167.499 3.47868 -3
      vertex 167.499 3.47868 1.51
    endloop
  endfacet
  facet normal 0.831652 -0.555297 0
    outer loop
      vertex 167.499 3.47868 -3
      vertex 167.426 3.36935 1.51
      vertex 167.426 3.36935 -3
    endloop
  endfacet
  facet normal 0.750253 -0.661151 0
    outer loop
      vertex 167.187 3.05869 1.51
      vertex 167.317 3.20621 -3
      vertex 167.317 3.20621 1.51
    endloop
  endfacet
  facet normal 0.750253 -0.661151 0
    outer loop
      vertex 167.317 3.20621 -3
      vertex 167.187 3.05869 1.51
      vertex 167.187 3.05869 -3
    endloop
  endfacet
  facet normal 0.751912 -0.659263 0
    outer loop
      vertex 167.056 2.90928 1.51
      vertex 167.187 3.05869 -3
      vertex 167.187 3.05869 1.51
    endloop
  endfacet
  facet normal 0.751912 -0.659263 0
    outer loop
      vertex 167.187 3.05869 -3
      vertex 167.056 2.90928 1.51
      vertex 167.056 2.90928 -3
    endloop
  endfacet
  facet normal -0.65813 0.752904 0
    outer loop
      vertex 164.311 5.28934 0.896486
      vertex 164.163 5.15997 1.51
      vertex 164.311 5.28934 1.51
    endloop
  endfacet
  facet normal -0.65813 0.752904 0
    outer loop
      vertex 164.163 5.15997 1.51
      vertex 164.311 5.28934 0.896486
      vertex 164.163 5.15997 -3
    endloop
  endfacet
  facet normal -0.751849 0.659335 0
    outer loop
      vertex 2.54365 72.6907 -3
      vertex 2.71448 72.8855 1.51
      vertex 2.71448 72.8855 -3
    endloop
  endfacet
  facet normal -0.751849 0.659335 0
    outer loop
      vertex 2.71448 72.8855 1.51
      vertex 2.54365 72.6907 -3
      vertex 2.54365 72.6907 1.51
    endloop
  endfacet
  facet normal -0.658987 0.752154 0
    outer loop
      vertex 2.74096 72.9087 -3
      vertex 2.71448 72.8855 1.51
      vertex 2.74096 72.9087 1.51
    endloop
  endfacet
  facet normal -0.658987 0.752154 0
    outer loop
      vertex 2.71448 72.8855 1.51
      vertex 2.74096 72.9087 -3
      vertex 2.71448 72.8855 -3
    endloop
  endfacet
  facet normal 0.555547 -0.831485 0
    outer loop
      vertex 5.43686 70.44 -3
      vertex 5.6 70.549 1.51
      vertex 5.43686 70.44 1.51
    endloop
  endfacet
  facet normal 0.555547 -0.831485 0
    outer loop
      vertex 5.6 70.549 1.51
      vertex 5.43686 70.44 -3
      vertex 5.6 70.549 -3
    endloop
  endfacet
  facet normal 0.981056 -0.193723 0
    outer loop
      vertex 168.269 5.40493 1.51
      vertex 168.307 5.59737 -3
      vertex 168.307 5.59737 1.51
    endloop
  endfacet
  facet normal 0.981056 -0.193723 0
    outer loop
      vertex 168.307 5.59737 -3
      vertex 168.269 5.40493 1.51
      vertex 168.269 5.40493 -3
    endloop
  endfacet
  facet normal 0.997803 -0.0662518 0
    outer loop
      vertex 168.307 5.59737 1.51
      vertex 168.32 5.79316 -3
      vertex 168.32 5.79316 1.51
    endloop
  endfacet
  facet normal 0.997803 -0.0662518 0
    outer loop
      vertex 168.32 5.79316 -3
      vertex 168.307 5.59737 1.51
      vertex 168.307 5.59737 -3
    endloop
  endfacet
  facet normal -0.981056 0.193723 0
    outer loop
      vertex 164.699 5.96177 -3
      vertex 164.737 6.15421 -2.99984
      vertex 164.737 6.15421 -3
    endloop
  endfacet
  facet normal -0.981056 0.193723 0
    outer loop
      vertex 164.737 6.15421 -2.99984
      vertex 164.699 5.96177 -3
      vertex 164.699 5.96177 0.644757
    endloop
  endfacet
  facet normal -0.981991 0.188925 -0.000263113
    outer loop
      vertex 164.737 6.15421 -2.99984
      vertex 164.699 5.96177 0.644757
      vertex 164.704 5.98895 1.5
    endloop
  endfacet
  facet normal -0.983497 0.180923 0
    outer loop
      vertex 164.704 5.98895 1.5
      vertex 164.699 5.96177 0.644757
      vertex 164.699 5.96177 0.942951
    endloop
  endfacet
  facet normal -0.98064 0.195819 0
    outer loop
      vertex 164.704 5.98895 1.5
      vertex 164.737 6.15421 0.0214827
      vertex 164.737 6.15421 -2.99984
    endloop
  endfacet
  facet normal -0.98064 0.195819 0
    outer loop
      vertex 164.704 5.98895 1.5
      vertex 164.737 6.15421 1.51
      vertex 164.737 6.15421 0.0214827
    endloop
  endfacet
  facet normal -0.98064 0.195819 0
    outer loop
      vertex 164.737 6.15421 1.51
      vertex 164.704 5.98895 1.5
      vertex 164.704 5.98895 1.51
    endloop
  endfacet
  facet normal 0.980514 -0.196451 0
    outer loop
      vertex 168.225 5.18532 1.51
      vertex 168.269 5.40493 -3
      vertex 168.269 5.40493 1.51
    endloop
  endfacet
  facet normal 0.980514 -0.196451 0
    outer loop
      vertex 168.269 5.40493 -3
      vertex 168.225 5.18532 1.51
      vertex 168.225 5.18532 -3
    endloop
  endfacet
  facet normal 0.997792 -0.0664108 0
    outer loop
      vertex 168.32 5.79316 1.51
      vertex 168.331 5.95843 -3
      vertex 168.331 5.95843 1.51
    endloop
  endfacet
  facet normal 0.997792 -0.0664108 0
    outer loop
      vertex 168.331 5.95843 -3
      vertex 168.32 5.79316 1.51
      vertex 168.32 5.79316 -3
    endloop
  endfacet
  facet normal -0.983497 0.180923 0
    outer loop
      vertex 164.699 5.96177 1.51
      vertex 164.704 5.98895 1.5
      vertex 164.699 5.96177 0.942951
    endloop
  endfacet
  facet normal -0.983497 0.180923 0
    outer loop
      vertex 164.704 5.98895 1.5
      vertex 164.699 5.96177 1.51
      vertex 164.704 5.98895 1.51
    endloop
  endfacet
  facet normal 0.99786 0.0653892 0
    outer loop
      vertex 4.86283 6.15421 1.51
      vertex 4.85 6.35 -3
      vertex 4.85 6.35 1.51
    endloop
  endfacet
  facet normal 0.99786 0.0653892 0
    outer loop
      vertex 4.85 6.35 -3
      vertex 4.86283 6.15421 1.51
      vertex 4.86283 6.15421 -3
    endloop
  endfacet
  facet normal -0.997859 -0.0653992 0
    outer loop
      vertex 1.26912 5.95843 -3
      vertex 1.25001 6.25001 1.51
      vertex 1.25001 6.25001 -3
    endloop
  endfacet
  facet normal -0.997859 -0.0653992 0
    outer loop
      vertex 1.25001 6.25001 1.51
      vertex 1.26912 5.95843 -3
      vertex 1.26912 5.95843 1.51
    endloop
  endfacet
  facet normal -0.751844 -0.659341 0
    outer loop
      vertex 2.41262 3.05869 -3
      vertex 2.28325 3.20621 1.51
      vertex 2.28325 3.20621 -3
    endloop
  endfacet
  facet normal -0.751844 -0.659341 0
    outer loop
      vertex 2.28325 3.20621 1.51
      vertex 2.41262 3.05869 -3
      vertex 2.41262 3.05869 1.51
    endloop
  endfacet
  facet normal -0.831477 -0.55556 0
    outer loop
      vertex 2.17424 3.36935 -3
      vertex 2.10119 3.47868 1.51
      vertex 2.10119 3.47868 -3
    endloop
  endfacet
  facet normal -0.831477 -0.55556 0
    outer loop
      vertex 2.10119 3.47868 1.51
      vertex 2.17424 3.36935 -3
      vertex 2.17424 3.36935 1.51
    endloop
  endfacet
  facet normal -0.751837 -0.659349 0
    outer loop
      vertex 2.54365 2.90928 -3
      vertex 2.41262 3.05869 1.51
      vertex 2.41262 3.05869 -3
    endloop
  endfacet
  facet normal -0.751837 -0.659349 0
    outer loop
      vertex 2.41262 3.05869 1.51
      vertex 2.54365 2.90928 -3
      vertex 2.54365 2.90928 1.51
    endloop
  endfacet
  facet normal 0.659341 0.751844 -0
    outer loop
      vertex 5.43686 5.15997 -3
      vertex 5.28934 5.28934 1.51
      vertex 5.43686 5.15997 1.51
    endloop
  endfacet
  facet normal 0.659341 0.751844 0
    outer loop
      vertex 5.28934 5.28934 1.51
      vertex 5.43686 5.15997 -3
      vertex 5.28934 5.28934 -3
    endloop
  endfacet
  facet normal -0.831462 -0.555582 0
    outer loop
      vertex 2.28325 3.20621 -3
      vertex 2.17424 3.36935 1.51
      vertex 2.17424 3.36935 -3
    endloop
  endfacet
  facet normal -0.831462 -0.555582 0
    outer loop
      vertex 2.17424 3.36935 1.51
      vertex 2.28325 3.20621 -3
      vertex 2.28325 3.20621 1.51
    endloop
  endfacet
  facet normal -0.99786 -0.0653889 0
    outer loop
      vertex 1.27995 5.79316 -3
      vertex 1.26912 5.95843 1.51
      vertex 1.26912 5.95843 -3
    endloop
  endfacet
  facet normal -0.99786 -0.0653889 0
    outer loop
      vertex 1.26912 5.95843 1.51
      vertex 1.27995 5.79316 -3
      vertex 1.27995 5.79316 1.51
    endloop
  endfacet
  facet normal 0.980784 0.195097 0
    outer loop
      vertex 4.90111 5.96177 1.51
      vertex 4.86283 6.15421 -3
      vertex 4.86283 6.15421 1.51
    endloop
  endfacet
  facet normal 0.980784 0.195097 0
    outer loop
      vertex 4.86283 6.15421 -3
      vertex 4.90111 5.96177 1.51
      vertex 4.90111 5.96177 -3
    endloop
  endfacet
  facet normal -0.980779 -0.19512 0
    outer loop
      vertex 1.37475 5.18532 -3
      vertex 1.33106 5.40493 1.51
      vertex 1.33106 5.40493 -3
    endloop
  endfacet
  facet normal -0.980779 -0.19512 0
    outer loop
      vertex 1.33106 5.40493 1.51
      vertex 1.37475 5.18532 -3
      vertex 1.37475 5.18532 1.51
    endloop
  endfacet
  facet normal -0.980784 -0.195097 0
    outer loop
      vertex 1.33106 5.40493 -3
      vertex 1.29278 5.59737 1.51
      vertex 1.29278 5.59737 -3
    endloop
  endfacet
  facet normal -0.980784 -0.195097 0
    outer loop
      vertex 1.29278 5.59737 1.51
      vertex 1.33106 5.40493 -3
      vertex 1.33106 5.40493 1.51
    endloop
  endfacet
  facet normal -0.99786 -0.0653892 0
    outer loop
      vertex 1.29278 5.59737 -3
      vertex 1.27995 5.79316 1.51
      vertex 1.27995 5.79316 -3
    endloop
  endfacet
  facet normal -0.99786 -0.0653892 0
    outer loop
      vertex 1.27995 5.79316 1.51
      vertex 1.29278 5.59737 -3
      vertex 1.29278 5.59737 1.51
    endloop
  endfacet
  facet normal -0.8969 0.442233 0
    outer loop
      vertex 1.63061 71.2634 -3
      vertex 1.71739 71.4394 1.51
      vertex 1.71739 71.4394 -3
    endloop
  endfacet
  facet normal -0.8969 0.442233 0
    outer loop
      vertex 1.71739 71.4394 1.51
      vertex 1.63061 71.2634 -3
      vertex 1.63061 71.2634 1.51
    endloop
  endfacet
  facet normal -0.946931 0.321437 0
    outer loop
      vertex 1.56754 71.0776 -3
      vertex 1.63061 71.2634 1.51
      vertex 1.63061 71.2634 -3
    endloop
  endfacet
  facet normal -0.946931 0.321437 0
    outer loop
      vertex 1.63061 71.2634 1.51
      vertex 1.56754 71.0776 -3
      vertex 1.56754 71.0776 1.51
    endloop
  endfacet
  facet normal -0.946923 0.32146 0
    outer loop
      vertex 1.46865 70.7863 -3
      vertex 1.56754 71.0776 1.51
      vertex 1.56754 71.0776 -3
    endloop
  endfacet
  facet normal -0.946923 0.32146 0
    outer loop
      vertex 1.56754 71.0776 1.51
      vertex 1.46865 70.7863 -3
      vertex 1.46865 70.7863 1.51
    endloop
  endfacet
  facet normal -0.896782 0.442472 0
    outer loop
      vertex 1.71739 71.4394 -3
      vertex 1.74729 71.5 1.51
      vertex 1.74729 71.5 -3
    endloop
  endfacet
  facet normal -0.896782 0.442472 0
    outer loop
      vertex 1.74729 71.5 1.51
      vertex 1.71739 71.4394 -3
      vertex 1.71739 71.4394 1.51
    endloop
  endfacet
  facet normal 0.8969 -0.442233 0
    outer loop
      vertex 4.96418 69.824 1.51
      vertex 5.05096 70 -3
      vertex 5.05096 70 1.51
    endloop
  endfacet
  facet normal 0.8969 -0.442233 0
    outer loop
      vertex 5.05096 70 -3
      vertex 4.96418 69.824 1.51
      vertex 4.96418 69.824 -3
    endloop
  endfacet
  facet normal 0.898768 0.438424 0
    outer loop
      vertex 167.698 71.8131 1.51
      vertex 167.68 71.85 -3
      vertex 167.68 71.85 1.51
    endloop
  endfacet
  facet normal 0.898768 0.438424 0
    outer loop
      vertex 167.68 71.85 -3
      vertex 167.698 71.8131 1.51
      vertex 167.698 71.8131 -3
    endloop
  endfacet
  facet normal -0.752956 -0.658071 0
    outer loop
      vertex 164.44 70.1631 -3
      vertex 164.311 70.3107 -0.553409
      vertex 164.311 70.3107 -3
    endloop
  endfacet
  facet normal -0.753387 -0.657577 -5.25692e-05
    outer loop
      vertex 164.311 70.3107 -0.553409
      vertex 164.44 70.1631 -3
      vertex 164.419 70.1868 1.5
    endloop
  endfacet
  facet normal -0.748454 -0.663187 -0
    outer loop
      vertex 164.44 70.1631 1.51
      vertex 164.419 70.1868 1.5
      vertex 164.44 70.1631 -3
    endloop
  endfacet
  facet normal -0.748454 -0.663187 0
    outer loop
      vertex 164.419 70.1868 1.5
      vertex 164.44 70.1631 1.51
      vertex 164.419 70.1868 1.51
    endloop
  endfacet
  facet normal 0.831862 0.554983 0
    outer loop
      vertex 167.68 71.85 1.51
      vertex 167.499 72.1213 -3
      vertex 167.499 72.1213 1.51
    endloop
  endfacet
  facet normal 0.831862 0.554983 0
    outer loop
      vertex 167.499 72.1213 -3
      vertex 167.68 71.85 1.51
      vertex 167.68 71.85 -3
    endloop
  endfacet
  facet normal -0.753819 -0.657082 0
    outer loop
      vertex 164.419 70.1868 1.5
      vertex 164.311 70.3107 0.896486
      vertex 164.311 70.3107 -0.553409
    endloop
  endfacet
  facet normal -0.753819 -0.657082 0
    outer loop
      vertex 164.419 70.1868 1.5
      vertex 164.311 70.3107 1.51
      vertex 164.311 70.3107 0.896486
    endloop
  endfacet
  facet normal -0.753819 -0.657082 0
    outer loop
      vertex 164.311 70.3107 1.51
      vertex 164.419 70.1868 1.5
      vertex 164.419 70.1868 1.51
    endloop
  endfacet
  facet normal 0.896195 0.443661 0
    outer loop
      vertex 167.883 71.4394 1.51
      vertex 167.853 71.5 -3
      vertex 167.853 71.5 1.51
    endloop
  endfacet
  facet normal 0.896195 0.443661 0
    outer loop
      vertex 167.853 71.5 -3
      vertex 167.883 71.4394 1.51
      vertex 167.883 71.4394 -3
    endloop
  endfacet
  facet normal -0.896455 -0.443134 -0
    outer loop
      vertex 164.636 69.824 1.51
      vertex 164.549 70 -0.281773
      vertex 164.636 69.824 -3
    endloop
  endfacet
  facet normal -0.896455 -0.443134 0
    outer loop
      vertex 164.549 70 -0.281773
      vertex 164.636 69.824 1.51
      vertex 164.549 70 1.51
    endloop
  endfacet
  facet normal 0.946814 0.32178 0
    outer loop
      vertex 168.131 70.7863 1.51
      vertex 168.032 71.0776 -3
      vertex 168.032 71.0776 1.51
    endloop
  endfacet
  facet normal 0.946814 0.32178 0
    outer loop
      vertex 168.032 71.0776 -3
      vertex 168.131 70.7863 1.51
      vertex 168.131 70.7863 -3
    endloop
  endfacet
  facet normal 0.898474 0.439027 0
    outer loop
      vertex 167.969 71.2634 1.51
      vertex 167.883 71.4394 -3
      vertex 167.883 71.4394 1.51
    endloop
  endfacet
  facet normal 0.898474 0.439027 0
    outer loop
      vertex 167.883 71.4394 -3
      vertex 167.969 71.2634 1.51
      vertex 167.969 71.2634 -3
    endloop
  endfacet
  facet normal 0.94704 0.321117 0
    outer loop
      vertex 168.032 71.0776 1.51
      vertex 167.969 71.2634 -3
      vertex 167.969 71.2634 1.51
    endloop
  endfacet
  facet normal 0.94704 0.321117 0
    outer loop
      vertex 167.969 71.2634 -3
      vertex 168.032 71.0776 1.51
      vertex 168.032 71.0776 -3
    endloop
  endfacet
  facet normal -0.896455 -0.443134 0
    outer loop
      vertex 164.636 69.824 -3
      vertex 164.549 70 -0.281773
      vertex 164.549 70 -3
    endloop
  endfacet
  facet normal 0.751844 0.659341 0
    outer loop
      vertex 5.28934 5.28934 1.51
      vertex 5.15997 5.43686 -3
      vertex 5.15997 5.43686 1.51
    endloop
  endfacet
  facet normal 0.751844 0.659341 0
    outer loop
      vertex 5.15997 5.43686 -3
      vertex 5.28934 5.28934 1.51
      vertex 5.28934 5.28934 -3
    endloop
  endfacet
  facet normal -0.89691 -0.442213 0
    outer loop
      vertex 1.91989 3.75001 -3
      vertex 1.9082 3.77372 1.51
      vertex 1.9082 3.77372 -3
    endloop
  endfacet
  facet normal -0.89691 -0.442213 0
    outer loop
      vertex 1.9082 3.77372 1.51
      vertex 1.91989 3.75001 -3
      vertex 1.91989 3.75001 1.51
    endloop
  endfacet
  facet normal -0.831465 -0.555577 0
    outer loop
      vertex 2.10119 3.47868 -3
      vertex 1.91989 3.75001 1.51
      vertex 1.91989 3.75001 -3
    endloop
  endfacet
  facet normal -0.831465 -0.555577 0
    outer loop
      vertex 1.91989 3.75001 1.51
      vertex 2.10119 3.47868 -3
      vertex 2.10119 3.47868 1.51
    endloop
  endfacet
  facet normal -0.997803 0.0662518 0
    outer loop
      vertex 164.737 6.15421 -2.99984
      vertex 164.75 6.35 -3
      vertex 164.737 6.15421 -3
    endloop
  endfacet
  facet normal -0.997803 0.0662518 0
    outer loop
      vertex 164.737 6.15421 0.0214827
      vertex 164.75 6.35 -3
      vertex 164.737 6.15421 -2.99984
    endloop
  endfacet
  facet normal -0.997925 0.0643803 -0.000121798
    outer loop
      vertex 164.75 6.35 -3
      vertex 164.737 6.15421 0.0214827
      vertex 164.743 6.25001 1.5
    endloop
  endfacet
  facet normal -0.998044 0.062508 0
    outer loop
      vertex 164.737 6.15421 1.51
      vertex 164.743 6.25001 1.5
      vertex 164.737 6.15421 0.0214827
    endloop
  endfacet
  facet normal -0.998044 0.062508 0
    outer loop
      vertex 164.743 6.25001 1.5
      vertex 164.737 6.15421 1.51
      vertex 164.743 6.25001 1.51
    endloop
  endfacet
  facet normal -0.997559 0.0698256 -2.34418e-07
    outer loop
      vertex 164.75 6.35 -3
      vertex 164.743 6.25001 1.5
      vertex 164.75 6.35001 -0.0213232
    endloop
  endfacet
  facet normal 0.997884 -0.0650243 0
    outer loop
      vertex 168.331 5.95843 1.51
      vertex 168.35 6.25001 -3
      vertex 168.35 6.25001 1.51
    endloop
  endfacet
  facet normal 0.997884 -0.0650243 0
    outer loop
      vertex 168.35 6.25001 -3
      vertex 168.331 5.95843 1.51
      vertex 168.331 5.95843 -3
    endloop
  endfacet
  facet normal -0.997559 0.0698291 0
    outer loop
      vertex 164.743 6.25001 1.5
      vertex 164.75 6.35001 1.51
      vertex 164.75 6.35001 -0.0213232
    endloop
  endfacet
  facet normal -0.997559 0.0698291 0
    outer loop
      vertex 164.75 6.35001 1.51
      vertex 164.743 6.25001 1.5
      vertex 164.743 6.25001 1.51
    endloop
  endfacet
  facet normal -0.321264 -0.94699 0
    outer loop
      vertex 163.638 70.6989 -0.299184
      vertex 163.824 70.6358 1.51
      vertex 163.638 70.6989 1.51
    endloop
  endfacet
  facet normal -0.321264 -0.94699 -0
    outer loop
      vertex 163.824 70.6358 1.51
      vertex 163.638 70.6989 -0.299184
      vertex 163.824 70.6358 -3
    endloop
  endfacet
  facet normal 0.548656 0.836048 -0
    outer loop
      vertex 166.231 73.4258 -3
      vertex 166.199 73.4468 1.51
      vertex 166.231 73.4258 1.51
    endloop
  endfacet
  facet normal 0.548656 0.836048 0
    outer loop
      vertex 166.199 73.4468 1.51
      vertex 166.231 73.4258 -3
      vertex 166.199 73.4468 -3
    endloop
  endfacet
  facet normal 0.556229 0.831029 -0
    outer loop
      vertex 166.394 73.3167 -3
      vertex 166.231 73.4258 1.51
      vertex 166.394 73.3167 1.51
    endloop
  endfacet
  facet normal 0.556229 0.831029 0
    outer loop
      vertex 166.231 73.4258 1.51
      vertex 166.394 73.3167 -3
      vertex 166.231 73.4258 -3
    endloop
  endfacet
  facet normal -0.321264 -0.94699 0
    outer loop
      vertex 163.824 70.6358 -3
      vertex 163.638 70.6989 -0.299184
      vertex 163.638 70.6989 -3
    endloop
  endfacet
  facet normal 0.65886 0.752266 -0
    outer loop
      vertex 166.661 73.0823 -3
      vertex 166.541 73.1874 1.51
      vertex 166.661 73.0823 1.51
    endloop
  endfacet
  facet normal 0.65886 0.752266 0
    outer loop
      vertex 166.541 73.1874 1.51
      vertex 166.661 73.0823 -3
      vertex 166.541 73.1874 -3
    endloop
  endfacet
  facet normal 0.660455 0.750865 -0
    outer loop
      vertex 166.541 73.1874 -3
      vertex 166.394 73.3167 1.51
      vertex 166.541 73.1874 1.51
    endloop
  endfacet
  facet normal 0.660455 0.750865 0
    outer loop
      vertex 166.394 73.3167 1.51
      vertex 166.541 73.1874 -3
      vertex 166.394 73.3167 -3
    endloop
  endfacet
  facet normal 0.898628 -0.438712 0
    outer loop
      vertex 167.68 3.75001 1.51
      vertex 167.698 3.78688 -3
      vertex 167.698 3.78688 1.51
    endloop
  endfacet
  facet normal 0.898628 -0.438712 0
    outer loop
      vertex 167.698 3.78688 -3
      vertex 167.68 3.75001 1.51
      vertex 167.68 3.75001 -3
    endloop
  endfacet
  facet normal -0.748593 0.66303 0
    outer loop
      vertex 164.419 5.41315 1.5
      vertex 164.44 5.43686 1.51
      vertex 164.44 5.43686 -3
    endloop
  endfacet
  facet normal -0.748593 0.66303 0
    outer loop
      vertex 164.44 5.43686 1.51
      vertex 164.419 5.41315 1.5
      vertex 164.419 5.41315 1.51
    endloop
  endfacet
  facet normal -0.753181 0.657814 -4.88958e-05
    outer loop
      vertex 164.44 5.43686 -3
      vertex 164.311 5.28934 -0.553409
      vertex 164.419 5.41315 1.5
    endloop
  endfacet
  facet normal -0.752779 0.658273 0
    outer loop
      vertex 164.311 5.28934 -0.553409
      vertex 164.44 5.43686 -3
      vertex 164.311 5.28934 -3
    endloop
  endfacet
  facet normal -0.753583 0.657353 0
    outer loop
      vertex 164.311 5.28934 1.51
      vertex 164.419 5.41315 1.5
      vertex 164.311 5.28934 0.896486
    endloop
  endfacet
  facet normal -0.753583 0.657353 0
    outer loop
      vertex 164.311 5.28934 0.896486
      vertex 164.419 5.41315 1.5
      vertex 164.311 5.28934 -0.553409
    endloop
  endfacet
  facet normal -0.753583 0.657353 0
    outer loop
      vertex 164.419 5.41315 1.5
      vertex 164.311 5.28934 1.51
      vertex 164.419 5.41315 1.51
    endloop
  endfacet
  facet normal 0.83189 -0.554941 0
    outer loop
      vertex 167.499 3.47868 1.51
      vertex 167.68 3.75001 -3
      vertex 167.68 3.75001 1.51
    endloop
  endfacet
  facet normal 0.83189 -0.554941 0
    outer loop
      vertex 167.68 3.75001 -3
      vertex 167.499 3.47868 1.51
      vertex 167.499 3.47868 -3
    endloop
  endfacet
  facet normal -0.980779 -0.195121 0
    outer loop
      vertex 1.42039 4.95591 -3
      vertex 1.37475 5.18532 1.51
      vertex 1.37475 5.18532 -3
    endloop
  endfacet
  facet normal -0.980779 -0.195121 0
    outer loop
      vertex 1.37475 5.18532 1.51
      vertex 1.42039 4.95591 -3
      vertex 1.42039 4.95591 1.51
    endloop
  endfacet
  facet normal 0.946931 0.321437 0
    outer loop
      vertex 4.96418 5.77597 1.51
      vertex 4.90111 5.96177 -3
      vertex 4.90111 5.96177 1.51
    endloop
  endfacet
  facet normal 0.946931 0.321437 0
    outer loop
      vertex 4.90111 5.96177 -3
      vertex 4.96418 5.77597 1.51
      vertex 4.96418 5.77597 -3
    endloop
  endfacet
  facet normal -0.946944 -0.321398 0
    outer loop
      vertex 1.46865 4.81372 -3
      vertex 1.42039 4.95591 1.51
      vertex 1.42039 4.95591 -3
    endloop
  endfacet
  facet normal -0.946944 -0.321398 0
    outer loop
      vertex 1.42039 4.95591 1.51
      vertex 1.46865 4.81372 -3
      vertex 1.46865 4.81372 1.51
    endloop
  endfacet
  facet normal 0.750209 0.661201 0
    outer loop
      vertex 167.317 72.3938 1.51
      vertex 167.187 72.5413 -3
      vertex 167.187 72.5413 1.51
    endloop
  endfacet
  facet normal 0.750209 0.661201 0
    outer loop
      vertex 167.187 72.5413 -3
      vertex 167.317 72.3938 1.51
      vertex 167.317 72.3938 -3
    endloop
  endfacet
  facet normal 0.831816 0.555051 0
    outer loop
      vertex 167.499 72.1213 1.51
      vertex 167.426 72.2307 -3
      vertex 167.426 72.2307 1.51
    endloop
  endfacet
  facet normal 0.831816 0.555051 0
    outer loop
      vertex 167.426 72.2307 -3
      vertex 167.499 72.1213 1.51
      vertex 167.499 72.1213 -3
    endloop
  endfacet
  facet normal 0.75189 0.659288 0
    outer loop
      vertex 167.187 72.5413 1.51
      vertex 167.056 72.6907 -3
      vertex 167.056 72.6907 1.51
    endloop
  endfacet
  facet normal 0.75189 0.659288 0
    outer loop
      vertex 167.056 72.6907 -3
      vertex 167.187 72.5413 1.51
      vertex 167.187 72.5413 -3
    endloop
  endfacet
  facet normal 0.831422 0.555641 0
    outer loop
      vertex 167.426 72.2307 1.51
      vertex 167.317 72.3938 -3
      vertex 167.317 72.3938 1.51
    endloop
  endfacet
  facet normal 0.831422 0.555641 0
    outer loop
      vertex 167.317 72.3938 -3
      vertex 167.426 72.2307 1.51
      vertex 167.426 72.2307 -3
    endloop
  endfacet
  facet normal -0.657928 -0.753081 0
    outer loop
      vertex 164.163 70.44 1.51
      vertex 164.311 70.3107 0.896486
      vertex 164.311 70.3107 1.51
    endloop
  endfacet
  facet normal -0.657928 -0.753081 0
    outer loop
      vertex 164.311 70.3107 0.896486
      vertex 164.163 70.44 1.51
      vertex 164.163 70.44 -3
    endloop
  endfacet
  facet normal -0.657928 -0.753081 0
    outer loop
      vertex 164.163 70.44 -3
      vertex 164.311 70.3107 -0.553409
      vertex 164.311 70.3107 0.896486
    endloop
  endfacet
  facet normal -0.657928 -0.753081 -0
    outer loop
      vertex 164.311 70.3107 -0.553409
      vertex 164.163 70.44 -3
      vertex 164.311 70.3107 -3
    endloop
  endfacet
  facet normal -0.945603 -0.325322 -0
    outer loop
      vertex 164.699 69.6382 1.51
      vertex 164.684 69.6818 1.5
      vertex 164.699 69.6382 0.942951
    endloop
  endfacet
  facet normal -0.945603 -0.325322 -0
    outer loop
      vertex 164.699 69.6382 0.942951
      vertex 164.684 69.6818 1.5
      vertex 164.699 69.6382 0.644757
    endloop
  endfacet
  facet normal -0.945603 -0.325322 0
    outer loop
      vertex 164.684 69.6818 1.5
      vertex 164.699 69.6382 1.51
      vertex 164.684 69.6818 1.51
    endloop
  endfacet
  facet normal -0.94704 -0.321117 -0
    outer loop
      vertex 164.699 69.6382 0.644757
      vertex 164.636 69.824 -3
      vertex 164.699 69.6382 -3
    endloop
  endfacet
  facet normal -0.946323 -0.323222 -0.000119699
    outer loop
      vertex 164.636 69.824 -3
      vertex 164.699 69.6382 0.644757
      vertex 164.684 69.6818 1.5
    endloop
  endfacet
  facet normal 0.945444 0.325786 0
    outer loop
      vertex 168.18 70.6441 1.51
      vertex 168.131 70.7863 -3
      vertex 168.131 70.7863 1.51
    endloop
  endfacet
  facet normal 0.945444 0.325786 0
    outer loop
      vertex 168.131 70.7863 -3
      vertex 168.18 70.6441 1.51
      vertex 168.18 70.6441 -3
    endloop
  endfacet
  facet normal -0.947477 -0.319824 0
    outer loop
      vertex 164.684 69.6818 1.5
      vertex 164.636 69.824 1.51
      vertex 164.636 69.824 -3
    endloop
  endfacet
  facet normal -0.947477 -0.319824 0
    outer loop
      vertex 164.636 69.824 1.51
      vertex 164.684 69.6818 1.5
      vertex 164.684 69.6818 1.51
    endloop
  endfacet
  facet normal 0.981298 0.192495 0
    outer loop
      vertex 168.225 70.4147 1.51
      vertex 168.18 70.6441 -3
      vertex 168.18 70.6441 1.51
    endloop
  endfacet
  facet normal 0.981298 0.192495 0
    outer loop
      vertex 168.18 70.6441 -3
      vertex 168.225 70.4147 1.51
      vertex 168.225 70.4147 -3
    endloop
  endfacet
  facet normal 0.945437 -0.325806 0
    outer loop
      vertex 168.131 4.81372 1.51
      vertex 168.18 4.95591 -3
      vertex 168.18 4.95591 1.51
    endloop
  endfacet
  facet normal 0.945437 -0.325806 0
    outer loop
      vertex 168.18 4.95591 -3
      vertex 168.131 4.81372 1.51
      vertex 168.131 4.81372 -3
    endloop
  endfacet
  facet normal -0.947477 0.319824 0
    outer loop
      vertex 164.636 5.77597 1.51
      vertex 164.684 5.91817 1.5
      vertex 164.636 5.77597 -3
    endloop
  endfacet
  facet normal -0.947477 0.319824 0
    outer loop
      vertex 164.684 5.91817 1.5
      vertex 164.636 5.77597 1.51
      vertex 164.684 5.91817 1.51
    endloop
  endfacet
  facet normal 0.981299 -0.192487 0
    outer loop
      vertex 168.18 4.95591 1.51
      vertex 168.225 5.18532 -3
      vertex 168.225 5.18532 1.51
    endloop
  endfacet
  facet normal 0.981299 -0.192487 0
    outer loop
      vertex 168.225 5.18532 -3
      vertex 168.18 4.95591 1.51
      vertex 168.18 4.95591 -3
    endloop
  endfacet
  facet normal -0.945603 0.325322 0
    outer loop
      vertex 164.684 5.91817 1.5
      vertex 164.699 5.96177 0.942951
      vertex 164.699 5.96177 0.644757
    endloop
  endfacet
  facet normal -0.945603 0.325322 0
    outer loop
      vertex 164.684 5.91817 1.5
      vertex 164.699 5.96177 1.51
      vertex 164.699 5.96177 0.942951
    endloop
  endfacet
  facet normal -0.945603 0.325322 0
    outer loop
      vertex 164.699 5.96177 1.51
      vertex 164.684 5.91817 1.5
      vertex 164.684 5.91817 1.51
    endloop
  endfacet
  facet normal -0.94704 0.321117 0
    outer loop
      vertex 164.636 5.77597 -3
      vertex 164.699 5.96177 0.644757
      vertex 164.699 5.96177 -3
    endloop
  endfacet
  facet normal -0.946323 0.323222 -0.000119699
    outer loop
      vertex 164.699 5.96177 0.644757
      vertex 164.636 5.77597 -3
      vertex 164.684 5.91817 1.5
    endloop
  endfacet
  facet normal -0.555674 -0.8314 0
    outer loop
      vertex 3.36935 2.17424 -3
      vertex 3.40086 2.15318 1.51
      vertex 3.36935 2.17424 1.51
    endloop
  endfacet
  facet normal -0.555674 -0.8314 -0
    outer loop
      vertex 3.40086 2.15318 1.51
      vertex 3.36935 2.17424 -3
      vertex 3.40086 2.15318 -3
    endloop
  endfacet
  facet normal 0.321437 0.946931 -0
    outer loop
      vertex 5.96177 4.90111 -3
      vertex 5.77597 4.96418 1.51
      vertex 5.96177 4.90111 1.51
    endloop
  endfacet
  facet normal 0.321437 0.946931 0
    outer loop
      vertex 5.77597 4.96418 1.51
      vertex 5.96177 4.90111 -3
      vertex 5.77597 4.96418 -3
    endloop
  endfacet
  facet normal -0.659341 -0.751844 0
    outer loop
      vertex 3.05869 2.41262 -3
      vertex 3.20621 2.28325 1.51
      vertex 3.05869 2.41262 1.51
    endloop
  endfacet
  facet normal -0.659341 -0.751844 -0
    outer loop
      vertex 3.20621 2.28325 1.51
      vertex 3.05869 2.41262 -3
      vertex 3.20621 2.28325 -3
    endloop
  endfacet
  facet normal -0.555582 -0.831462 0
    outer loop
      vertex 3.20621 2.28325 -3
      vertex 3.36935 2.17424 1.51
      vertex 3.20621 2.28325 1.51
    endloop
  endfacet
  facet normal -0.555582 -0.831462 -0
    outer loop
      vertex 3.36935 2.17424 1.51
      vertex 3.20621 2.28325 -3
      vertex 3.36935 2.17424 -3
    endloop
  endfacet
  facet normal -0.659353 -0.751834 0
    outer loop
      vertex 2.93886 2.51771 -3
      vertex 3.05869 2.41262 1.51
      vertex 2.93886 2.51771 1.51
    endloop
  endfacet
  facet normal -0.659353 -0.751834 -0
    outer loop
      vertex 3.05869 2.41262 1.51
      vertex 2.93886 2.51771 -3
      vertex 3.05869 2.41262 -3
    endloop
  endfacet
  facet normal 1 -0 0
    outer loop
      vertex 4.85 6.35 1.51
      vertex 4.85 69.25 -3
      vertex 4.85 69.25 1.51
    endloop
  endfacet
  facet normal 1 0 0
    outer loop
      vertex 4.85 69.25 -3
      vertex 4.85 6.35 1.51
      vertex 4.85 6.35 -3
    endloop
  endfacet
  facet normal 0.831462 0.555582 0
    outer loop
      vertex 5.15997 5.43686 1.51
      vertex 5.05096 5.6 -3
      vertex 5.05096 5.6 1.51
    endloop
  endfacet
  facet normal 0.831462 0.555582 0
    outer loop
      vertex 5.05096 5.6 -3
      vertex 5.15997 5.43686 1.51
      vertex 5.15997 5.43686 -3
    endloop
  endfacet
  facet normal -0.896866 -0.442303 0
    outer loop
      vertex 1.9082 3.77372 -3
      vertex 1.74729 4.1 1.51
      vertex 1.74729 4.1 -3
    endloop
  endfacet
  facet normal -0.896866 -0.442303 0
    outer loop
      vertex 1.74729 4.1 1.51
      vertex 1.9082 3.77372 -3
      vertex 1.9082 3.77372 1.51
    endloop
  endfacet
  facet normal -0.896876 0.442281 0
    outer loop
      vertex 1.74729 71.5 -3
      vertex 1.9082 71.8263 1.51
      vertex 1.9082 71.8263 -3
    endloop
  endfacet
  facet normal -0.896876 0.442281 0
    outer loop
      vertex 1.9082 71.8263 1.51
      vertex 1.74729 71.5 -3
      vertex 1.74729 71.5 1.51
    endloop
  endfacet
  facet normal 0.831399 -0.555676 0
    outer loop
      vertex 5.05096 70 1.51
      vertex 5.15997 70.1631 -3
      vertex 5.15997 70.1631 1.51
    endloop
  endfacet
  facet normal 0.831399 -0.555676 0
    outer loop
      vertex 5.15997 70.1631 -3
      vertex 5.05096 70 1.51
      vertex 5.05096 70 -3
    endloop
  endfacet
  facet normal -0.659445 0.751753 0
    outer loop
      vertex 2.93886 73.0823 -3
      vertex 2.74096 72.9087 1.51
      vertex 2.93886 73.0823 1.51
    endloop
  endfacet
  facet normal -0.659445 0.751753 0
    outer loop
      vertex 2.74096 72.9087 1.51
      vertex 2.93886 73.0823 -3
      vertex 2.74096 72.9087 -3
    endloop
  endfacet
  facet normal 0.442376 -0.89683 0
    outer loop
      vertex 5.6 70.549 -3
      vertex 5.77597 70.6358 1.51
      vertex 5.6 70.549 1.51
    endloop
  endfacet
  facet normal 0.442376 -0.89683 0
    outer loop
      vertex 5.77597 70.6358 1.51
      vertex 5.6 70.549 -3
      vertex 5.77597 70.6358 -3
    endloop
  endfacet
  facet normal -0.659338 -0.751847 0
    outer loop
      vertex 2.74096 2.69126 -3
      vertex 2.93886 2.51771 1.51
      vertex 2.74096 2.69126 1.51
    endloop
  endfacet
  facet normal -0.659338 -0.751847 -0
    outer loop
      vertex 2.93886 2.51771 1.51
      vertex 2.74096 2.69126 -3
      vertex 2.93886 2.51771 -3
    endloop
  endfacet
  facet normal 0.442294 0.89687 -0
    outer loop
      vertex 5.77597 4.96418 -3
      vertex 5.6 5.05096 1.51
      vertex 5.77597 4.96418 1.51
    endloop
  endfacet
  facet normal 0.442294 0.89687 0
    outer loop
      vertex 5.6 5.05096 1.51
      vertex 5.77597 4.96418 -3
      vertex 5.6 5.05096 -3
    endloop
  endfacet
  facet normal 0.195195 -0.980764 0
    outer loop
      vertex 5.96177 70.6989 -3
      vertex 6.15421 70.7372 1.51
      vertex 5.96177 70.6989 1.51
    endloop
  endfacet
  facet normal 0.195195 -0.980764 0
    outer loop
      vertex 6.15421 70.7372 1.51
      vertex 5.96177 70.6989 -3
      vertex 6.15421 70.7372 -3
    endloop
  endfacet
  facet normal -0.555883 0.831261 0
    outer loop
      vertex 3.50464 73.5162 -3
      vertex 3.40086 73.4468 1.51
      vertex 3.50464 73.5162 1.51
    endloop
  endfacet
  facet normal -0.555883 0.831261 0
    outer loop
      vertex 3.40086 73.4468 1.51
      vertex 3.50464 73.5162 -3
      vertex 3.40086 73.4468 -3
    endloop
  endfacet
  facet normal 0.195097 0.980784 -0
    outer loop
      vertex 6.15421 4.86283 -3
      vertex 5.96177 4.90111 1.51
      vertex 6.15421 4.86283 1.51
    endloop
  endfacet
  facet normal 0.195097 0.980784 0
    outer loop
      vertex 5.96177 4.90111 1.51
      vertex 6.15421 4.86283 -3
      vertex 5.96177 4.90111 -3
    endloop
  endfacet
  facet normal -0.55555 -0.831483 0
    outer loop
      vertex 3.40086 2.15318 -3
      vertex 3.50464 2.08384 1.51
      vertex 3.40086 2.15318 1.51
    endloop
  endfacet
  facet normal -0.55555 -0.831483 -0
    outer loop
      vertex 3.50464 2.08384 1.51
      vertex 3.40086 2.15318 -3
      vertex 3.50464 2.08384 -3
    endloop
  endfacet
  facet normal 0.0653892 0.99786 -0
    outer loop
      vertex 6.35 4.85 -3
      vertex 6.15421 4.86283 1.51
      vertex 6.35 4.85 1.51
    endloop
  endfacet
  facet normal 0.0653892 0.99786 0
    outer loop
      vertex 6.15421 4.86283 1.51
      vertex 6.35 4.85 -3
      vertex 6.15421 4.86283 -3
    endloop
  endfacet
  facet normal 0.0652369 -0.99787 0
    outer loop
      vertex 6.15421 70.7372 -3
      vertex 6.35 70.75 1.51
      vertex 6.15421 70.7372 1.51
    endloop
  endfacet
  facet normal 0.0652369 -0.99787 0
    outer loop
      vertex 6.35 70.75 1.51
      vertex 6.15421 70.7372 -3
      vertex 6.35 70.75 -3
    endloop
  endfacet
  facet normal -0.0653194 0.997864 0
    outer loop
      vertex 163.446 4.86283 -3
      vertex 163.25 4.85 1.51
      vertex 163.446 4.86283 1.51
    endloop
  endfacet
  facet normal -0.0653194 0.997864 0
    outer loop
      vertex 163.25 4.85 1.51
      vertex 163.446 4.86283 -3
      vertex 163.25 4.85 -3
    endloop
  endfacet
  facet normal -0.0651673 -0.997874 0
    outer loop
      vertex 163.25 70.75 -3
      vertex 163.446 70.7372 1.51
      vertex 163.25 70.75 1.51
    endloop
  endfacet
  facet normal -0.0651673 -0.997874 -0
    outer loop
      vertex 163.446 70.7372 1.51
      vertex 163.25 70.75 -3
      vertex 163.446 70.7372 -3
    endloop
  endfacet
  facet normal -0.195527 0.980698 0
    outer loop
      vertex 163.638 4.90111 -0.299184
      vertex 163.446 4.86283 1.51
      vertex 163.638 4.90111 1.51
    endloop
  endfacet
  facet normal -0.195527 0.980698 0
    outer loop
      vertex 163.446 4.86283 -3
      vertex 163.638 4.90111 -0.299184
      vertex 163.638 4.90111 -3
    endloop
  endfacet
  facet normal -0.195527 0.980698 0
    outer loop
      vertex 163.638 4.90111 -0.299184
      vertex 163.446 4.86283 -3
      vertex 163.446 4.86283 1.51
    endloop
  endfacet
  facet normal 0.554737 -0.832026 0
    outer loop
      vertex 166.095 2.08384 -3
      vertex 166.199 2.15318 1.51
      vertex 166.095 2.08384 1.51
    endloop
  endfacet
  facet normal 0.554737 -0.832026 0
    outer loop
      vertex 166.199 2.15318 1.51
      vertex 166.095 2.08384 -3
      vertex 166.199 2.15318 -3
    endloop
  endfacet
  facet normal 0.555069 0.831804 -0
    outer loop
      vertex 166.199 73.4468 -3
      vertex 166.095 73.5162 1.51
      vertex 166.199 73.4468 1.51
    endloop
  endfacet
  facet normal 0.555069 0.831804 0
    outer loop
      vertex 166.095 73.5162 1.51
      vertex 166.199 73.4468 -3
      vertex 166.095 73.5162 -3
    endloop
  endfacet
  facet normal -0.195625 -0.980679 0
    outer loop
      vertex 163.446 70.7372 1.51
      vertex 163.638 70.6989 -0.299184
      vertex 163.638 70.6989 1.51
    endloop
  endfacet
  facet normal -0.195625 -0.980679 0
    outer loop
      vertex 163.446 70.7372 -3
      vertex 163.638 70.6989 -0.299184
      vertex 163.446 70.7372 1.51
    endloop
  endfacet
  facet normal -0.195625 -0.980679 -0
    outer loop
      vertex 163.638 70.6989 -0.299184
      vertex 163.446 70.7372 -3
      vertex 163.638 70.6989 -3
    endloop
  endfacet
  facet normal 0.65915 -0.752012 0
    outer loop
      vertex 166.661 2.51771 -3
      vertex 166.859 2.69126 1.51
      vertex 166.661 2.51771 1.51
    endloop
  endfacet
  facet normal 0.65915 -0.752012 0
    outer loop
      vertex 166.859 2.69126 1.51
      vertex 166.661 2.51771 -3
      vertex 166.859 2.69126 -3
    endloop
  endfacet
  facet normal -0.442233 0.8969 0
    outer loop
      vertex 164 5.05096 -0.481825
      vertex 163.824 4.96418 1.51
      vertex 164 5.05096 1.51
    endloop
  endfacet
  facet normal -0.442233 0.8969 0
    outer loop
      vertex 163.824 4.96418 -3
      vertex 164 5.05096 -0.481825
      vertex 164 5.05096 -3
    endloop
  endfacet
  facet normal -0.442233 0.8969 0
    outer loop
      vertex 164 5.05096 -0.481825
      vertex 163.824 4.96418 -3
      vertex 163.824 4.96418 1.51
    endloop
  endfacet
  facet normal -0.442315 -0.89686 0
    outer loop
      vertex 163.824 70.6358 1.51
      vertex 164 70.549 -0.481825
      vertex 164 70.549 1.51
    endloop
  endfacet
  facet normal -0.442315 -0.89686 0
    outer loop
      vertex 163.824 70.6358 -3
      vertex 164 70.549 -0.481825
      vertex 163.824 70.6358 1.51
    endloop
  endfacet
  facet normal -0.442315 -0.89686 -0
    outer loop
      vertex 164 70.549 -0.481825
      vertex 163.824 70.6358 -3
      vertex 164 70.549 -3
    endloop
  endfacet
  facet normal 0.659257 0.751918 -0
    outer loop
      vertex 166.859 72.9087 -3
      vertex 166.661 73.0823 1.51
      vertex 166.859 72.9087 1.51
    endloop
  endfacet
  facet normal 0.659257 0.751918 0
    outer loop
      vertex 166.661 73.0823 1.51
      vertex 166.859 72.9087 -3
      vertex 166.661 73.0823 -3
    endloop
  endfacet
  facet normal -0.831485 0.555547 0
    outer loop
      vertex 164.44 5.43686 -3
      vertex 164.549 5.6 -0.281773
      vertex 164.549 5.6 -3
    endloop
  endfacet
  facet normal -0.831485 0.555547 0
    outer loop
      vertex 164.44 5.43686 1.51
      vertex 164.549 5.6 -0.281773
      vertex 164.44 5.43686 -3
    endloop
  endfacet
  facet normal -0.831485 0.555547 0
    outer loop
      vertex 164.549 5.6 -0.281773
      vertex 164.44 5.43686 1.51
      vertex 164.549 5.6 1.51
    endloop
  endfacet
  facet normal 0.896206 -0.443638 0
    outer loop
      vertex 167.698 3.78688 1.51
      vertex 167.853 4.1 -3
      vertex 167.853 4.1 1.51
    endloop
  endfacet
  facet normal 0.896206 -0.443638 0
    outer loop
      vertex 167.853 4.1 -3
      vertex 167.698 3.78688 1.51
      vertex 167.698 3.78688 -3
    endloop
  endfacet
  facet normal 0.896195 0.443661 0
    outer loop
      vertex 167.853 71.5 1.51
      vertex 167.698 71.8131 -3
      vertex 167.698 71.8131 1.51
    endloop
  endfacet
  facet normal 0.896195 0.443661 0
    outer loop
      vertex 167.698 71.8131 -3
      vertex 167.853 71.5 1.51
      vertex 167.853 71.5 -3
    endloop
  endfacet
  facet normal -0.831422 -0.555641 -0
    outer loop
      vertex 164.549 70 -0.281773
      vertex 164.44 70.1631 -3
      vertex 164.549 70 -3
    endloop
  endfacet
  facet normal -0.831422 -0.555641 0
    outer loop
      vertex 164.44 70.1631 -3
      vertex 164.549 70 -0.281773
      vertex 164.44 70.1631 1.51
    endloop
  endfacet
  facet normal -0.831422 -0.555641 0
    outer loop
      vertex 164.44 70.1631 1.51
      vertex 164.549 70 -0.281773
      vertex 164.549 70 1.51
    endloop
  endfacet
  facet normal -1 0 0
    outer loop
      vertex 164.75 69.25 -0.0213232
      vertex 164.75 6.35001 -0.0213232
      vertex 164.75 69.25 1.51
    endloop
  endfacet
  facet normal -1 0 0
    outer loop
      vertex 164.75 69.25 -3
      vertex 164.75 6.35001 -0.0213232
      vertex 164.75 69.25 -0.0213232
    endloop
  endfacet
  facet normal -1 0 -0
    outer loop
      vertex 164.75 6.35001 -0.0213232
      vertex 164.75 69.25 -3
      vertex 164.75 6.35 -3
    endloop
  endfacet
  facet normal -1 -0 0
    outer loop
      vertex 164.75 69.25 1.51
      vertex 164.75 6.35001 -0.0213232
      vertex 164.75 6.35001 1.51
    endloop
  endfacet
endsolid OpenSCAD_Model
